{
    "Changes": [
        {
		"Action": "EditData",
		"Target": "Strings/SpecialOrderStrings",
			"Entries": {
				
				

				"Lumisteria.SpecialOrders.WizardMonsterArcaneStudy_Name": "Arcane Study Order",
				"Lumisteria.SpecialOrders.WizardMonsterArcaneStudy_Text": "I seek knowledge about {Monster:LocalizedName}. Anyone able to defeat 10 of them will get a reward.",
				"Lumisteria.SpecialOrders.WizardMonsterArcaneStudy_Objective_0_Text": "Slay 10 {Monster:LocalizedName}.",
				"Lumisteria.SpecialOrders.WizardMonsterArcaneStudy_RE_Monster_0_LocalizedName": "Carbon Ghosts",
				"Lumisteria.SpecialOrders.WizardMonsterArcaneStudy_RE_Monster_1_LocalizedName": "Mommies",
				
				
				"Lumisteria.SpecialOrders.WizardPepperRexStudy_Name": "Pepper Rex Study Order",
				"Lumisteria.SpecialOrders.WizardPepperRexStudy_Text": "I seek knowledge about Pepper Rex. Anyone able to defeat 3 of them will get a reward.",
				"Lumisteria.SpecialOrders.WizardPepperRexStudy_Objective_0_Text": "Slay 3 Pepper Rex.",
				
				

				"Lumisteria.SpecialOrders.WillyMagmaVolcano_Name": "Volcano Investigation Order",
				"Lumisteria.SpecialOrders.WillyMagmaVolcano_Text": "I saw bigger waves and more smoke than usual around the volcano. Can someone investigate and see if they can find a way to bring things back to normal ?",
				"Lumisteria.SpecialOrders.WillyMagmaVolcano_Objective_0_Text": "Slay 25 Magma Sprite and Sparkle.",
				
				
				
											
				}		
          }
    ]
}