{
    "Changes": [
        {
		"Action": "EditData",
		"Target": "Data/Mail",
			"Entries": {
				"Lumisteria.SpecialOrders.HarveyVeggieProgramMail": "@,^Thanks for being a part of my program.^If you have too many veggies, consider making some pickles, they have health benefit too.^^   -Harvey%item bigobject 15 %%[#]Veggie Program Order Thank You",
				"Lumisteria.SpecialOrders.GusHotPeppersMail": "@,^With your help i was able to make different hot sauce for my dishes.^Having the right ingredient is so important for some recipes. Here is a machine you may find useful to make your own products.^^   -Gus%item bigobject 19 %%[#]Hot Peppers Order Thank You",

			},
	  
        },
    ]
}