{
    "Changes": [
        {
		"Action": "EditData",
		"Target": "Strings/SpecialOrderStrings",
			"Entries": {
				
				//Demetrius Foraging
				"Lumisteria.SpecialOrders.DemetriusForageItems_Name": "Foraging Order",
				"Lumisteria.SpecialOrders.DemetriusForageItems_Text": "{Text} Anyone who gather 30 forage items and deliver them to Robin's stockpile will get a reward",
				"Lumisteria.SpecialOrders.DemetriusForageItems_Objective_0_Text": "Gather 30 forage items.",
				"Lumisteria.SpecialOrders.DemetriusForageItems_Objective_1_Text": "Add the forage items to the stockpile in Robin's house",
				"Lumisteria.SpecialOrders.DemetriusForageItems_RE_Text_0": "I'm studying the valley's natural resources.",
				"Lumisteria.SpecialOrders.DemetriusForageItems_RE_Text_1": "I'm in need of some samples for a study i'm conducting.",
				
				//Robin Pine Tar
				"Lumisteria.SpecialOrders.RobinPineTar_Name": "Pine Tar Order",
				"Lumisteria.SpecialOrders.RobinPineTar_Text": "{Text} Anyone who gather 20 Pine Tar and deliver them to Robin's stockpile will get a reward",
				"Lumisteria.SpecialOrders.RobinPineTar_Objective_0_Text": "Gather 20 Pine Tar.",
				"Lumisteria.SpecialOrders.RobinPineTar_Objective_1_Text": "Add the Pine Tar to the stockpile in Robin's house",
				"Lumisteria.SpecialOrders.RobinPineTar_RE_Text_0": "A recent order requires big amount of Pine Tar and my stock isn't enough.",
				"Lumisteria.SpecialOrders.RobinPineTar_RE_Text_1": "I need to refill my stock of Pine Tar quickly.",
				
											
				}		
          }
    ]
}