{
    "Changes": [
        {
		"Action": "EditData",
		"Target": "Strings/SpecialOrderStrings",
			"Entries": {
				
				"Lumisteria.SpecialOrders.EmilyWarmCloth_Name": "Warm Cloth Order",
				"Lumisteria.SpecialOrders.EmilyWarmCloth_Text": "{Text} Anyone who ships 15 bolts of Cloth on time will earn a reward!",
				"Lumisteria.SpecialOrders.EmilyWarmCloth_Objective_0_Text": "Collect 15 bolts of Cloth.",
				"Lumisteria.SpecialOrders.EmilyWarmCloth_Objective_1_Text": "Ship 15 bolts of Cloth.",
				"Lumisteria.SpecialOrders.EmilyWarmCloth_RE_Text_0": "Winter will be especially harsh this year and want to make warm stuff for the villagers.",
				"Lumisteria.SpecialOrders.EmilyWarmCloth_RE_Text_1": "I need some material for a project : making blankets for villagers to stay warm in winter.",
				
				
				
											
				}		
          }
    ]
}