{
  "Changes": [
    {
      "Action": "EditData",
      "Target": "Data/SpecialOrders",
      "Entries": {
        "Lumisteria.SpecialOrders.WizardMonsterArcaneStudy": {
          "Name": "[Lumisteria.SpecialOrders.WizardMonsterArcaneStudy_Name]",
          "Requester": "Wizard",
          "Duration": "Week",
          "Repeatable": "True",
          "RequiredTags": "mail_ClintReward",
          "OrderType": "QF:RsvSpecialOrders",
          "SpecialRule": "",
          "Text": "[Lumisteria.SpecialOrders.WizardMonsterArcaneStudy_Text]",
          "ItemToRemoveOnEnd": null,
          "MailToRemoveOnEnd": null,
          "RandomizedElements": [
            {
              "Name": "Monster",
              "Values": [
                {
                  "RequiredTags": "",
                  "Value": "Target|Carbon Ghost|LocalizedName|[Lumisteria.SpecialOrders.WizardMonsterArcaneStudy_RE_Monster_0_LocalizedName]"
                },
                {
                  "RequiredTags": "",
                  "Value": "Target|Mummy|LocalizedName|[Lumisteria.SpecialOrders.WizardMonsterArcaneStudy_RE_Monster_1_LocalizedName]"
                }
              ]
            }
          ],
          "Objectives": [
            {
              "Type": "Slay",
              "Text": "[Lumisteria.SpecialOrders.WizardMonsterArcaneStudy_Objective_0_Text]",
              "RequiredCount": "10",
              "Data": {
                "TargetName": "{Monster:Target}"
              }
            }
          ],
          "Rewards": [
            {
              "Type": "Money",
              "Data": {
                "Amount": "4000"
              }
            },
            {
              "Type": "Mail",
              "Data": {
                "MailReceived": "Lumisteria.SpecialOrders.WizardMonsterArcaneStudyMail",
                "NoLetter": "false"
              }
            }
          ]
        },
        "Lumisteria.SpecialOrders.WizardPepperRexStudy": {
          "Name": "[Lumisteria.SpecialOrders.WizardPepperRexStudy_Name]",
          "Requester": "Wizard",
          "Duration": "Week",
          "Repeatable": "True",
          "RequiredTags": "mail_ClintReward",
          "OrderType": "QF:RsvSpecialOrders",
          "SpecialRule": "",
          "Text": "[Lumisteria.SpecialOrders.WizardPepperRexStudy_Text]",
          "ItemToRemoveOnEnd": null,
          "MailToRemoveOnEnd": null,
          "RandomizedElements": null,
          "Objectives": [
            {
              "Type": "Slay",
              "Text": "[Lumisteria.SpecialOrders.WizardPepperRexStudy_Objective_0_Text]",
              "RequiredCount": "3",
              "Data": {
                "TargetName": "Pepper Rex"
              }
            }
          ],
          "Rewards": [
            {
              "Type": "Money",
              "Data": {
                "Amount": "4000"
              }
            },
            {
              "Type": "Mail",
              "Data": {
                "MailReceived": "Lumisteria.SpecialOrders.WizardPepperRexStudyMail",
                "NoLetter": "false"
              }
            }
          ]
        }
      },
      "When": {
		"HasFlag": "skullCave"
      }
    },
    {
      "Action": "EditData",
      "Target": "Data/SpecialOrders",
      "Entries": {
        "Lumisteria.SpecialOrders.WillyMagmaVolcano": {
          "Name": "[Lumisteria.SpecialOrders.WillyMagmaVolcano_Name]",
          "Requester": "Willy",
          "Duration": "Week",
          "Repeatable": "True",
          "RequiredTags": "island, mail_ClintReward",
          "OrderType": "QF:RsvSpecialOrders",
          "SpecialRule": "",
          "Text": "[Lumisteria.SpecialOrders.WillyMagmaVolcano_Text]",
          "ItemToRemoveOnEnd": null,
          "MailToRemoveOnEnd": null,
          "RandomizedElements": null,
          "Objectives": [
            {
              "Type": "Slay",
              "Text": "[Lumisteria.SpecialOrders.WillyMagmaVolcano_Objective_0_Text]",
              "RequiredCount": "25",
              "Data": {
                "TargetName": "Magma Sparker,Magma Sprite",
              }
            }
          ],
          "Rewards": [
            {
              "Type": "Money",
              "Data": {
                "Amount": "5500"
              }
            },
            {
              "Type": "Mail",
              "Data": {
                "MailReceived": "Lumisteria.SpecialOrders.WillyMagmaVolcanoMail",
                "NoLetter": "false"
              }
            }
          ]
        }
      }
    }
  ]
}