{
    "Changes": [
        {
		"Action": "EditData",
		"Target": "Data/SpecialOrders",
			"Entries": {
					
				"Lumisteria.SpecialOrders.DemetriusForageItems": {
					"Name": "[Lumisteria.SpecialOrders.DemetriusForageItems_Name]",
					"Requester": "Demetrius",
					"Duration": "Week",
					"Repeatable": "True",
					"RequiredTags": "!dropbox_RobinWood, mail_robinResource",
					"OrderType": "QF:RsvSpecialOrders",
					"SpecialRule": "",
					"Text": "[Lumisteria.SpecialOrders.DemetriusForageItems_Text]",
					"ItemToRemoveOnEnd": null,
					"MailToRemoveOnEnd": null,
					"RandomizedElements": [
					  {
						"Name": "Text",
						"Values": [
						  {
							"RequiredTags": "",
							"Value": "[Lumisteria.SpecialOrders.DemetriusForageItems_RE_Text_0]"
						  },
						  {
							"RequiredTags": "",
							"Value": "[Lumisteria.SpecialOrders.DemetriusForageItems_RE_Text_1]"
						  },
						]
					  }
					],
					"Objectives": [
					  {
						"Type": "Collect",
						"Text": "[Lumisteria.SpecialOrders.DemetriusForageItems_Objective_0_Text]",
						"RequiredCount": "30",
						"Data": {
							"AcceptedContextTags": "forage_item"
						}
					  },
					  {
						"Type": "Donate",
						"Text": "[Lumisteria.SpecialOrders.DemetriusForageItems_Objective_1_Text]",
						"RequiredCount": "30",
						"Data": {
						  "DropBox": "RobinWood",
						  "DropBoxGameLocation": "ScienceHouse",
						  "DropBoxIndicatorLocation": "10.5 18",
						  "MinimumCapacity": "30",
						  "AcceptedContextTags": "forage_item"
						}
					  }
					],
					"Rewards": [
					  {
						"Type": "Money",
						"Data": {
						  "Amount": "3500",
						}
					  },
					  {
						"Type": "Mail",
						"Data": {
						  "MailReceived": "Lumisteria.SpecialOrders.DemetriusForageItemsMail",
						  "NoLetter": "false"
						}
					  }
					]
					},
					
					
				"Lumisteria.SpecialOrders.RobinPineTar": {
					"Name": "[Lumisteria.SpecialOrders.RobinPineTar_Name]",
					"Requester": "Robin",
					"Duration": "TwoWeeks",
					"Repeatable": "True",
					"RequiredTags": "!dropbox_RobinWood, mail_robinResource",
					"OrderType": "QF:RsvSpecialOrders",
					"SpecialRule": "",
					"Text": "[Lumisteria.SpecialOrders.RobinPineTar_Text]",
					"ItemToRemoveOnEnd": null,
					"MailToRemoveOnEnd": null,
					"RandomizedElements": [
					  {
						"Name": "Text",
						"Values": [
						  {
							"RequiredTags": "",
							"Value": "[Lumisteria.SpecialOrders.RobinPineTar_RE_Text_0]"
						  },
						  {
							"RequiredTags": "",
							"Value": "[Lumisteria.SpecialOrders.RobinPineTar_RE_Text_1]"
						  },
						]
					  }
					],
					"Objectives": [
					  {
						"Type": "Collect",
						"Text": "[Lumisteria.SpecialOrders.RobinPineTar_Objective_0_Text]",
						"RequiredCount": "20",
						"Data": {
							"AcceptedContextTags": "item_pine_tar"
						}
					  },
					  {
						"Type": "Donate",
						"Text": "[Lumisteria.SpecialOrders.RobinPineTar_Objective_1_Text]",
						"RequiredCount": "20",
						"Data": {
						  "DropBox": "RobinWood",
						  "DropBoxGameLocation": "ScienceHouse",
						  "DropBoxIndicatorLocation": "10.5 18",
						  "AcceptedContextTags": "item_pine_tar"
						}
					  }
					],
					"Rewards": [
					  {
						"Type": "Money",
						"Data": {
						  "Amount": "2500",
						}
					  },
					  {
						"Type": "Mail",
						"Data": {
						  "MailReceived": "Lumisteria.SpecialOrders.RobinPineTarMail",
						  "NoLetter": "false"
						}
					  }
					]
					},
					
					
				},
	  
          }
    ]
}