{
  "Changes": [
    {
      "Action": "EditData",
      "Target": "Data/SpecialOrders",
      "Entries": {
        "Lumisteria.SpecialOrders.GuntherMinerals": {
          "Name": "[Lumisteria.SpecialOrders.GuntherMinerals_Name]",
          "Requester": "Gunther",
          "Duration": "TwoWeeks",
          "Repeatable": "True",
          "RequiredTags": "!dropbox_GuntherBox, mail_guntherBones",
          "OrderType": "QF:RsvSpecialOrders",
          "SpecialRule": "",
          "Text": "[Lumisteria.SpecialOrders.GuntherMinerals_Text]",
          "ItemToRemoveOnEnd": null,
          "MailToRemoveOnEnd": null,
          "RandomizedElements": [
            {
              "Name": "Text",
              "Values": [
                {
                  "RequiredTags": "",
                  "Value": "[Lumisteria.SpecialOrders.GuntherMinerals_RE_Text_0]"
                },
                {
                  "RequiredTags": "",
                  "Value": "[Lumisteria.SpecialOrders.GuntherMinerals_RE_Text_1]"
                }
              ]
            }
          ],
          "Objectives": [
            {
              "Type": "Collect",
              "Text": "[Lumisteria.SpecialOrders.GuntherMinerals_Objective_0_Text]",
              "RequiredCount": "25",
              "Data": {
                "AcceptedContextTags": "category_minerals/category_gem"
              }
            },
            {
              "Type": "Donate",
              "Text": "[Lumisteria.SpecialOrders.GuntherMinerals_Objective_1_Text]",
              "RequiredCount": "25",
              "Data": {
                "DropBox": "GuntherBox",
                "DropBoxGameLocation": "ArchaeologyHouse",
                "DropBoxIndicatorLocation": "6 8",
                "MinimumCapacity": "27",
                "AcceptedContextTags": "category_minerals/category_gem"
              }
            }
          ],
          "Rewards": [
            {
              "Type": "Money",
              "Data": {
                "Amount": "3600"
              }
            },
            {
              "Type": "Mail",
              "Data": {
                "MailReceived": "Lumisteria.SpecialOrders.GuntherMineralsMail",
                "NoLetter": "false"
              }
            }
          ]
        },
        "Lumisteria.SpecialOrders.GusCookware": {
          "Name": "[Lumisteria.SpecialOrders.GusCookware_Name]",
          "Requester": "Gus",
          "Duration": "Week",
          "Repeatable": "False",
          "RequiredTags": "!season_spring, !season_summer, mail_guntherBones",
          "OrderType": "QF:RsvSpecialOrders",
          "SpecialRule": "",
          "Text": "[Lumisteria.SpecialOrders.GusCookware_Text]",
          "ItemToRemoveOnEnd": null,
          "MailToRemoveOnEnd": null,
          "RandomizedElements": null,
          "Objectives": [
            {
              "Type": "Collect",
              "Text": "[Lumisteria.SpecialOrders.GusCookware_Objective_0_Text]",
              "RequiredCount": "15",
              "Data": {
                "AcceptedContextTags": "item_copper_bar"
              }
            },
            {
              "Type": "Ship",
              "Text": "[Lumisteria.SpecialOrders.GusCookware_Objective_1_Text]",
              "RequiredCount": "15",
              "Data": {
                "AcceptedContextTags": "item_copper_bar"
              }
            },
            {
              "Type": "Collect",
              "Text": "[Lumisteria.SpecialOrders.GusCookware_Objective_2_Text]",
              "RequiredCount": "10",
              "Data": {
                "AcceptedContextTags": "item_iron_bar"
              }
            },
            {
              "Type": "Ship",
              "Text": "[Lumisteria.SpecialOrders.GusCookware_Objective_3_Text]",
              "RequiredCount": "10",
              "Data": {
                "AcceptedContextTags": "item_iron_bar"
              }
            }
          ],
          "Rewards": [
            {
              "Type": "Money",
              "Data": {
                "Amount": "2200"
              }
            },
            {
              "Type": "Mail",
              "Data": {
                "MailReceived": "Lumisteria.SpecialOrders.GusCookwareMail",
                "NoLetter": "false"
              }
            }
          ]
        }
      }
    }
  ]
}