{
    "Changes": [
        {
		"Action": "EditData",
		"Target": "Strings/SpecialOrderStrings",
			"Entries": {
				
				"Lumisteria.SpecialOrders.GuntherMinerals_Name": "Mineral Order",
				"Lumisteria.SpecialOrders.GuntherMinerals_Text": "{Text}. 25 minerals of any kind will do. Please drop them off at the museum counter!   - Gunther",
				"Lumisteria.SpecialOrders.GuntherMinerals_Objective_0_Text": "Gather 25 minerals.",
				"Lumisteria.SpecialOrders.GuntherMinerals_Objective_1_Text": "Place the minerals in the drop box at the museum counter.",
				"Lumisteria.SpecialOrders.GuntherMinerals_RE_Text_0": "One of my colleague wants some specimen to study the minerals the valley can offer.",
				"Lumisteria.SpecialOrders.GuntherMinerals_RE_Text_1": "A scientific project is collecting minerals for experiments.",
							
			
				"Lumisteria.SpecialOrders.GusCookware_Name": "Cookware Material Order",
				"Lumisteria.SpecialOrders.GusCookware_Text": "I need Clint to redo a lot of my cookware set, but he has a shortage of material. Anyone that can supply them will get a reward.    - Gus",
				"Lumisteria.SpecialOrders.GusCookware_Objective_0_Text": "Make 15 Copper Bars.",
				"Lumisteria.SpecialOrders.GusCookware_Objective_1_Text": "Ship 15 Copper Bars",
				"Lumisteria.SpecialOrders.GusCookware_Objective_2_Text": "Make 10 Iron Bars.",
				"Lumisteria.SpecialOrders.GusCookware_Objective_3_Text": "Ship 10 Iron Bars.",
				}		
          }
    ]
}