{
    "Changes": [
        {
		"Action": "EditData",
		"Target": "Strings/SpecialOrderStrings",
			"Entries": {
				
				"Lumisteria.SpecialOrders.EmilyDye_Name": "Dye Order",
				"Lumisteria.SpecialOrders.EmilyDye_Text": "{Text} Anyone who ships 25 {DyeItem:TextPlural} on time will earn a reward!",
				"Lumisteria.SpecialOrders.EmilyDye_Objective_0_Text": "Harvest or gather 25 {DyeItem:TextPlural}.",
				"Lumisteria.SpecialOrders.EmilyDye_Objective_1_Text": "Ship 25 {DyeItem:TextPlural}.",
				"Lumisteria.SpecialOrders.EmilyDye_RE_Text_0": "I need some fresh {DyeItem:TextPlural} to do some custom dyes.",
				"Lumisteria.SpecialOrders.EmilyDye_RE_Text_1": "I want to study how {DyeItem:TextPlural}' colors are behaving on fabric for a future project.",
				
				
				
											
				}		
          }
    ]
}