{
    "Changes": [
        {
		"Action": "EditData",
		"Target": "Data/SpecialOrders",
			"Entries": {
		
		
				"Lumisteria.SpecialOrders.GusSweetDishes": {
					"Name": "[Lumisteria.SpecialOrders.GusSweetDishes_Name]",
					"Requester": "Gus",
					"Duration": "Week",
					"Repeatable": "True",
					"RequiredTags": "mail_gusGiantOmelet",
					"OrderType": "QF:RsvSpecialOrders",
					"SpecialRule": "",
					"Text": "[Lumisteria.SpecialOrders.GusSweetDishes_Text]",
					"ItemToRemoveOnEnd": null,
					"MailToRemoveOnEnd": null,
					"RandomizedElements": [
					  {
						"Name": "Text",
						"Values": [
						  {
							"RequiredTags": "",
							"Value": "[Lumisteria.SpecialOrders.GusSweetDishes_RE_Text_0]"
						  },
						  {
							"RequiredTags": "",
							"Value": "[Lumisteria.SpecialOrders.GusSweetDishes_RE_Text_1]"
						  },
						]
					  }
					],
					"Objectives": [
					  {
						"Type": "Collect",
						"Text": "[Lumisteria.SpecialOrders.GusSweetDishes_Objective_0_Text]",
						"RequiredCount": "10",
						"Data": {
							"AcceptedContextTags": "food_sweet"
						}
					  },
					  {
						"Type": "Gift",
						"Text": "[Lumisteria.SpecialOrders.GusSweetDishes_Objective_1_Text]",
						"RequiredCount": "10",
						"Data": {
							"AcceptedContextTags": "food_sweet",
							"MinimumLikeLevel": "Liked"
						}
					  }
					],
					"Rewards": [
					  {
						"Type": "Money",
						"Data": {
						  "Amount": "1400",
						}
					  },
					  {
						"Type": "Mail",
						"Data": {
						  "MailReceived": "Lumisteria.SpecialOrders.GusSweetDishesMail",
						  "NoLetter": "false"
						}
					  }
					]
					},
					
				//Generic cooking
				
				"Lumisteria.SpecialOrders.GusCooking": {
					"Name": "[Lumisteria.SpecialOrders.GusCooking_Name]",
					"Requester": "Gus",
					"Duration": "Week",
					"Repeatable": "True",
					"RequiredTags": "mail_gusGiantOmelet",
					"OrderType": "QF:RsvSpecialOrders",
					"SpecialRule": "",
					"Text": "[Lumisteria.SpecialOrders.GusCooking_Text]",
					"ItemToRemoveOnEnd": null,
					"MailToRemoveOnEnd": null,
					"RandomizedElements": [
					  {
						"Name": "Text",
						"Values": [
						  {
							"RequiredTags": "",
							"Value": "[Lumisteria.SpecialOrders.GusCooking_RE_Text_0]"
						  },
						  {
							"RequiredTags": "",
							"Value": "[Lumisteria.SpecialOrders.GusCooking_RE_Text_1]"
						  },
						]
					  }
					],
					"Objectives": [
					  {
						"Type": "Collect",
						"Text": "[Lumisteria.SpecialOrders.GusCooking_Objective_0_Text]",
						"RequiredCount": "25",
						"Data": {
							"AcceptedContextTags": "category_cooking"
						}
					  },
					  {
						"Type": "Ship",
						"Text": "[Lumisteria.SpecialOrders.GusCooking_Objective_1_Text]",
						"RequiredCount": "25",
						"Data": {
							"AcceptedContextTags": "category_cooking",
						}
					  }
					],
					"Rewards": [
					  {
						"Type": "Money",
						"Data": {
						  "Amount": "1000",
						}
					  },
					  {
						"Type": "Mail",
						"Data": {
						  "MailReceived": "Lumisteria.SpecialOrders.GusCookingMail",
						  "NoLetter": "false"
						}
					  }
					]
					},
				
				
				//Gus Rare Ingredients
				
				
		
		
				"Lumisteria.SpecialOrders.GusRareIngredients": {
					"Name": "[Lumisteria.SpecialOrders.GusRareIngredients_Name]",
					"Requester": "GusRareIngredients",
					"Duration": "TwoWeeks",
					"Repeatable": "True",
					"RequiredTags": "!dropbox_GusFridge, mail_gusGiantOmelet",
					"OrderType": "QF:RsvSpecialOrders",
					"SpecialRule": "",
					"Text": "[Lumisteria.SpecialOrders.GusRareIngredients_Text]",
					"ItemToRemoveOnEnd": null,
					"MailToRemoveOnEnd": null,
					"RandomizedElements": [
					  {
						"Name": "RareIngredients",
						"Values": [
						  {
							"RequiredTags": "season_spring",
							"Value": "PICK_ITEM Maple Syrup, Leek, Strawberry, Cheese, Crab"
						  },
						  {
							"RequiredTags": "season_summer",
							"Value": "PICK_ITEM Maple Syrup, Fiddlehead Fern, Cheese, Crab"
						  },
						  {
							"RequiredTags": "season_fall",
							"Value": "PICK_ITEM Maple Syrup, Wild Plum, Hazelnut, Cheese, Crab"
						  },
						  {
							"RequiredTags": "season_winter",
							"Value": "PICK_ITEM Maple Syrup, Winter Root, Cheese, Crab"
						  }
						]
					  },
					  {
						"Name": "Text",
						"Values": [
						  {
							"RequiredTags": "",
							"Value": "[Lumisteria.SpecialOrders.GusRareIngredients_RE_Text_0]"
						  },
						  {
							"RequiredTags": "",
							"Value": "[Lumisteria.SpecialOrders.GusRareIngredients_RE_Text_1]"
						  },
						]
					  }
					],
					"Objectives": [
					  {
						"Type": "Collect",
						"Text": "[Lumisteria.SpecialOrders.GusRareIngredients_Objective_0_Text]",
						"RequiredCount": "5",
						"Data": {
							"AcceptedContextTags": "{RareIngredients:Tags}"
						}
					  },
					  {
						"Type": "Donate",
						"Text": "[Lumisteria.SpecialOrders.GusRareIngredients_Objective_1_Text]",
						"RequiredCount": "5",
						"Data": {
							"DropBox": "GusFridge",
							"DropBoxGameLocation": "Saloon",
							"DropBoxIndicatorLocation": "18 15",
							"AcceptedContextTags": "{RareIngredients:Tags}",
						}
					  }
					],
					"Rewards": [
					  {
						"Type": "Money",
						"Data": {
						  "Amount": "{RareIngredients:Price}",
						  "Multiplier": "30"
						}
					  },
					  {
						"Type": "Mail",
						"Data": {
						  "MailReceived": "Lumisteria.SpecialOrders.GusRareIngredientsMail",
						  "NoLetter": "false"
						}
					  }
					]
					},
				
				
				//Lewis Breakfast
		
				"Lumisteria.SpecialOrders.LewisBreakfastDishes": {
					"Name": "[Lumisteria.SpecialOrders.LewisBreakfastDishes_Name]",
					"Requester": "Lewis",
					"Duration": "Week",
					"Repeatable": "True",
					"RequiredTags": "mail_gusGiantOmelet",
					"OrderType": "QF:RsvSpecialOrders",
					"SpecialRule": "",
					"Text": "[Lumisteria.SpecialOrders.LewisBreakfastDishes_Text]",
					"ItemToRemoveOnEnd": null,
					"MailToRemoveOnEnd": null,
					"RandomizedElements": null,
					"Objectives": [
					  {
						"Type": "Collect",
						"Text": "[Lumisteria.SpecialOrders.LewisBreakfastDishes_Objective_0_Text]",
						"RequiredCount": "10",
						"Data": {
							"AcceptedContextTags": "food_breakfast"
						}
					  },
					  {
						"Type": "Ship",
						"Text": "[Lumisteria.SpecialOrders.LewisBreakfastDishes_Objective_1_Text]",
						"RequiredCount": "10",
						"Data": {
							"AcceptedContextTags": "food_breakfast",
						}
					  }
					],
					"Rewards": [
					  {
						"Type": "Money",
						"Data": {
						  "Amount": "1200",
						}
					  },
					  {
						"Type": "Mail",
						"Data": {
						  "MailReceived": "Lumisteria.SpecialOrders.LewisBreakfastDishesMail",
						  "NoLetter": "false"
						}
					  }
					]
					},
					
					
				//Evelyn Soups
		
				"Lumisteria.SpecialOrders.EvelynSoupDishes": {
					"Name": "[Lumisteria.SpecialOrders.EvelynSoupDishes_Name]",
					"Requester": "Lewis",
					"Duration": "Week",
					"Repeatable": "True",
					"RequiredTags": "mail_gusGiantOmelet, season_winter",
					"OrderType": "QF:RsvSpecialOrders",
					"SpecialRule": "",
					"Text": "[Lumisteria.SpecialOrders.EvelynSoupDishes_Text]",
					"ItemToRemoveOnEnd": null,
					"MailToRemoveOnEnd": null,
					"RandomizedElements": null,
					"Objectives": [
					  {
						"Type": "Collect",
						"Text": "[Lumisteria.SpecialOrders.EvelynSoupDishes_Objective_0_Text]",
						"RequiredCount": "10",
						"Data": {
							"AcceptedContextTags": "food_soup"
						}
					  },
					  {
						"Type": "Ship",
						"Text": "[Lumisteria.SpecialOrders.EvelynSoupDishes_Objective_1_Text]",
						"RequiredCount": "10",
						"Data": {
							"AcceptedContextTags": "food_soup",
						}
					  }
					],
					"Rewards": [
					  {
						"Type": "Money",
						"Data": {
						  "Amount": "800",
						}
					  },
					  {
						"Type": "Mail",
						"Data": {
						  "MailReceived": "Lumisteria.SpecialOrders.EvelynSoupDishesMail",
						  "NoLetter": "false"
						}
					  }
					]
					},
				
					
				
					
				},
	  
          }
    ]
}