{
    "Changes": [
        {
		"Action": "EditData",
		"Target": "Data/Mail",
			"Entries": {
				"Lumisteria.SpecialOrders.GuntherMineralsMail": "@,^You collected interesting specimens that will help the research.^To encourage people interest in mineral, they are offering you this machine.^^   -Gunther%item bigobject 21 %%[#]Minerals Order Thank You",

				"Lumisteria.SpecialOrders.GusCookwareMail": "@,^This new cookware is great, I was in big need of it. My jams and my candy canes aren't the same without copper, you see ? There is nothing better to have the perfect heat distribution.^ Here are some Miner's Treat so you can see yourself !^^   -Gus%item object 243 5 %%[#]Cookware Material Order Thank You",

			},
	  
        },
    ]
}