{
"Changes": [
	
	{
		"LogName": "AdventureGuild Events",
		"Action": "EditData",
		"Target": "Data/Events/AdventureGuild",
		"Entries": {
		//Freddie at the Adventure Guild (Freddie 4 hearts)
			"75160075/f Freddie 1000/t 1200 1700/e 75160074/w sunny": "MarlonsTheme/6 13/farmer 9 14 0 Freddie 9 12 1/skippable/pause 500/emote Freddie 56/pause 500/speak Freddie \"{{i18n:event-75160075.01}}\"/emote farmer 8/pause 500/faceDirection Freddie 2/emote Freddie 56/pause 500/speak Freddie \"{{i18n:event-75160075.02}}\"/emote farmer 8/pause 500/faceDirection Freddie 1/pause 1000/faceDirection Freddie 2/speak Freddie \"{{i18n:event-75160075.03}}\"/emote farmer 32/pause 1000/globalFade/viewport -1000 -1000/pause 500/changeToTemporaryMap Mountain false/warp farmer 69 13/faceDirection farmer 2/warp Freddie 70 14 2/stopMusic/playMusic summer_day_ambient/faceDirection Freddie 2/fade/viewport 70 14/pause 200/move farmer 0 1 2/emote Freddie 56/pause 500/speak Freddie \"{{i18n:event-75160075.04}}\"/emote farmer 56/pause 500/speak Freddie \"{{i18n:event-75160075.05}}\"/emote farmer 8/pause 500/message \"{{i18n:event-75160075.06}}\"/speak Freddie \"{{i18n:event-75160075.07}}\"/playSound pickUpItem/pause 500/addObject 71 17 391/pause 300/playSound dropItemInWater/removeObject 71 17/addObject 72 20 391/pause 300/playSound dropItemInWater/removeObject 72 20/addObject 73 23 391/pause 300/playSound dropItemInWater/removeObject 73 23/addObject 74 26 391/pause 300/playSound dropItemInWater/removeObject 74 26/addObject 75 29 391/pause 300/playSound dropItemInWater/removeObject 75 29/addObject 76 32 391/pause 300/playSound dropItemInWater/removeObject 76 32/emote farmer 16/pause 500/speak Freddie \"{{i18n:event-75160075.08}}\"/emote farmer 8/pause 500/speak Freddie \"{{i18n:event-75160075.09}}\"/emote farmer 56/pause 500/speak Freddie \"{{i18n:event-75160075.10}}\"/pause 1500/end dialogue Freddie \"{{i18n:event-75160075.11}}\""
		},
	},


	
]
}
