{
"Changes": [
	
	{
		"LogName": "ArchaeologyHouse Events",
		"Action": "EditData",
		"Target": "Data/Events/ArchaeologyHouse",
		"Entries": {
		//Flor plans a research (Flor 6 hearts)
//			"75160130/f Flor 1500/t 1200 1400/e 75160129": "playful/16 10/farmer 16 12 0 Flor 16 10 1/skippable/showFrame Flor 16/emote farmer 56/pause 2000/emote farmer 28/pause 1000/emote Flor 8/pause 500/speak Flor \"{{i18n:event-75160130.01}}\"/showFrame Flor 39/emote Flor 56/pause 500/speak Flor \"{{i18n:event-75160130.02}}\"/emote farmer 8/pause 500/speak Flor \"{{i18n:event-75160130.03}}\"/showFrame Flor 16/speak Flor \"{{i18n:event-75160130.04}}\"/emote farmer 8/pause 500/speak Flor \"{{i18n:event-75160130.05}}\"/emote farmer 56/move farmer 0 -1 1/speak Flor \"{{i18n:event-75160130.06}}\"/emote farmer 28/pause 500/message \"{{i18n:event-75160130.07}}\"/speak Flor \"{{i18n:event-75160130.08}}\"/emote farmer 56/faceDirection farmer 0/speak Flor \"{{i18n:event-75160130.09}}\"/faceDirection Flor 2/playMusic cm:FlorTheme/emote Flor 16/pause 500/message \"{{i18n:event-75160130.10}}\"/speak Flor \"{{i18n:event-75160130.11}}\"/faceDirection Flor 0/faceDirection farmer 2/emote farmer 60 true/emote Flor 60/pause 2000/speak Flor \"{{i18n:event-75160130.12}}\"/faceDirection farmer 0/emote farmer 32/pause 500/speak Flor \"{{i18n:event-75160130.13}}\"/message \"{{i18n:event-75160130.14}}\"/emote farmer 8/pause 2000/faceDirection Flor 2/speak Flor \"{{i18n:event-75160130.15}}\"/emote farmer 56/pause 500/faceDirection Flor 0/emote Flor 60/emote farmer 8/pause 500/speak Flor \"{{i18n:event-75160130.16}}\"/emote farmer 8/pause 1000/end dialogue Flor \"{{i18n:event-75160130.17}}\"",
			"75160130/f Flor 1500/t 1200 1700/e 75160129": "playful/16 10/farmer 16 12 0 Flor 16 10 1/skippable/showFrame Flor 16/emote farmer 56/pause 2000/emote farmer 28/pause 1000/emote Flor 8/pause 500/speak Flor \"{{i18n:event-75160130.01}}\"/showFrame Flor 39/emote Flor 56/pause 500/speak Flor \"{{i18n:event-75160130.02}}\"/emote farmer 8/pause 500/speak Flor \"{{i18n:event-75160130.03}}\"/showFrame Flor 16/speak Flor \"{{i18n:event-75160130.04}}\"/emote farmer 8/pause 500/speak Flor \"{{i18n:event-75160130.05}}\"/emote farmer 56/move farmer 0 -1 1/speak Flor \"{{i18n:event-75160130.06}}\"/emote farmer 28/pause 500/speak Flor \"{{i18n:event-75160130.07}}\"/message \"{{i18n:event-75160130.08}}\"/speak Flor \"{{i18n:event-75160130.09}}\"/emote farmer 56/faceDirection farmer 0/speak Flor \"{{i18n:event-75160130.10}}\"/faceDirection Flor 2/playMusic cm:FlorTheme/emote Flor 16/pause 500/message \"{{i18n:event-75160130.11}}\"/speak Flor \"{{i18n:event-75160130.12}}\"/faceDirection Flor 0/faceDirection farmer 2/emote farmer 60 true/emote Flor 60/pause 2000/speak Flor \"{{i18n:event-75160130.13}}\"/faceDirection farmer 0/emote farmer 32/pause 500/speak Flor \"{{i18n:event-75160130.14}}\"/message \"{{i18n:event-75160130.15}}\"/emote farmer 8/pause 2000/faceDirection Flor 2/speak Flor \"{{i18n:event-75160130.16}}\"/emote farmer 56/pause 500/faceDirection Flor 0/emote Flor 60/emote farmer 8/pause 500/message \"{{i18n:event-75160130.17}}\"/speak Flor \"{{i18n:event-75160130.18}}\"/emote farmer 8/pause 1000/end dialogue Flor \"{{i18n:event-75160130.19}}\"",
		},
	},


	
]
}
