{
"Changes": [
	
	{
		"LogName": "Beach Events",
		"Action": "EditData",
		"Target": "Data/Events/Beach",
		"Entries": {
		//Shiro visits beach (Shiro 4 hearts)
			"75160169/f Shiro 1000/t 900 1400/e 75160168/w sunny": "ocean/19 24/farmer 24 23 3 Shiro 19 24 2/skippable/pause 500/emote farmer 8/pause 1000/faceDirection Shiro 1/speak Shiro \"{{i18n:event-75160169.01}}\"/emote farmer 32/speak Shiro \"{{i18n:event-75160169.02}}\"/faceDirection Shiro 2/move farmer -4 0 2/move farmer 0 1 2/emote farmer 8/emote Shiro 56/speak Shiro \"{{i18n:event-75160169.03}}\"/emote farmer 8/faceDirection farmer 3/speak Shiro \"{{i18n:event-75160169.04}}\"/emote farmer 40/faceDirection Shiro 1/speak Shiro \"{{i18n:event-75160169.05}}\"/emote farmer 16/faceDirection Shiro 2/emote Shiro 40/pause 500/speak Shiro \"{{i18n:event-75160169.06}}\"/emote farmer 40/faceDirection farmer 2/speak Shiro \"{{i18n:event-75160169.07}}\"/emote Shiro 40/speak Shiro \"{{i18n:event-75160169.08}}\"/emote farmer 32/pause 4000/speak Shiro \"{{i18n:event-75160169.09}}\"/globalFade/viewport -1000 -1000/message \"{{i18n:event-75160169.10}}\"/end dialogue Shiro \"{{i18n:event-75160169.11}}\""
		},
	},


	
]
}
