{
"Changes": [
	
	{
		"LogName": "BusStop Events",
		"Action": "EditData",
		"Target": "Data/Events/BusStop",
		"Entries": {
		//Kiwi asks farmer about junimos (Kiwi 4 hearts)
			"75160178/f Kiwi 1000/e 75160177/w sunny": "none/14 23/farmer 9 23 0 Kiwi -100 -100 0/skippable/pause 200/move farmer 4 0 1/speak Kiwi \"{{i18n:event-75160178.01}}\"/playSound shadowpeep/warp Kiwi 14 23/animate Kiwi false false 100 20 21 22 23 24 25 26 27 17 16/showFrame Kiwi 2/emote farmer 16/pause 500/faceDirection Kiwi 3/speak Kiwi \"{{i18n:event-75160178.02}}\"/emote farmer 8/pause 500/speak Kiwi \"{{i18n:event-75160178.03}}\"/emote farmer 8/pause 500/speak Kiwi \"{{i18n:event-75160178.04}}\"/emote farmer 16/pause 500/emote farmer 40/pause 500/question null \"{{i18n:event-75160178.05}}#{{i18n:event-75160178.06}}#{{i18n:event-75160178.07}}#{{i18n:event-75160178.08}}#\"/emote Kiwi 40/pause 500/speak Kiwi \"{{i18n:event-75160178.09}}\"/move Kiwi 1 0 1/speak Kiwi \"{{i18n:event-75160178.10}}\"/emote farmer 56/pause 500/animate Kiwi false false 100 16 17 18 19/pause 400/warp Kiwi -100 -100/playSound shadowpeep/emote farmer 16/pause 1000/end dialogue Kiwi \"{{i18n:event-75160178.11}}\"",

		//Trinnie and other kids visit farmer (Trinnie 6 hearts)
			"75160108/f Trinnie 1500/t 800 1000/e 75160107/w sunny": "playful/4 23/farmer 2 23 1 Trinnie 5 23 3 Keahi 3 25 0 Vincent 4 22 2 Jas 5 24 3/skippable/pause 500/emote farmer 16/pause 500/emote Trinnie 56 true/emote Vincent 32 true/emote Jas 60/jump Keahi/pause 500/speak Trinnie \"{{i18n:event-75160108.01}}\"/speak Keahi \"{{i18n:event-75160108.02}}\"/speak Vincent \"{{i18n:event-75160108.03}}\"/speak Jas \"{{i18n:event-75160108.04}}\"/emote farmer 8/pause 500/speak Trinnie \"{{i18n:event-75160108.05}}\"/speak Vincent \"{{i18n:event-75160108.06}}\"/speak Keahi \"{{i18n:event-75160108.07}}\"/speak Jas \"{{i18n:event-75160108.08}}\"/emote Keahi 28/pause 500/emote farmer 28/pause 500/speak Trinnie \"{{i18n:event-75160108.09}}\"/speak Keahi \"{{i18n:event-75160108.10}}\"/speak Jas \"{{i18n:event-75160108.11}}\"/speak Vincent \"{{i18n:event-75160108.12}}\"/faceDirection Trinnie 0/faceDirection Jas 0/emote Vincent 28/pause 500/speak Trinnie \"{{i18n:event-75160108.13}}\"/speak Jas \"{{i18n:event-75160108.14}}\"/speak Keahi \"{{i18n:event-75160108.15}}\"/emote farmer 28/pause 1000/end",
		
		//Yuuma looks at kids playing (Yumuma 4 hearts)
			"75160111/f Yuuma 1000/w sunny/e 75160110/t 1000 1200": "summer_day_ambient/15 21/farmer 11 23 1 Yuuma 15 22 0 Jas 17 15 3 Trinnie 15 15 1 Vincent 16 14 0 Keahi 18 16 0/skippable/advancedMove Vincent true 2 0 0 2 -2 0 0 -2/advancedMove Keahi true -2 0 0 -2 2 0 0 2/pause 500/emote farmer 8/pause 500/move farmer 2 0 1/emote Yuuma 40/pause 500/faceDirection Yuuma 3/emote Yuuma 16/pause 500/move Yuuma 0 1 3/speak Yuuma \"{{i18n:event-75160111.01}}\"/emote farmer 8/pause 500/faceDirection farmer 0/emote Yuuma 40/pause 500/faceDirection Yuuma 0/speak Yuuma \"{{i18n:event-75160111.02}}\"/faceDirection Yuuma 1/speak Yuuma \"{{i18n:event-75160111.03}}\"/faceDirection farmer 1/emote farmer 16/speed Yuuma 3/move Yuuma 10 0 1 true/pause 1500/end",
				
		//Ian carts (Ian 2 hearts)
			"75160146/f Ian 500/w sunny/t 800 1200": "playful/14 22/farmer 10 23 1 Ian 13 16 2/skippable/addTemporaryActor RSVCart1 16 32 13 17 2 false/addTemporaryActor RSVCart2 16 32 14 17 2 false/pause 500/emote farmer 8/move Ian 0 5 2 true/move RSVCart1 0 5 2 true/pause 2000/speak Ian \"{{i18n:event-75160146.01}}\"/faceDirection farmer 0/move Ian 0 -5 1/move Ian 1 0 2/move Ian 0 5 2 true/move RSVCart2 0 5 2 true/pause 2000/speak Ian \"{{i18n:event-75160146.02}}\"/emote Ian 28/move farmer 2 0 1/emote farmer 8/speak Ian \"{{i18n:event-75160146.03}}\"/move farmer 2 0 0/emote farmer 8/speak Ian \"{{i18n:event-75160146.04}}\"/emote farmer 40/speak Ian \"$q 75160146 null \"#{{i18n:event-75160146.05}}#$r 75160146 0 ian1_1#{{i18n:event-75160146.06}}#$r 75160146 0 ian1_2#{{i18n:event-75160146.07}}\"/fork IanSolo/emote farmer 32/emote Ian 28/speak Ian \"{{i18n:event-75160146.08}}\"/emote farmer 56/speak Ian \"{{i18n:event-75160146.09}}\"/move farmer 1 0 0/move Ian -1 0 2/move farmer 0 -2 3/move farmer -1 0 2/emote Ian 56/speak Ian \"{{i18n:event-75160146.10}}\"/advancedMove RSVCart1 false 0 1 11 0/advancedMove Ian false 0 2 11 0/pause 2000/advancedMove RSVCart2 false 0 1 10 0/advancedMove farmer false 0 2 10 0/pause 4000/globalFade/viewport -1000 -1000/message \"{{i18n:event-75160146.11}}\"/speak Ian \"{{i18n:event-75160146.12}}\"/end dialogue Ian \"{{i18n:event-75160146.13}}\"",
			"IanSolo": "pause 500/end dialogue Ian \"{{i18n:event-75160146.IanSolo.01}}\"",
		
		//Philip with flowers (Philip 10 hearts)
			"75160167/e 75160166/f Philip 2500/D Philip/w sunny/t 1600 1800": "cm:PhilipTheme/7 21/farmer 8 23 3 Philip 5 22 2/skippable/showFrame Philip 23/addObject 6 22 458/pause 500/emote farmer 8/move farmer -3 0 0/emote farmer 28/emote Philip 8/faceDirection Philip 2/jump Philip/emote Philip 60/speak Philip \"{{i18n:event-75160167.01}}\"/faceDirection Philip 1/playSound pickUpItem/removeObject 6 22/pause 500/faceDirection Philip 2/speak Philip \"{{i18n:event-75160167.02}}\"/emote farmer 20/move farmer 1 0 3/move Philip 0 1 1/speak Philip \"{{i18n:event-75160167.03}}\"/emote farmer 28/emote farmer 20/emote Philip 28/speak Philip \"{{i18n:event-75160167.04}}\"/emote farmer 20/showFrame Philip 42/positionOffset Philip 10 0/positionOffset farmer -4 0/animate farmer true true 100 101/pause 2000/globalFade/viewport -1000 -1000/speak Philip \"{{i18n:event-75160167.05}}\"/pause 1000/end dialogue Philip \"{{i18n:event-75160167.06}}\"",
		
		//Cable Car is introduced
			"75160186": "CloudCountry/14 21/farmer 7 23 1 Lewis 15 21 0 Lenny 15 19 2/animate Lenny false true 300 17 18/skippable/pause 1000/move farmer 4 0 1/emote farmer 8/emote Lewis 12/stopAnimation Lenny 16/emote Lenny 56/pause 500/speak Lewis \"{{i18n:event-75160186.01}}\"/faceDirection Lenny 2/speak Lenny \"{{i18n:event-75160186.02}}\"/speak Lewis \"{{i18n:event-75160186.03}}\"/emote Lenny 28/speak Lenny \"{{i18n:event-75160186.04}}\"/speak Lewis \"{{i18n:event-75160186.05}}\"/advancedMove Lenny false 0 -5 12 0 0 -20/pause 1000/move Lewis 0 2 2/emote Lewis 8/pause 500/faceDirection Lewis 3/emote Lewis 16/speak Lewis \"{{i18n:event-75160186.06}}\"/emote farmer 56/move farmer 2 0 1/emote farmer 8/speak Lewis \"{{i18n:event-75160186.07}}\"/emote farmer 8/speak Lewis \"{{i18n:event-75160186.08}}\"/emote Lewis 28/speak Lewis \"{{i18n:event-75160186.09}}\"/emote farmer 32/speak Lewis \"{{i18n:event-75160186.10}}\"/emote farmer 56/move Lewis 20 0 1 true/pause 1000/faceDirection farmer 0/emote farmer 32/pause 1000/globalFade/viewport -1000 -1000/pause 500/message \"{{i18n:event-75160186.11}}\"/pause 500/end",
		},
	},

        {
                //Event dialogue Ian 2 hearts
                "Action": "EditData",
                "Target": "Characters/Dialogue/Ian",
                "Entries": {
                        "ian1_1": "{{i18n:event-75160146.Fork1}}",
                        "ian1_2": "{{i18n:event-75160146.Fork2}}",
                }
        },
	
]
}
