{
"Changes": [
	
	{
		"LogName": "AguarLab Events",
		"Action": "EditData",
		"Target": "Data/Events/Custom_Ridgeside_AguarLab",
		"Entries": {
		//Aguar and Rasmodius talk (Aguar 4 hearts)
			"75160062/f Aguar 1000/t 1200 1800/e 75160061": "WizardSong/10 8/farmer -1000 -1000 0 Aguar 4 8 0 Wizard 8 8 3/skippable/pause 1000/move Aguar -1 0 0/pause 1000/move Aguar 1 0 0/pause 1000/speak Wizard \"{{i18n:event-75160062.01}}\"/speak Aguar \"{{i18n:event-75160062.02}}\"/speak Wizard \"{{i18n:event-75160062.03}}\"/move Aguar 0 1 1/move Aguar 2 0 1/faceDirection Wizard 2/pause 1000/speak Aguar \"{{i18n:event-75160062.04}}\"/speak Wizard \"{{i18n:event-75160062.05}}\"/speak Aguar \"{{i18n:event-75160062.06}}\"/playSound doorClose/warp farmer 6 13/move farmer 0 -1 0/faceDirection Aguar 2/emote Aguar 8/emote Wizard 8/pause 500/emote farmer 16/pause 500/speak Aguar \"{{i18n:event-75160062.07}}\"/speak Wizard \"{{i18n:event-75160062.08}}\"/emote farmer 28/pause 500/faceDirection Aguar 1/speak Wizard \"{{i18n:event-75160062.09}}\"/speak Aguar \"{{i18n:event-75160062.10}}\"/emote farmer 28/pause 500/speak Wizard \"{{i18n:event-75160062.11}}\"/speak Aguar \"{{i18n:event-75160062.12}}\"/emote Wizard 28/move farmer 0 -1 0/move farmer 2 0 0/speak Aguar \"{{i18n:event-75160062.13}}\"/move Aguar -1 0 0/move Aguar 0 -1 0/speak Wizard \"{{i18n:event-75160062.14}}\"/emote farmer 8/move Aguar 0 1 1/move Aguar 1 0 1/emote Aguar 12/pause 500/speak Aguar \"{{i18n:event-75160062.15}}\"/emote farmer 8/pause 500/speak Wizard \"{{i18n:event-75160062.16}}\"/emote farmer 32/pause 500/speak Wizard \"{{i18n:event-75160062.17}}\"/emote Aguar 12/pause 500/speak Aguar \"{{i18n:event-75160062.18}}\"/emote farmer 16/pause 500/speak Aguar \"{{i18n:event-75160062.19}}\"/emote farmer 40/pause 500/speak Wizard \"{{i18n:event-75160062.20}}\"/speak Aguar \"{{i18n:event-75160062.21}}\"/emote farmer 28/pause 500/speak Wizard \"{{i18n:event-75160062.22}}\"/speak Aguar \"{{i18n:event-75160062.23}}\"/faceDirection Aguar 2/emote Aguar 40/pause 500/speak Aguar \"{{i18n:event-75160062.24}}\"/emote farmer 56/pause 500/speak Aguar \"{{i18n:event-75160062.25}}\"/faceDirection Aguar 1/emote farmer 56/pause 500/textAboveHead Wizard \"{{i18n:event-75160062.26}}\"/pause 800/textAboveHead Aguar \"{{i18n:event-75160062.27}}\"/fade/viewport -1000 -1000/pause 1500/message \"{{i18n:event-75160062.28}}\"/end dialogueWarpOut Aguar \"{{i18n:event-75160062.29}}\"",
		
		//Aguar and Farmer find cave (Aguar 6 hearts)
			"75160063/f Aguar 1500/t 900 1400/e 75160062": "WizardSong/19 6/farmer 16 11 0 Aguar 22 6 0/skippable/pause 1000/emote Aguar 40/move farmer 0 -5 1/emote farmer 8/pause 500/animate Aguar false true 100 20 20 21 21 22 22 23 23/pause 2000/speak Aguar \"{{i18n:event-75160063.01}}\"/move farmer 3 0 1/stopAnimation Aguar 0/faceDirection Aguar 3/emote Aguar 16/pause 500/speak Aguar \"{{i18n:event-75160063.02}}\"/emote farmer 32/pause 500/speak Aguar \"{{i18n:event-75160063.03}}\"/emote farmer 8/move farmer -3 0 2 true/move Aguar -3 0 2 true/pause 2000/globalFade/viewport -1000 -1000/changeToTemporaryMap Custom_Ridgeside_RidgesideVillage false/warp farmer 64 108/warp Aguar 65 108/faceDirection farmer 0/faceDirection Aguar 0/playMusic summer_day_ambient/fade/viewport 63 107/move farmer 0 -1 0/move Aguar 0 -2 3/pause 500/emote farmer 8/pause 500/emote Aguar 40/pause 500/speak Aguar \"{{i18n:event-75160063.04}}\"/faceDirection Aguar 2/pause 500/speak Aguar \"{{i18n:event-75160063.05}}\"/emote farmer 32/pause 500/positionOffset farmer 0 -20/pause 1000/emote Aguar 40/pause 500/speak Aguar \"{{i18n:event-75160063.06}}\"/showFrame Aguar 16/pause 1000/playSound wand/playSound batFlap/glow 0 0 255 true/pause 1500/playSound hammer/pause 500/playSound hammer/pause 500/playSound hammer/emote farmer 16/pause 500/stopGlowing/pause 1000/faceDirection Aguar 3/emote Aguar 40/emote farmer 40/pause 1000/playSound boulderCrack/emote farmer 16/emote Aguar 16/pause 200/globalFade/viewport -1000 -1000/pause 200/message \"{{i18n:event-75160063.07}}\"/pause 500/playSound ow/pause 1000/speak Aguar \"{{i18n:event-75160063.08}}\"/pause 1000/stopMusic/playMusic Cavern/changeToTemporaryMap Custom_Ridgeside_AguarCave false/warp farmer 12 26/warp Aguar 14 26/faceDirection farmer 2/faceDirection Aguar 3/showFrame farmer 5/fade/viewport 10 20/pause 1000/speak Aguar \"{{i18n:event-75160063.09}}\"/emote farmer 8/faceDirection farmer 0/pause 500/move farmer -3 0 0 true/move Aguar -3 0 0 true/pause 3000/emote Aguar 56/pause 500/speak Aguar \"{{i18n:event-75160063.10}}\"/move Aguar -1 0 0/move Aguar 0 -2 0/pause 500/emote Aguar 40/pause 500/speak Aguar \"{{i18n:event-75160063.11}}\"/emote farmer 16/pause 500/faceDirection Aguar 2/pause 500/speak Aguar \"{{i18n:event-75160063.12}}\"/emote farmer 28/pause 1000/speak Aguar \"{{i18n:event-75160063.13}}\"/move Aguar 0 2 3/faceDirection farmer 1/speak Aguar \"{{i18n:event-75160063.14}}\"/emote farmer 56/pause 500/move Aguar 3 0 2 true/move farmer 2 0 2 true/pause 2000/globalFade/viewport -1000 -1000/pause 500/message \"{{i18n:event-75160063.15}}\"/pause 1000/end dialogueWarpOut Aguar \"{{i18n:event-75160063.16}}\"",
							
		//Maddie at lab (Maddie 2 hearts)
			"75160134/f Maddie 500/t 900 1200": "playful/21 9 /farmer 18 7 2 Maddie 22 9 0/skippable/pause 200/move farmer 0 2 1/move Maddie 1 0 0/emote farmer 8/emote Maddie 12/speak Maddie \"{{i18n:event-75160134.01}}\"/emote farmer 8/emote Maddie 8/pause 500/faceDirection Maddie 3/speak Maddie \"{{i18n:event-75160134.02}}\"/emote farmer 32/pause 500/speak Maddie \"{{i18n:event-75160134.03}}\"/emote farmer 28/move Maddie -2 0 3/move Maddie 0 1 3/move Maddie -2 0 0/faceDirection farmer 2/message \"{{i18n:event-75160134.04}}\"/emote farmer 8/pause 500/speak Maddie \"{{i18n:event-75160134.05}}\"/emote farmer 28/pause 500/faceDirection farmer 1/move Maddie 0 -1 0/speak Maddie \"{{i18n:event-75160134.06}}\"/emote farmer 28/pause 500/message \"{{i18n:event-75160134.07}}\"/speak Maddie \"$q 75160134 null \"#{{i18n:event-75160134.08}}#$r 75160134 0 maddie1_1#{{i18n:event-75160134.09}}#$r 75160134 0 maddie1_2#{{i18n:event-75160134.10}}#$r 75160134 0 maddie1_3#{{i18n:event-75160134.11}}\"/fork MaddieLeave/faceDirection Maddie 1/emote farmer 28/emote Maddie 12/pause 1000/emote Maddie 40/pause 1000/emote Maddie 28/pause 500/speak Maddie \"{{i18n:event-75160134.12}}\"/emote farmer 32/pause 500/emote Maddie 40/pause 500/speak Maddie \"{{i18n:event-75160134.13}}\"/emote farmer 8/pause 500/move Maddie 0 1 2/speak Maddie \"{{i18n:event-75160134.14}}\"/emote farmer 28/pause 500/faceDirection Maddie 0/speak Maddie \"{{i18n:event-75160134.15}}\"/emote farmer 56/faceDirection Maddie 1/emote Maddie 40/pause 1000/end dialogue Maddie \"{{i18n:event-75160134.16}}\"",
			"MaddieLeave": "pause 500/move farmer 0 -3 0/emote Maddie 60/pause 600/speak Maddie \"{{i18n:event-75160134.MaddieLeave.01}}\"/end"
			},
	},

        {
                //Event dialogue Maddie 2 hearts
                "Action": "EditData",
                "Target": "Characters/Dialogue/Maddie",
                "Entries": {                        
                        "maddie1_1": "{{i18n:event-75160134.Fork1}}",
                        "maddie1_2": "{{i18n:event-75160134.Fork2}}",
                        "maddie1_3": "{{i18n:event-75160134.Fork3}}",
                }
        },
        
	
]
}
