{
"Changes": [
	
	{
		"LogName": "ShiroHouse Events",
		"Action": "EditData",
		"Target": "Data/Events/Custom_Ridgeside_ShiroHouse",
		"Entries": {
		//Yuuma worries for Shiro (Yuuma 6 hearts)
			"75160112/f Yuuma 1500/t 1100 1400/e 75160111": "echos/4 9/farmer 2 13 0 Yuuma 4 11 0 Shiro 4 9 2 Philip 5 10 3 Harvey 3 9 1/skippable/pause 500/shake Shiro 1000/speak Shiro \"{{i18n:event-75160112.01}}\"/speak Yuuma \"{{i18n:event-75160112.02}}\"/speak Harvey \"{{i18n:event-75160112.03}}\"/speak Philip \"{{i18n:event-75160112.04}}\"/speak Yuuma \"{{i18n:event-75160112.05}}\"/speak Harvey \"{{i18n:event-75160112.06}}\"/speak Shiro \"{{i18n:event-75160112.07}}\"/speak Yuuma \"{{i18n:event-75160112.08}}\"/speak Philip \"{{i18n:event-75160112.09}}\"/speak Yuuma \"{{i18n:event-75160112.10}}\"/globalFade/viewport -1000 -1000/pause 500/playSound doorClose/warp Shiro 10 5/warp Harvey 8 5/warp Philip 12 6/faceDirection Philip 3/warp Yuuma 6 12/warp farmer 2 12/faceDirection farmer 1/fade/viewport 6 10/move Yuuma 2 0 0/emote Yuuma 28/pause 1000/emote farmer 40/pause 500/move farmer 4 0 1/speak Yuuma \"{{i18n:event-75160112.11}}\"/emote farmer 40/pause 500/faceDirection Yuuma 3/speak Yuuma \"{{i18n:event-75160112.12}}\"/emote farmer 28/pause 500/speak Yuuma \"{{i18n:event-75160112.13}}\"/speed Yuuma 3/move Yuuma 0 1 3/faceDirection farmer 2/emote farmer 16/speed Yuuma 3/move Yuuma -6 0 2/playSound doorClose/warp Yuuma -100 -100/pause 1000/globalFade/viewport -1000 -1000/pause 500/message \"{{i18n:event-75160112.14}}\"/changeToTemporaryMap Custom_Ridgeside_RidgesideVillage false/warp farmer 128 45/faceDirection farmer 2/warp Yuuma 129 48/faceDirection Yuuma 1/warp Harvey -101 -100/warp Philip -102 -100/warp Shiro -103 -100/pause 500/fade/viewport 129 48/pause 500/stopMusic/move farmer 0 1 2/speak Yuuma \"{{i18n:event-75160112.15}}\"/faceDirection Yuuma 0/speak Yuuma \"{{i18n:event-75160112.16}}\"/pause 1000/playMusic desolate/speak Yuuma \"{{i18n:event-75160112.17}}\"/emote Yuuma 40/pause 500/faceDirection Yuuma 1/pause 1000/speak Yuuma \"{{i18n:event-75160112.18}}\"/playSound doorClose/warp Shiro 130 44/faceDirection Shiro 2/faceDirection farmer 1/faceDirection Yuuma 0/emote Yuuma 16/pause 500/speak Yuuma \"{{i18n:event-75160112.19}}\"/move Shiro 0 3 2/move Shiro -1 0 2/speak Shiro \"{{i18n:event-75160112.20}}\"/speak Yuuma \"{{i18n:event-75160112.21}}\"/speak Shiro \"{{i18n:event-75160112.22}}\"/pause 1000/message \"{{i18n:event-75160112.23}}\"/pause 1000/end dialogue Yuuma \"{{i18n:event-75160112.24}}\"",

		//Yuuma with other kids (Yuuma 8 hearts)
			"75160113/f Yuuma 2000/t 1100 1400/e 75160112": "playful/21 10/farmer -100 -100 0 Yuuma 23 12 0 Vincent 25 12 0 Jas 21 12 0 Trinnie 20 12 0 Keahi 19 12 0/skippable/pause 500/emote Jas 32 true/emote Trinnie 20 true/emote Vincent 56 true/emote Keahi 32/pause 500/emote Yuuma 28/pause 500/speak Trinnie \"{{i18n:event-75160113.01}}\"/speak Vincent \"{{i18n:event-75160113.02}}\"/speak Jas \"{{i18n:event-75160113.03}}\"/speak Keahi \"{{i18n:event-75160113.04}}\"/speak Yuuma \"{{i18n:event-75160113.05}}\"/move Keahi -1 0 0/emote Keahi 40/speak Keahi \"{{i18n:event-75160113.06}}\"/faceDirection Yuuma 3/faceDirection Jas 3/faceDirection Trinnie 3/move Vincent 0 1 3/move Vincent -1 0 3/emote Yuuma 32/pause 500/speak Yuuma \"{{i18n:event-75160113.07}}\"/speak Vincent \"{{i18n:event-75160113.08}}\"/speak Yuuma \"{{i18n:event-75160113.09}}\"/faceDirection Trinnie 1/faceDirection Vincent 0/faceDirection Jas 1/faceDirection Keahi 1/emote Trinnie 28/pause 500/speak Trinnie \"{{i18n:event-75160113.10}}\"/faceDirection Jas 3/speak Jas \"{{i18n:event-75160113.11}}\"/speak Keahi \"{{i18n:event-75160113.12}}\"/emote Trinnie 12/pause 500/faceDirection Trinnie 3/pause 1000/faceDirection Trinnie 1/speak Trinnie \"{{i18n:event-75160113.13}}\"/speak Vincent \"{{i18n:event-75160113.14}}\"/emote Trinnie 12 true/emote Yuuma 56 true/emote Jas 56 true/emote Vincent 56 true/emote Keahi 56/pause 500/speak Yuuma \"{{i18n:event-75160113.15}}\"/emote Trinnie 32 true/emote Jas 20/pause 500/jump Keahi/emote Vincent 56/pause 1000/end dialogue Yuuma \"{{i18n:event-75160113.16}}\"",
		
		//Shiro cooks (Shiro 2 hearts)
			"75160168/f Shiro 500/t 800 1000": "playful/5 6/farmer 2 9 0 Shiro 2 5 0/skippable/pause 500/emote Shiro 28/speak Shiro \"{{i18n:event-75160168.01}}\"/emote farmer 8/move farmer 0 -2 0/emote Shiro 8/faceDirection Shiro 2/speak Shiro \"{{i18n:event-75160168.02}}\"/emote farmer 28/speak Shiro \"{{i18n:event-75160168.03}}\"/emote farmer 40/pause 500/emote farmer 32/emote Shiro 28/speak Shiro \"{{i18n:event-75160168.04}}\"/emote farmer 32/move Shiro 1 0 0/move farmer 0 -2 0/speak Shiro \"{{i18n:event-75160168.05}}\"/emote farmer 32/globalFade/viewport -1000 -1000/playSound Milking/speak Shiro \"{{i18n:event-75160168.06}}\"/playSound furnace/speak Shiro \"{{i18n:event-75160168.07}}\"/pause 2000/playSound crystal/speak Shiro \"{{i18n:event-75160168.08}}\"/addObject 3 7 194/warp Shiro 3 6/faceDirection Shiro 2/warp farmer 2 5/faceDirection farmer 2/fade/viewport 5 6/pause 500/emote Shiro 56/speak Shiro \"{{i18n:event-75160168.09}}\"/faceDirection Shiro 3/speak Shiro \"{{i18n:event-75160168.10}}\"/emote farmer 56/faceDirection Shiro 2/speak Shiro \"{{i18n:event-75160168.11}}\"/playSound doorClose/addTemporaryActor Yuuma 16 32 2 13 2 false/move Yuuma 0 -4 0/emote Shiro 56/emote Yuuma 8/speak Yuuma \"{{i18n:event-75160168.12}}\"/emote Shiro 56/speak Shiro \"{{i18n:event-75160168.13}}\"/emote Yuuma 16/jump Yuuma/speak Yuuma \"{{i18n:event-75160168.14}}\"/emote Shiro 28/speak Shiro \"{{i18n:event-75160168.15}}\"/emote Yuuma 28/speak Yuuma \"{{i18n:event-75160168.16}}\"/message \"{{i18n:event-75160168.17}}\"/emote Yuuma 16 true/emote Shiro 16 true/emote farmer 16/speak Yuuma \"{{i18n:event-75160168.18}}\"/speak Shiro \"{{i18n:event-75160168.19}}\"/speak Yuuma \"{{i18n:event-75160168.20}}\"/move Yuuma 0 -2 1/emote Yuuma 56/speak Yuuma \"{{i18n:event-75160168.21}}\"/emote Shiro 32/move Shiro 0 -1 3/faceDirection farmer 1/emote farmer 8/speak Shiro \"{{i18n:event-75160168.22}}\"/emote farmer 32/faceDirection Yuuma 0/speak Yuuma \"{{i18n:event-75160168.23}}\"/faceDirection Shiro 2/emote Shiro 28/pause 1000/end dialogue Shiro \"{{i18n:event-75160168.24}}\"",
		
		//Shiro is frustrated (Shiro 6 hearts)
			"75160170/f Shiro 1500/t 1600 1800/e 75160169": "echos/4 10/farmer 2 13 0 Shiro 4 9 3 Yuuma 5 10 3 Harvey 2 9 1 Philip 2 8 1/skippable/pause 500/emote Shiro 40/speak Shiro \"{{i18n:event-75160170.01}}\"/speak Yuuma \"{{i18n:event-75160170.02}}\"/speak Shiro \"{{i18n:event-75160170.03}}\"/speak Harvey \"{{i18n:event-75160170.04}}\"/speak Shiro \"{{i18n:event-75160170.05}}\"/showFrame Shiro 16/emote Yuuma 16/speed Harvey 3/move Harvey 1 0 1/advancedMove Philip false 0 2 1 0/speak Harvey \"{{i18n:event-75160170.06}}\"/speak Yuuma \"{{i18n:event-75160170.07}}\"/speak Philip \"{{i18n:event-75160170.08}}\"/speak Shiro \"{{i18n:event-75160170.09}}\"/globalFade/viewport -1000 -1000/pause 1000/speak Philip \"{{i18n:event-75160170.10}}\"/speak Yuuma \"{{i18n:event-75160170.11}}\"/speak Harvey \"{{i18n:event-75160170.12}}\"/playSound doorClose/pause 2000/speak Philip \"{{i18n:event-75160170.13}}\"/warp farmer 9 12/faceDirection farmer 1/warp Yuuma 10 12/faceDirection Yuuma 3/warp Shiro 10 5/showFrame Shiro 16/warp Harvey 9 5/faceDirection Harvey 1/warp Philip 8 6/faceDirection Philip 1/pause 2000/fade/viewport 8 7/pause 500/emote Harvey 40/emote Philip 28/move Harvey -1 0 2/faceDirection Philip 0/emote Harvey 56/emote Philip 28/pause 500/advancedMove Philip false 0 4/move Harvey 0 4 2/doAction 8 11/pause 1000/faceDirection farmer 3/advancedMove Yuuma false 0 1 -1 0/advancedMove Philip false 0 3 -1 0/pause 2000/faceDirection Philip 1/advancedMove Harvey false 0 3 -1 0/pause 2000/faceDirection Harvey 1/speak Harvey \"{{i18n:event-75160170.14}}\"/speak Philip \"{{i18n:event-75160170.15}}\"/speak Yuuma \"{{i18n:event-75160170.16}}\"/speak Harvey \"{{i18n:event-75160170.17}}\"/speak Yuuma \"{{i18n:event-75160170.18}}\"/speak Philip \"{{i18n:event-75160170.19}}\"/emote farmer 56/speak Yuuma \"{{i18n:event-75160170.20}}\"/speak Harvey \"{{i18n:event-75160170.21}}\"/globalFade/viewport -1000 -1000/warp Yuuma 3 9/faceDirection Yuuma 1/warp Harvey 4 9/faceDirection Harvey 3/warp Philip 2 8/warp farmer 9 5/faceDirection farmer 1/fade/viewport 9 6/pause 1000/faceDirection Shiro 2/emote Shiro 40/speak Shiro \"{{i18n:event-75160170.22}}\"/emote farmer 28/speak Shiro \"{{i18n:event-75160170.23}}\"/stopMusic/emote Shiro 40/pause 1000/speak Shiro \"{{i18n:event-75160170.24}}\"/playMusic cm:ShiroTheme/emote farmer 40/pause 1000/speak Shiro \"{{i18n:event-75160170.25}}\"/emote farmer 40/pause 500/message \"{{i18n:event-75160170.26}}\"/speak Shiro \"{{i18n:event-75160170.27}}\"/message \"{{i18n:event-75160170.28}}\"/speak Shiro \"{{i18n:event-75160170.29}}\"/emote farmer 40/faceDirection Shiro 3/emote farmer 8/message \"{{i18n:event-75160170.30}}\"/emote Shiro 60/speak Shiro \"{{i18n:event-75160170.31}}\"/faceDirection Shiro 2/speak Shiro \"{{i18n:event-75160170.32}}\"/emote farmer 32/speak Shiro \"{{i18n:event-75160170.33}}\"/emote farmer 60/emote farmer 32/emote Shiro 32/speak Shiro \"{{i18n:event-75160170.34}}\"/pause 2000/globalFade/viewport -1000 -1000/message \"{{i18n:event-75160170.35}}\"/end dialogue Shiro \"{{i18n:event-75160170.36}}\"",
		
		//Shiro goes to the beach again (Shiro 8 hearts)
			"75160171/f Shiro 2000/t 1600 1800/e 75160170/w sunny/z winter": "playful/4 10/farmer 3 12 0 Shiro 4 9 3 Yuuma 5 10 3 Harvey 2 9 1 Philip 2 10 1/pause 500/faceDirection Shiro 2/emote Shiro 16/speak Shiro \"{{i18n:event-75160171.01}}\"/emote farmer 32/faceDirection Shiro 3/move farmer 0 -1 0/speak Harvey \"{{i18n:event-75160171.02}}\"/emote Shiro 16/speak Shiro \"{{i18n:event-75160171.03}}\"/speak Harvey \"{{i18n:event-75160171.04}}\"/emote Shiro 16/speak Shiro \"{{i18n:event-75160171.05}}\"/speak Philip \"{{i18n:event-75160171.06}}\"/speak Shiro \"{{i18n:event-75160171.07}}\"/speak Harvey \"{{i18n:event-75160171.08}}\"/globalFade/viewport -1000 -1000/changeToTemporaryMap Beach false/warp Harvey -100 -100/warp Yuuma -101 -100/warp Philip -102 -100/warp farmer 50 37/faceDirection farmer 1/swimming farmer/warp Shiro 54 37/faceDirection Shiro 3/swimming Shiro/pause 1000/playMusic ocean/message \"{{i18n:event-75160171.09}}\"/speak Philip \"{{i18n:event-75160171.10}}\"/playMusic cm:ShiroTheme/fade/viewport 51 37/pause 500/emote Shiro 28/speak Shiro \"{{i18n:event-75160171.11}}\"/speed Shiro 1/move Shiro -1 0 3/speak Shiro \"{{i18n:event-75160171.12}}\"/speed Shiro 1/move Shiro -1 0 3/speak Shiro \"{{i18n:event-75160171.13}}\"/speed Shiro 2/move Shiro -1 0 3/speak Shiro \"{{i18n:event-75160171.14}}\"/emote farmer 32/emote Shiro 56/speak Shiro \"{{i18n:event-75160171.15}}\"/emote farmer 32/pause 3000/message \"{{i18n:event-75160171.16}}\"/emote farmer 60/emote Shiro 60/speak Shiro \"{{i18n:event-75160171.17}}\"/emote farmer 32/speak Shiro \"{{i18n:event-75160171.18}}\"/emote Shiro 32/pause 1500/faceDirection Shiro 2/faceDirection farmer 2/pause 1000/emote Shiro 56/speak Shiro \"{{i18n:event-75160171.19}}\"/faceDirection farmer 1/emote farmer 32/pause 2000/globalFade/viewport -1000 -1000/message \"{{i18n:event-75160171.20}}\"/stopSwimming farmer/stopSwimming Shiro/end",
		},
	},
]
}
