{
"Changes": [
	
	{
		"LogName": "LennyHouse Events",
		"Action": "EditData",
		"Target": "Data/Events/Custom_Ridgeside_LennyHouse",
		"Entries": {
		//Lenny at her office (Lenny 4 hearts)
			"75160087/f Lenny 1000/t 800 1200": "distantBanjo/11 7/farmer 11 11 0 Lenny 11 7 3/skippable/pause 500/emote Lenny 40/pause 500/speak Lenny \"{{i18n:event-75160087.01}}\"/move Lenny 2 0 1/pause 1000/move Lenny -2 0 3/speak Lenny \"{{i18n:event-75160087.02}}\"/emote farmer 8/pause 500/move farmer 0 -2 0/faceDirection Lenny 2/emote Lenny 56/pause 500/speak Lenny \"{{i18n:event-75160087.03}}\"/emote farmer 32/pause 500/speak Lenny \"{{i18n:event-75160087.04}}\"/emote farmer 32/pause 500/speak Lenny \"{{i18n:event-75160087.05}}\"/emote farmer 56/pause 500/globalFade/viewport -1000 -1000/warp farmer 16 9/faceDirection farmer 3/warp Lenny 13 9/faceDirection Lenny 1/addObject 14 8 395/addObject 15 8 395/fade/viewport 14 9/pause 500/emote Lenny 56/pause 500/speak Lenny \"{{i18n:event-75160087.06}}\"/emote farmer 32/pause 500/speak Lenny \"{{i18n:event-75160087.07}}\"/emote farmer 56/pause 500/speak Lenny \"{{i18n:event-75160087.08}}\"/emote farmer 32/pause 500/speak Lenny \"{{i18n:event-75160087.09}}\"/emote farmer 56/pause 500/speak Lenny \"{{i18n:event-75160087.10}}\"/emote farmer 32/pause 1000/end dialogue Lenny \"{{i18n:event-75160087.11}}\"",

		//Lenny thanks farmer for contributions to RSV (Lenny 8 hearts)
			"75160089/H/f Lenny 2000/m 700000": "distantBanjo/11 7/farmer 11 11 0 Lenny 11 7 3/skippable/pause 400/move farmer 0 -2 0/emote Lenny 16/faceDirection Lenny 2/speak Lenny \"{{i18n:event-75160089.01}}\"/emote farmer 8/pause 500/speak Lenny \"{{i18n:event-75160089.02}}\"/emote farmer 40/pause 2000/jump Lenny/emote farmer 16/pause 500/speak Lenny \"{{i18n:event-75160089.03}}\"/emote farmer 8/pause 500/speak Lenny \"{{i18n:event-75160089.04}}\"/emote farmer 32/pause 500/speak Lenny \"{{i18n:event-75160089.05}}\"/emote farmer 28/pause 500/speak Lenny \"{{i18n:event-75160089.06}}\"/emote farmer 32/pause 1000/end dialogue Lenny \"{{i18n:event-75160089.07}}\"",
		
		//Ian waits for letter (Ian 6 hearts)
			"75160148/f Ian 1500/t 1200 1600": "echos/11 8/farmer 14 11 0 Ian 11 9 0 Lenny 11 6 3/skippable/pause 500/emote farmer 8/emote Ian 28/speak Ian \"{{i18n:event-75160148.01}}\"/emote Lenny 40/speak Lenny \"{{i18n:event-75160148.02}}\"/faceDirection Lenny 2/speak Lenny \"{{i18n:event-75160148.03}}\"/speak Ian \"{{i18n:event-75160148.04}}\"/emote Lenny 28/speak Lenny \"{{i18n:event-75160148.05}}\"/speak Ian \"{{i18n:event-75160148.06}}\"/faceDirection Ian 2/pause 2000/speak Ian \"{{i18n:event-75160148.07}}\"/speed Ian 3/move Ian 0 3 1/faceDirection farmer 3/speak Lenny \"{{i18n:event-75160148.08}}\"/speed Ian 3/move Ian 2 0 1/speak Ian \"{{i18n:event-75160148.09}}\"/faceDirection farmer 2/move Ian 1 0 2/warp Ian -100 -100/playSound doorClose/emote Lenny 28/faceDirection farmer 0/emote farmer 8/speak Lenny \"{{i18n:event-75160148.10}}\"/emote farmer 8/pause 500/speak Lenny \"{{i18n:event-75160148.11}}\"/emote farmer 40/move farmer 0 1 2/warp farmer -101 -100/playSound doorClose/faceDirection Lenny 3/speak Lenny \"{{i18n:event-75160148.12}}\"/globalFade/viewport -1000 -1000/message \"{{i18n:event-75160148.13}}\"/changeToTemporaryMap Custom_Ridgeside_Ridge false/warp Lenny -102 -100/warp Ian 18 22/showFrame Ian 16/warp farmer 19 19/faceDirection farmer 2/fade/viewport 18 22/pause 500/emote Ian 40/move farmer 0 2 2/speak Ian \"{{i18n:event-75160148.14}}\"/move farmer 0 1 2/pause 2000/emote Ian 28/speak Ian \"{{i18n:event-75160148.15}}\"/faceDirection farmer 3/message \"{{i18n:event-75160148.16}}\"/playMusic cm:IanTheme/pause 5000/speak Ian \"{{i18n:event-75160148.17}}\"/emote farmer 40/faceDirection Ian 2/pause 2000/move Ian -1 0 3/message \"{{i18n:event-75160148.18}}\"/speak Ian \"{{i18n:event-75160148.19}}\"/emote farmer 40/speak Ian \"$q 75160148 null \"#{{i18n:event-75160148.20}}#$r 75160147 0 ian2_1#{{i18n:event-75160148.21}}#$r 75160148 0 ian2_2#{{i18n:event-75160148.22}}#$r 75160148 0 ian2_3#{{i18n:event-75160148.23}}\"/pause 1000/emote Ian 40/faceDirection Ian 1/speak Ian \"{{i18n:event-75160148.24}}\"/move farmer -1 0 3/message \"{{i18n:event-75160148.25}}\"/emote farmer 32/emote Ian 28/speak Ian \"{{i18n:event-75160148.26}}\"/emote farmer 32/faceDirection Ian 2/speak Ian \"{{i18n:event-75160148.27}}\"/pause 2000/end dialogue Ian \"{{i18n:event-75160148.28}}\"",

		//Lenny gets the money for minecart
			"75160191/m 150000/e 75160189": "playful/11 8/farmer 11 10 0 Lenny 11 6 3/skippable/pause 800/move farmer 0 -2 0/emote Lenny 8/faceDirection Lenny 2/emote Lenny 32/pause 500/speak Lenny \"{{i18n:event-75160191.01}}\"/emote farmer 56/speak Lenny \"{{i18n:event-75160191.02}}\"/emote farmer 32/move farmer 0 -1 3/faceDirection Lenny 3/pause 500/emote farmer 56/pause 500/emote Lenny 32/speak Lenny \"{{i18n:event-75160191.03}}\"/emote farmer 56/pause 1000/end dialogue Lenny \"{{i18n:event-75160191.04}}\"",

		},
	},

        {
                //Event dialogue Ian 6 hearts
                "Action": "EditData",
                "Target": "Characters/Dialogue/Ian",
                "Entries": {
                        "ian2_1": "{{i18n:event-75160148.Fork1}}",
                        "ian2_2": "{{i18n:event-75160148.Fork2}}",
                        "ian2_3": "{{i18n:event-75160148.Fork3}}",
                }
        },


	
]
}
