{
"Changes": [
	
	{
		"LogName": "RidgesideVillage Map Events",
		"Action": "EditData",
		"Target": "Data/Events/Custom_Ridgeside_RidgesideVillage",
		"Entries": {
		//Bert helped by farmer (Bert 2 hearts)
			"75160065/f Bert 500/w sunny/t 1000 1400": "distantBanjo/89 119/farmer 85 113 2 Bert 90 119 0/skippable/pause 500/advancedMove Bert false 3 0 -3 0 3 0 -3 0/move farmer 0 6 1/emote farmer 8/pause 500/playSound hammer/pause 1000/playSound hammer/pause 1000/playSound hammer/pause 1000/emote Bert 28/pause 500/speak Bert \"{{i18n:event-75160065.01}}\"/move farmer 2 0 1/faceDirection Bert 3/emote Bert 16/pause 500/speak Bert \"{{i18n:event-75160065.02}}\"/emote farmer 40/pause 500/speak Bert \"$q 75160065 null \"#{{i18n:event-75160065.03}}#$r 75160065 100 bert1_1#{{i18n:event-75160065.04}}#$r 75160065 -100 bert1_2#{{i18n:event-75160065.05}}\"/fork BertSad/emote Bert 56/pause 500/speak Bert \"{{i18n:event-75160065.06}}\"/emote farmer 56/pause 500/move Bert 2 0 0/move farmer 2 0 0/pause 1000/emote Bert 40/pause 500/speak Bert \"{{i18n:event-75160065.07}}\"/playSound hammer/pause 2000/playSound hammer/pause 2000/playSound axchop/pause 2000/playSound potterySmash/emote farmer 16/pause 500/move Bert 1 0 0/move Bert 0 -1 3/emote Bert 40/playSound potterySmash/pause 2000/playSound axchop/pause 2000/playSound hammer/pause 2000/playSound hammer/pause 2000/emote Bert 40/move Bert 0 1 3/move Bert -1 0 0/pause 500/emote Bert 40/pause 1000/jump Bert/pause 1000/emote Bert 56/pause 500/speak Bert \"{{i18n:event-75160065.08}}\"/faceDirection Bert 3/faceDirection farmer 1/emote farmer 32/pause 500/speak Bert \"{{i18n:event-75160065.09}}\"/emote farmer 32/pause 500/speak Bert \"{{i18n:event-75160065.10}}\"/move farmer -5 0 3 true/move Bert -5 0 3 true/pause 2000/globalFade/viewport -1000 -1000/pause 1000/message \"{{i18n:event-75160065.11}}\"/pause 1000/end position 75 115",
			"BertSad": "pause 1000/speak Bert \"{{i18n:event-75160065.BertSad.01}}\"/faceDirection Bert 0/move farmer -5 0 3/end",
		
		//Ezekiel angry at farmer for no reason (Ezekiel 2 hearts)
			"75160070/f Ezekiel 500/w sunny/t 700 900": "playful/91 9/farmer 96 14 0 Ezekiel 91 8 3/skippable/pause 200/move farmer 0 -6 0/speak Ezekiel \"{{i18n:event-75160070.01}}\"/faceDirection farmer 3/emote farmer 8/pause 500/move Ezekiel 0 1 3/move Ezekiel -2 0 0/move Ezekiel 0 -1 0/pause 1000/faceDirection Ezekiel 3/pause 1000/faceDirection Ezekiel 0/pause 1000/faceDirection Ezekiel 2/pause 1000/faceDirection Ezekiel 3/emote Ezekiel 12/pause 500/speak Ezekiel \"{{i18n:event-75160070.02}}\"/move farmer -5 0 3 true/faceDirection Ezekiel 1/emote Ezekiel 8/pause 1500/speak Ezekiel \"{{i18n:event-75160070.03}}\"/emote farmer 16/pause 500/emote farmer 8/pause 500/emote Ezekiel 12/pause 500/speak Ezekiel \"{{i18n:event-75160070.04}}\"/faceDirection Ezekiel 3/pause 500/speak Ezekiel \"$q 75160070 null \"#{{i18n:event-75160070.05}}#$r 75160070 80 ezekiel1_1#{{i18n:event-75160070.06}}#$r 75160070 0 ezekiel1_2#{{i18n:event-75160070.07}}\"/fork EzekielLeave/emote Ezekiel 8/pause 500/faceDirection Ezekiel 1/speak Ezekiel \"{{i18n:event-75160070.08}}\"/emote farmer 56/pause 500/faceDirection Ezekiel 0/move farmer 0 2 2/move Ezekiel -1 0 3/move farmer 2 0 1/move Ezekiel 0 1 1/move Ezekiel 2 0 0/pause 800/emote farmer 16/pause 500/playSound pickUpItem/pause 1000/move farmer -3 0 0/pause 800/emote Ezekiel 8/pause 500/faceDirection Ezekiel 2/speak Ezekiel \"{{i18n:event-75160070.09}}\"/emote Ezekiel 16/jump Ezekiel/pause 500/speak Ezekiel \"{{i18n:event-75160070.10}}\"/playSound pickUpItem/emote farmer 16/pause 500/move Ezekiel -2 0 3/speak Ezekiel \"{{i18n:event-75160070.11}}\"/faceDirection farmer 3/faceDirection Ezekiel 1/emote Ezekiel 40/pause 500/speak Ezekiel \"{{i18n:event-75160070.12}}\"/emote farmer 28/pause 500/speak Ezekiel \"{{i18n:event-75160070.13}}\"/emote farmer 56/move Ezekiel 8 0 1 true/pause 500/emote farmer 8/pause 500/faceDirection farmer 1/pause 1000/end position 90 10",
			"EzekielLeave": "faceDirection Ezekiel 1/speak Ezekiel \"{{i18n:event-75160070.EzekielLeave.01}}\"/emote farmer 28/pause 500/faceDirection Ezekiel 3/move farmer 5 0 0 true/pause 2000/end",

		//Freddie remembering their son (Freddie 8 hearts)
			"75160077/f Freddie 2000/e 75160076/t 1300 1500": "summer_day_ambient/10 57/farmer 10 63 0 Freddie 9 59 0/skippable/pause 200/move Freddie 0 -2 1/emote Freddie 40/pause 500/speak Freddie \"{{i18n:event-75160077.01}}\"/move farmer 0 -4 0/faceDirection Freddie 2/emote Freddie 56/pause 500/emote farmer 8/pause 500/speak Freddie \"{{i18n:event-75160077.02}}\"/emote farmer 8/pause 500/speak Freddie \"{{i18n:event-75160077.03}}\"/faceDirection Freddie 1/pause 1000/speak Freddie \"{{i18n:event-75160077.04}}\"/emote farmer 40/pause 500/question null \"{{i18n:event-75160077.05}}#{{i18n:event-75160077.06}}#{{i18n:event-75160077.07}}#\"/pause 1000/speak Freddie \"{{i18n:event-75160077.08}}\"/globalFade/stopMusic/viewport -1000 -1000/pause 1000/playSound clubswipe/message \"{{i18n:event-75160077.09}}\"/playSound clubswipe/message \"{{i18n:event-75160077.10}}\"/pause 2000/message \"{{i18n:event-75160077.11}}\"/pause 1000/playSound explosion/pause 500/playSound explosion/pause 500/playSound explosion/pause 2000/fade/viewport 10 57/playMusic desolate/pause 1000/speak Freddie \"{{i18n:event-75160077.12}}\"/pause 500/move Freddie 0 -1 1/move Freddie 1 0 2/speak Freddie \"{{i18n:event-75160077.13}}\"/emote farmer 40/pause 500/question null \"{{i18n:event-75160077.14}}#{{i18n:event-75160077.15}}#{{i18n:event-75160077.16}}#\"/pause 500/faceDirection Freddie 1/speak Freddie \"{{i18n:event-75160077.17}}\"/faceDirection Freddie 2/speak Freddie \"{{i18n:event-75160077.18}}\"/emote farmer 56/pause 500/speak Freddie \"{{i18n:event-75160077.19}}\"/emote farmer 32/pause 500/speak Freddie \"{{i18n:event-75160077.20}}\"/emote farmer 32/pause 1000/end position 14 64",
		
		//Keahi plays prank on farmer (Keahi 2 hearts)
			"75160082/f Keahi 500/t 800 1200/w sunny": "playful/138 26/farmer 146 26 3 Keahi 140 23 0/skippable/pause 500/move farmer -8 0 3 true/pause 1000/emote Keahi 56/pause 500/faceDirection Keahi 2/emote Keahi 16/pause 1000/move Keahi -3 0 2/move Keahi 0 3 1/emote farmer 8 true/emote Keahi 56/pause 500/speak Keahi \"{{i18n:event-75160082.01}}\"/emote farmer 32/pause 500/speak Keahi \"{{i18n:event-75160082.02}}\"/emote farmer 8/pause 500/speak Keahi \"{{i18n:event-75160082.03}}\"/emote farmer 32/pause 500/message \"Keahi pats you on the back\"emote farmer 56/pause 500/speak Keahi \"{{i18n:event-75160082.04}}\"/emote farmer 56/pause 500/move Keahi 0 -1 2/speak Keahi \"{{i18n:event-75160082.05}}\"/move farmer -8 0 3 true/addConversationTopic keahi_prank 0/pause 1000/end dialogue Keahi \"{{i18n:event-75160082.06}}\"",

		//Keahi finds fireworks (Keahi 8 hearts)
			"75160085/f Keahi 2000/t 1400 1700/e 75160084/w sunny": "playful/85 45/farmer 85 50 0 Keahi 86 45 3 Pika -1000 -1000 0 Corine -1001 -1000 0 Lenny -1002 -1000 0 Richard -1003 -1000 0 Trinnie -1004 -1000 0 Jeric -1005 -1000 0 Ian -1006 1000 0/skippable/addTemporaryActor RSVFirecracker 16 32 85 45 2 false/pause 500/move farmer 0 -4 0/move farmer 1 0 0/emote farmer 8/pause 500/faceDirection Keahi 2/speak Keahi \"{{i18n:event-75160085.01}}\"/emote farmer 16/pause 500/faceDirection farmer 3/faceDirection Keahi 3/speak Keahi \"{{i18n:event-75160085.02}}\"/faceDirection farmer 0/emote farmer 16/pause 500/speak Keahi \"{{i18n:event-75160085.03}}\"/playSound swordswipe/showFrame RSVFirecracker 1/faceDirection Keahi 3/faceDirection farmer 3/emote farmer 16 true/emote Keahi 16/pause 500/speak Keahi \"{{i18n:event-75160085.04}}\"/message \"{{i18n:event-75160085.05}}\"/move farmer 6 0 3 true/move Keahi 6 0 3 true/pause 1000/showFrame RSVFirecracker 2/pause 1000/showFrame RSVFirecracker 3/pause 1000/shake RSVFirecracker 1000/positionOffset RSVFirecracker 0 -40/pause 200/positionOffset RSVFirecracker 0 -30/pause 200/positionOffset RSVFirecracker 0 -30/pause 200/positionOffset RSVFirecracker 0 -30/pause 200/positionOffset RSVFirecracker 0 -30/pause 200/positionOffset RSVFirecracker 0 -30/pause 200/positionOffset RSVFirecracker 0 -30/pause 200/positionOffset RSVFirecracker 0 -30/pause 200/positionOffset RSVFirecracker 0 -30/pause 200/positionOffset RSVFirecracker 0 -30/pause 200/positionOffset RSVFirecracker 0 -30/warp RSVFirecracker -2000 -2000/pause 200/playSound explosion/screenFlash .8/glow 100 250 100 true/emote farmer 16 true/emote Keahi 16/pause 500/stopGlowing/pause 500/speak Corine \"{{i18n:event-75160085.06}}\"/speak Lenny \"{{i18n:event-75160085.07}}\"/speak Richard \"{{i18n:event-75160085.08}}\"/speak Trinnie \"{{i18n:event-75160085.09}}\"/speak Jeric \"{{i18n:event-75160085.10}}\"/speak Ian \"{{i18n:event-75160085.11}}\"/speak Pika \"{{i18n:event-75160085.12}}\"/stopGlowing/emote Keahi 28/pause 500/speak Keahi \"{{i18n:event-75160085.13}}\"/faceDirection farmer 0/emote farmer 28/pause 1000/end dialogue Keahi \"{{i18n:event-75160085.14}}\"",

		//Lenny tours farmer in village (Lenny 0 hearts)
			"75160086/w sunny": "SettlingIn/137 26/farmer 144 26 3 Lenny 136 22 1 Shiro 127 32 2 Yuuma 131 33 3 Richard 120 25 1 Ysabelle 119 41 3 Corine 117 41 1 Keahi 110 49 1 Trinnie 112 49 3 Lola 118 49 3 Freddie 117 49 2 Ian 111 41 3 Kenneth 92 57 3 Bert 81 63 3 Pika 80 56 2 Flor 81 58 0 Maddie 78 61 2 Ezekiel 85 61 2 Philip 111 23 2 Kiwi 94 43 2/skippable/advancedMove Keahi true 2 0 0 2 -2 0 0 -2/advancedMove Trinnie true 0 2 -2 0 0 -2 2 0/pause 500/move farmer -5 0 3 true/pause 500/emote Lenny 8/pause 500/faceDirection Lenny 2/emote Lenny 32/pause 500/move Lenny 1 0 2/move Lenny 0 4 1/emote farmer 8/pause 500/speak Lenny \"{{i18n:event-75160086.01}}\"/emote farmer 32/pause 500/emote Lenny 16/pause 500/speak Lenny \"{{i18n:event-75160086.02}}\"/emote farmer 40/pause 500/speak Lenny \"{{i18n:event-75160086.03}}\"/emote farmer 32/pause 500/move Lenny -5 0 3 true/move farmer -5 0 3 true/pause 1000/globalFade/viewport -1000 -1000/warp Lenny 116 26/faceDirection Lenny 3/warp farmer 117 26/faceDirection farmer 3/fade/viewport 114 26/move Lenny -2 0 0 true/move farmer -2 0 0 true/emote Lenny 32/pause 500/speak Lenny \"{{i18n:event-75160086.04}}\"/emote farmer 32/pause 500/move Lenny 0 3 2 true/pause 500/move farmer 0 3 2 true/pause 800/globalFade/viewport -1000 -1000/warp Lenny 116 45/faceDirection Lenny 3/warp farmer 118 45/faceDirection farmer 3/fade/viewport 114 45/move Lenny -3 0 2 true/move farmer -3 0 2 true/pause 1000/speak Lenny \"{{i18n:event-75160086.05}}\"/faceDirection Lenny 0/faceDirection farmer 0/speak Lenny \"{{i18n:event-75160086.06}}\"/emote farmer 56/pause 500/move Lenny -3 0 3 true/move farmer -3 0 3 true/pause 800/globalFade/viewport -1000 -1000/warp Lenny 88 60/faceDirection Lenny 3/warp farmer 90 60/faceDirection farmer 3/fade/viewport 85 60/pause 500/emote Lenny 32/pause 500/speak Lenny \"{{i18n:event-75160086.07}}\"/emote farmer 32/pause 500/globalFade/viewport -1000 -1000/warp farmer 86 48/warp Lenny 84 48/faceDirection farmer 0/faceDirection Lenny 0/fade/viewport 85 44/move farmer 0 -5 0 true/move Lenny 0 -5 0 true/pause 1000/emote Lenny 28/pause 500/speak Lenny \"{{i18n:event-75160086.08}}\"/emote farmer 32/faceDirection Lenny 1/faceDirection farmer 3/speak Lenny \"{{i18n:event-75160086.09}}\"/emote farmer 56/pause 500/speak Lenny \"{{i18n:event-75160086.10}}\"/emote farmer 20/pause 1000/end",

		//Lola in her Shed (Lola 4 hearts)
			"75160091/f Lola 1000/w rainy/e 75160090/z winter": "none/7 49/farmer 7 54 0 Lola -1000 -1000 0/skippable/pause 500/move farmer 0 -3 0/playSound doorClose/warp Lola 7 48/emote farmer 16/pause 500/emote Lola 56/pause 500/speak Lola \"{{i18n:event-75160091.01}}\"/pause 1000/speak Lola \"{{i18n:event-75160091.02}}\"/emote farmer 16/pause 500/faceDirection Lola 2/speak Lola \"{{i18n:event-75160091.03}}\"/emote farmer 28/pause 500/move Lola 0 1 2/emote Lola 56/pause 500/speak Lola \"{{i18n:event-75160091.04}}\"/emote farmer 16/pause 500/speak Lola \"{{i18n:event-75160091.05}}\"/emote farmer 32/pause 500/move Lola 1 0 2/move Lola 0 4 2/faceDirection farmer 2/speak Lola \"{{i18n:event-75160091.06}}\"/emote farmer 16/pause 500/move Lola 0 5 2 true/pause 1000/end position 7 51",

		//Olga with flowers (Olga 4 hearts)
			"75160095/f Olga 1000/w sunny/e 75160094/z winter/t 600 1200": "playful/81 115/farmer 83 112 2 Olga 81 115 3/skippable/pause 500/move Olga 0 2 3/move farmer 0 3 3/pause 1000/move Olga 0 2 3/emote Olga 32/pause 500/emote farmer 8/pause 500/faceDirection Olga 1/emote Olga 16/pause 500/speak Olga \"{{i18n:event-75160095.01}}\"/emote farmer 56/pause 500/speak Olga \"{{i18n:event-75160095.02}}\"/emote farmer 56/pause 500/speak Olga \"{{i18n:event-75160095.03}}\"/emote farmer 32/pause 1000/end dialogue Olga \"{{i18n:event-75160095.04}}\"",

		//Olga and Bert talk about life (Olga 8 hearts)
			"75160097/f Olga 2000/w sunny/e 75160096/t 1400 1600": "summer_day_ambient/76 115/farmer 82 111 2 Olga -100 -100 2 Bert 73 115 2/pause 500/move farmer 0 6 3/emote farmer 8/pause 500/warp Olga 76 115/playSound doorClose/pause 700/move Olga -2 0 3/faceDirection Bert 1/emote Bert 32/pause 500/speak Olga \"{{i18n:event-75160097.01}}\"/speak Bert \"{{i18n:event-75160097.02}}\"/faceDirection Bert 2/faceDirection Olga 2/emote Olga 56/pause 500/speak Olga \"{{i18n:event-75160097.03}}\"/faceDirection Bert 1/emote Bert 32/pause 500/speak Bert \"{{i18n:event-75160097.04}}\"/faceDirection Olga 3/speak Olga \"{{i18n:event-75160097.05}}\"/speak Bert \"{{i18n:event-75160097.06}}\"/playSound clank/pause 1000/faceDirection Bert 2/faceDirection Olga 2/pause 1000/end position 82 117",

		//Pika restaurant (Pika 2 hearts)
			"75160098/f Pika 500/w sunny/t 900 1400": "SettlingIn/81 58/farmer 81 60 0 Pika 81 56 2 Corine 77 58 0 Keahi 72 59 2 Ezekiel 79 61 2 Kenneth 75 60 3 Lenny 81 62 3/skippable/pause 500/move farmer 0 -2 0/emote Pika 32/pause 500/speak Pika \"{{i18n:event-75160098.01}}\"/emote farmer 32/pause 500/advancedMove Corine false -2 0 3 0 0 3/speak Pika \"{{i18n:event-75160098.02}}\"/emote farmer 32/pause 500/speak Pika \"{{i18n:event-75160098.03}}\"/faceDirection Pika 0/playSound clubSmash/pause 500/playSound wateringCan/pause 1000/advancedMove Corine false 0 -3 -4 0/faceDirection Pika 2/speak Pika \"{{i18n:event-75160098.04}}\"/emote farmer 32/pause 500/faceDirection farmer 2/pause 500/farmerEat 201/pause 1000/emote farmer 20/pause 500/faceDirection farmer 2/emote Pika 56/speak Pika \"{{i18n:event-75160098.05}}\"/emote farmer 32/pause 1000/end position 81 60",

		//Pika is helped by farmer at restaurant (Pika 6 hearts)
			"75160100/f Pika 1500/w sunny/t 700 900/e 75160099": "playful/81 58/farmer 81 60 0 Pika 81 56 2 Keahi -100 -100 0 Corine -101 -100 0/skippable/pause 500/move farmer 0 -2 0/emote farmer 8/pause 500/emote Pika 28/pause 500/speak Pika \"{{i18n:event-75160100.01}}\"/emote farmer 28/pause 500/speak Pika \"$q 75160100 null \"#{{i18n:event-75160100.02}}#$r 75160100 50 pika1_1#{{i18n:event-75160100.03}}#$r 75160100 0 pika1_2#{{i18n:event-75160100.04}}\"/fork LeavePika/emote Pika 56/pause 500/speak Pika \"{{i18n:event-75160100.05}}\"/emote farmer 32/pause 1000/globalFade/viewport -1000 -1000/warp farmer 68 53/faceDirection farmer 3/warp Pika 73 53/faceDirection Pika 0/fade/viewport 71 53/pause 2000/emote farmer 40/pause 500/move farmer 3 0 1/emote farmer 8/pause 500/faceDirection Pika 3/speak Pika \"{{i18n:event-75160100.06}}\"/emote farmer 56/pause 500/move farmer 1 0 2/faceDirection Pika 0/move farmer 0 6 2/warp Corine 68 45/faceDirection Corine 2/warp Keahi 68 44/faceDirection Keahi 2/move Corine 0 8 1 true/move Keahi 0 8 1 true/pause 3000/emote Corine 28/pause 500/speak Corine \"{{i18n:event-75160100.07}}\"/emote Pika 16/faceDirection Pika 3/speak Pika \"{{i18n:event-75160100.08}}\"/emote Keahi 28/pause 500/speak Keahi \"{{i18n:event-75160100.09}}\"/faceDirection Corine 0/emote Corine 56/pause 500/speak Corine \"{{i18n:event-75160100.10}}\"/speak Keahi \"{{i18n:event-75160100.11}}\"/faceDirection Corine 1/speak Corine \"{{i18n:event-75160100.12}}\"/emote Pika 12/pause 500/move Pika -3 0 3/speak Pika \"{{i18n:event-75160100.13}}\"/emote Corine 16 true/emote Keahi 56/pause 500/speak Corine \"{{i18n:event-75160100.14}}\"/speak Keahi \"{{i18n:event-75160100.15}}\"/emote Pika 12/pause 500/speak Pika \"{{i18n:event-75160100.16}}\"/emote Corine 28 true/emote Keahi 28/pause 500/move farmer 0 -6 3/emote farmer 8/pause 1000/end dialogue Pika \"{{i18n:event-75160100.17}}\"",
			"LeavePika": "pause 500/speak Pika \"{{i18n:event-75160100.LeavePika.01}}\"/faceDirection Pika 0/move farmer 2 0 1/end",

		//Trinnie taking care of plants (Trinnie 2 hearts)
			"75160106/f Trinnie 500/t 900 1200/w sunny": "playful/73 118/farmer 80 118 3 Trinnie 70 118 0/skippable/pause 500/move farmer -4 0 3/emote Trinnie 56/pause 1000/move Trinnie 3 0 1/emote Trinnie 8/pause 500/speak Trinnie \"{{i18n:event-75160106.01}}\"/emote farmer 28/pause 500/emote farmer 56/pause 500/speak Trinnie \"{{i18n:event-75160106.02}}\"/emote farmer 8/pause 500/speak Trinnie \"{{i18n:event-75160106.03}}\"/faceDirection Trinnie 0/pause 700/emote Trinnie 56/pause 500/speak Trinnie \"{{i18n:event-75160106.04}}\"/playSound wateringCan/pause 500/speak Trinnie \"$q 75160106 null \"#{{i18n:event-75160106.05}}#$r 75160106 30 trinnie1_1#{{i18n:event-75160106.06}}#$r 75160106 -100 trinnie1_2#{{i18n:event-75160106.07}}\"/fork TrinnieMad/pause 500/faceDirection Trinnie 1/speak Trinnie \"{{i18n:event-75160106.08}}\"/emote farmer 56/pause 500/move Trinnie 1 0 0/move farmer 0 -1 3/move farmer -1 0 3/speak Trinnie \"{{i18n:event-75160106.09}}\"/emote farmer 56/pause 500/playSound wateringCan/pause 500/speak Trinnie \"{{i18n:event-75160106.10}}\"/faceDirection Trinnie 1/faceDirection farmer 2/pause 1000/emote Trinnie 32/pause 500/speak Trinnie \"{{i18n:event-75160106.11}}\"/emote farmer 32/pause 500/speak Trinnie \"{{i18n:event-75160106.12}}\"/move Trinnie 4 0 0 true/move farmer 2 0 1 true/pause 2000/end dialogue Trinnie \"{{i18n:event-75160106.13}}\"",
			"TrinnieMad": "pause 500/emote Trinnie 12/pause 500/speak Trinnie \"{{i18n:event-75160106.TrinnieMad.01}}\"/emote farmer 28/pause 500/move farmer 4 0 1 true/pause 1000/end dialogue Trinnie \"{{i18n:event-75160106.TrinnieMad.02}}\"",
		
		//Trinnie buying food from Keahi (Trinnie 4 hearts)
			"75160107/f Trinnie 1000/t 900 1200/w sunny/e 75160106": "playful/81 59/farmer 86 60 3 Trinnie 75 60 3 Keahi 72 59 1 Corine 81 56 2 Pika 73 53 0/skippable/pause 500/move farmer -3 0 3/emote Trinnie 56/pause 500/speak Trinnie \"{{i18n:event-75160107.01}}\"/emote Keahi 28/pause 500/speak Keahi \"{{i18n:event-75160107.02}}\"/emote Trinnie 28/pause 500/speak Trinnie \"{{i18n:event-75160107.03}}\"/speak Corine \"{{i18n:event-75160107.04}}\"/emote Trinnie 16/faceDirection Trinnie 0/speak Trinnie \"{{i18n:event-75160107.05}}\"/speak Keahi \"{{i18n:event-75160107.06}}\"/faceDirection Keahi 2/move Trinnie 0 -2 2/move Trinnie 6 0 0/faceDirection farmer 0/emote Trinnie 20/pause 500/speak Trinnie \"{{i18n:event-75160107.07}}\"/speak Corine \"{{i18n:event-75160107.08}}\"/emote Corine 16/pause 500/speak Corine \"{{i18n:event-75160107.09}}\"/emote Trinnie 8/pause 500/faceDirection Trinnie 2/speak Trinnie \"{{i18n:event-75160107.10}}\"/emote farmer 56/pause 500/speak Trinnie \"{{i18n:event-75160107.11}}\"/move Trinnie 0 5 0/move farmer -3 0 2/move farmer 0 1 2/faceDirection Trinnie 3/emote Trinnie 56/pause 1000/playSound gulp/pause 500/speak Trinnie \"{{i18n:event-75160107.12}}\"/pause 500/globalFade/viewport -100 -100/pause 500/message \"{{i18n:event-75160107.13}}\"/end position 81 62",
		
		//Alissa singing to herself (Alissa 2 hearts)
			"75160114/f Alissa 500/t 1000 1400/w sunny": "cm:AlissaVocals/11 90/farmer 8 83 2 Alissa 12 92 1/skippable/showFrame Alissa 17/pause 200/move farmer 0 7 2/emote farmer 8/pause 500/faceDirection farmer 1/pause 1000/emote Alissa 56/pause 500/stopMusic/playMusic summer_day_ambient/showFrame Alissa 16/pause 500/speak Alissa \"{{i18n:event-75160114.01}}\"/showFrame Alissa 18/pause 1000/speak Alissa \"{{i18n:event-75160114.02}}\"/playMusic cm:AlissaVocals/pause 11000/stopMusic/playMusic summer_day_ambient/emote Alissa 32/pause 500/speak Alissa \"{{i18n:event-75160114.03}}\"/move farmer 1 0 1/emote farmer 32/pause 500/emote Alissa 16/faceDirection Alissa 3/speak Alissa \"{{i18n:event-75160114.04}}\"/speed Alissa 3/move Alissa 0 8 2 true/emote farmer 8/pause 1400/globalFade/viewport -1000 -1000/message \"{{i18n:event-75160114.05}}\"/end dialogue Alissa \"{{i18n:event-75160114.06}}\"",
		
		//Alissa concert (Alissa 8 hearts part 2)
			"75160120/f Alissa 2000/n AlissaPerform/e 75160119/w sunny/t 900 1400": "distantBanjo/84 49/farmer 84 52 0 Alissa 84 48 1 Lenny 85 47 2 Olga 86 48 3 Bert 86 49 3 Keahi 90 47 2 Vincent 92 49 0 Jas 91 46 2 Trinnie 91 48 3 Pika 81 56 2 Corine 94 46 0 Alex 94 44 2 Haley 96 45 3 Penny 93 40 1 Flor 94 39 2 Maru 95 40 3 Ysabelle 85 46 3 Richard 75 45 1 Ezekiel 76 46 0 Abigail 82 47 0 Kenneth 80 49 0 Sebastian 79 48 1 Sam 80 47 2 Elliott 79 45 1 Leah 81 45 3 Maddie 83 57 3 Lola 75 42 3 Freddie 75 43 3 Lewis 77 45 3 Willy 76 41 2 Shane 80 42 2 Caroline 86 44 1 Jodi 88 44 3 Emily 83 43 0/skippable/showFrame Alissa 21/advancedMove Keahi true 0 2 2 0 0 -2 -2 0/advancedMove Vincent true 0 -2 -2 0 0 2 2 0/animate Shane false true 100 20 20 20 20 20 20 20 20 20 20 20 21 22 23 24 24 24 24 24 24 23 22 21 20 20 20 20/pause 500/move farmer 0 -2 0/emote farmer 56/pause 500/showFrame Alissa 20/emote Alissa 32/pause 500/speak Alissa \"{{i18n:event-75160120.01}}\"/emote farmer 56/pause 500/speak Lenny \"{{i18n:event-75160120.02}}\"/showFrame Alissa 21/speak Alissa \"{{i18n:event-75160120.03}}\"/speak Olga \"{{i18n:event-75160120.04}}\"/speak Bert \"{{i18n:event-75160120.05}}\"/speak Alissa \"{{i18n:event-75160120.06}}\"/faceDirection Abigail 1/speak Abigail \"{{i18n:event-75160120.07}}\"/showFrame Alissa 22/faceDirection Sam 1/speak Sam \"{{i18n:event-75160120.08}}\"/speak Sebastian \"{{i18n:event-75160120.09}}\"/emote Alissa 60/pause 500/speak Alissa \"{{i18n:event-75160120.10}}\"/speak Abigail \"{{i18n:event-75160120.11}}\"/speak Alissa \"{{i18n:event-75160120.12}}\"/faceDirection Abigail 3/showFrame Alissa 20/emote Alissa 60/pause 500/emote farmer 32/pause 500/speak Alissa \"{{i18n:event-75160120.13}}\"/pause 1000/globalFade/viewport -1000 -1000/stopMusic/speak Lenny \"{{i18n:event-75160120.14}}\"/speak Kenneth \"{{i18n:event-75160120.15}}\"/message \"{{i18n:event-75160120.16}}\"/stopAdvancedMoves/warp Trinnie 84 42/faceDirection Trinnie 0/warp Keahi 83 42/faceDirection Keahi 0/warp Jas 85 42/faceDirection Jas 0/warp Vincent 86 42/faceDirection Vincent 0/warp Alex 87 44/faceDirection Alex 0/warp Haley 88 44/faceDirection Haley 0/warp Ysabelle 88 46/faceDirection Ysabelle 0/warp Corine 89 46/faceDirection Corine 0/warp Olga 83 44/faceDirection Olga 0/warp Bert 82 44/faceDirection Bert 0/warp farmer 85 44/faceDirection farmer 0/warp Flor 92 42/faceDirection Flor 3/warp Penny 92 43/faceDirection Penny 3/warp Maru 92 44/faceDirection Maru 3/warp Shane 81 46/stopAnimation Shane 0/faceDirection Shane 0/warp Pika 79 46/faceDirection Pika 0/warp Ezekiel 78 46/faceDirection Ezekiel 0/warp Richard 77 45/faceDirection Richard 1/warp Lewis 77 44/faceDirection Lewis 1/warp Willy 76 43/faceDirection Willy 1/warp Emily 80 42/faceDirection Emily 0/warp Maddie 90 43/faceDirection Maddie 0/warp Jodi 79 44/faceDirection Jodi 0/warp Caroline 80 44/faceDirection Caroline 0/warp Kenneth 76 39/faceDirection Kenneth 1/faceDirection Elliott 0/faceDirection Leah 0/warp Sebastian 89 40/faceDirection Sebastian 2/positionOffset Sebastian 20 -20/warp Abigail 81 39/faceDirection Abigail 2/positionOffset Abigail 40 -24/warp Sam 87 39/showFrame Sam 20/warp Lenny 77 42/faceDirection Lenny 1/faceDirection Freddie 1/faceDirection Lola 1/warp Alissa 85 40/showFrame Alissa 20/fade/viewport 85 41/pause 1000/emote Alissa 60/pause 500/speak Alissa \"{{i18n:event-75160120.17}}\"/speak Trinnie \"{{i18n:event-75160120.18}}\"/speak Ysabelle \"{{i18n:event-75160120.19}}\"/speak Emily \"{{i18n:event-75160120.20}}\"/speak Sam \"{{i18n:event-75160120.21}}\"/playMusic cm:AlissaConcert/animate Alissa false true 400 19 19 19 27 27 19/animate Abigail false true 118 49 34 35 48/animate Sam false true 236 20 21/animate Sebastian false true 118 42 43 52 53/animate Keahi false true 236 16 17 18 17/animate Vincent false true 236 20 8 21 8/animate Emily false true 236 16 17/animate Maru false true 236 29 30/animate Olga false true 300 24 25/animate Bert false true 300 24 25/animate Emily false true 236 16 17/animate Leah false true 236 30 31/animate Elliott false true 236 36 37/animate Ysabelle false true 200 34 35/animate Corine false true 300 34 35/pause 106500/stopMusic/playMusic cm:AlissaTheme/stopAnimation Alissa/stopAnimation Sebastian/stopAnimation Abigail/stopAnimation Sam/stopAnimation Keahi/stopAnimation Vincent/stopAnimation Emily/stopAnimation Maru/stopAnimation Olga/stopAnimation Bert/stopAnimation Leah/stopAnimation Elliott/stopAnimation Ysabelle/stopAnimation Corine/speak Lewis \"{{i18n:event-75160120.22}}\"/speak Ysabelle \"{{i18n:event-75160120.23}}\"/speak Alex \"{{i18n:event-75160120.24}}\"/speak Emily \"{{i18n:event-75160120.25}}\"/speak Shane \"{{i18n:event-75160120.26}}\"/speak Lenny \"{{i18n:event-75160120.27}}\"/speak Jas \"{{i18n:event-75160120.28}}\"/speak Keahi \"{{i18n:event-75160120.29}}\"/speak Olga \"{{i18n:event-75160120.30}}\"/speak Alissa \"{{i18n:event-75160120.31}}\"/emote farmer 20/pause 300/emote Alissa 60/pause 2000/globalFade/viewport -1000 -1000/message \"{{i18n:event-75160120.32}}\"/end dialogue Alissa \"{{i18n:event-75160120.33}}\"",
		
		//Corine angry (Corine 6 hearts)
			"75160124/f Corine 1500/e 75160123/w sunny/t 1200 1400": "cm:CorineTheme/110 88/farmer 108 84 2 Corine 110 89 1 Jio 137 87 0/skippable/pause 200/move farmer 0 2 2/emote farmer 8/emote Corine 40/pause 500/speak Corine \"{{i18n:event-75160124.01}}\"/move farmer 0 3 1/faceDirection Corine 3/emote Corine 56/pause 500/speak Corine \"{{i18n:event-75160124.02}}\"/emote farmer 56/pause 500/emote Corine 32/pause 500/speak Corine \"{{i18n:event-75160124.03}}\"/faceDirection Corine 1/jump Corine/pause 1000/speak Corine \"{{i18n:event-75160124.04}}\"/move Corine 5 0 1 true/move farmer 5 0 1 true/pause 1000/globalFade/viewport -1000 -1000/warp farmer 131 86/warp Corine 132 87/stopMusic/playMusic summer_day_ambient/fade/viewport 135 87/move farmer 1 0 1 true/move Corine 1 0 1 true/pause 1000/emote Jio 40/pause 1000/emote Corine 40/faceDirection Jio 3/speak Jio \"{{i18n:event-75160124.05}}\"/speak Corine \"{{i18n:event-75160124.06}}\"/emote Jio 40/pause 2000/speak Jio \"{{i18n:event-75160124.07}}\"/emote Corine 16 true/emote farmer 16/speak Corine \"{{i18n:event-75160124.08}}\"/move farmer 1 0 1/move Jio -1 0 3/speak Jio \"{{i18n:event-75160124.09}}\"/speak Corine \"{{i18n:event-75160124.10}}\"/faceDirection Corine 0/faceDirection farmer 2/speak Corine \"{{i18n:event-75160124.11}}\"/faceDirection farmer 3/move Corine -4 0 3/warp Corine -100 -100/speak Jio \"{{i18n:event-75160124.12}}\"/emote farmer 8/pause 1000/end dialogue Corine \"{{i18n:event-75160124.13}}\"",
		
		//Corine starts training (Corine 8 hearts)
			"75160125/f Corine 2000/e 75160124/w sunny/t 2000 2400": "nightTime/83 20/farmer 89 20 3 Corine 83 23 0 Jio -100 -100 0/skippable/pause 200/move Corine 0 -3 1 true/move farmer -3 0 3 true/pause 1000/emote Corine 8/pause 1000/speak Corine \"{{i18n:event-75160125.01}}\"/emote farmer 28/pause 500/move Corine 1 0 1/speak Corine \"{{i18n:event-75160125.02}}\"/emote farmer 32/pause 500/speak Corine \"{{i18n:event-75160125.03}}\"/playSound wand/emote Corine 16 true/emote farmer 16/pause 500/faceDirection farmer 0/faceDirection Corine 0/speak Corine \"{{i18n:event-75160125.04}}\"/emote farmer 40/pause 500/speak Corine \"{{i18n:event-75160125.05}}\"/globalFade/viewport -1000 -1000/changeToTemporaryMap Custom_Ridgeside_Ridge false/addTemporaryActor RSVSummoner1 16 32 44 30 2 false/warp farmer 41 37/warp Corine 42 37/fade/viewport 44 31/pause 1000/showFrame RSVSummoner1 16/message \"{{i18n:event-75160125.06}}\"/playSound wand/glow 255 0 255/pause 1000/playSound wand/glow 255 0 255/pause 1000/playSound wand/glow 255 0 255/playSound rockGolemSpawn/pause 1000/playSound rockGolemSpawn/pause 1000/playSound rockGolemSpawn/addTemporaryActor Beast1 16 32 42 31 1 false/addTemporaryActor Beast2 16 32 44 32 0 false/addTemporaryActor Beast3 16 32 46 31 3/faceDirection RSVSummoner1 2/message \"{{i18n:event-75160125.07}}\"/speak Corine \"{{i18n:event-75160125.08}}\"/message \"{{i18n:event-75160125.09}}\"/playSound shadowpeep/showFrame Jio 23/warp Jio 41 31/pause 1000/showFrame Jio 24/animate Jio false false 200 24 24 25 25 26 26 24/animate Beast2 false true 200 16 17 18 17 16 16 16/animate Beast3 false true 200 16 17 18 17 16 16 16/faceDirection RSVSummoner1 3/playSound swordswipe/emote RSVSummoner1 16 true/emote Corine 16 true/emote farmer 16/pause 1000/showFrame Beast1 19/speak Jio \"{{i18n:event-75160125.10}}\"/speak Corine \"{{i18n:event-75160125.11}}\"/speed Corine 3/move Corine 0 -4 0/message \"{{i18n:event-75160125.12}}\"/speak Jio \"{{i18n:event-75160125.13}}\"/message \"{{i18n:event-75160125.14}}\"/showFrame Corine 20/move farmer 0 -4 0/emote Corine 56/pause 500/speak Corine \"{{i18n:event-75160125.15}}\"/showFrame RSVSummoner1 17/message \"{{i18n:event-75160125.16}}\"/move Beast2 -1 0 3/speed Corine 3/move Corine 0 -1 1/animate Corine false false 200 22 23/playSound swordswipe/stopAnimation Beast2 19/speak Corine \"{{i18n:event-75160125.17}}\"/speak Jio \"{{i18n:event-75160125.18}}\"/message \"{{i18n:event-75160125.19}}\"/showFrame RSVSummoner1 18/glow 255 0 0 true/emote Jio 16 true/emote Corine 16 true/emote farmer 16/pause 1000/globalFade/viewport -1000 -1000/speak Jio \"{{i18n:event-75160125.20}}\"/speak Corine \"{{i18n:event-75160125.21}}\"/message \"{{i18n:event-75160125.22}}\"/playSound swordswipe/pause 1000/playSound swordswipe/message \"{{i18n:event-75160125.23}}\"/stopGlowing/warp Beast1 -100 -100/warp Beast2 -100 -101/warp Beast3 -101 -100/warp Jio 42 31/showFrame Jio 24/warp Corine 46 31/animate Corine true true 200 22 22/warp farmer 44 32/fade/viewport 44 31/speak Jio \"{{i18n:event-75160125.24}}\"/speak Corine \"{{i18n:event-75160125.25}}\"/message \"{{i18n:event-75160125.26}}\"/glow 255 0 0/playSound wand/emote Jio 16/speak Jio \"{{i18n:event-75160125.27}}\"/positionOffset Jio -20 0/positionOffset Jio -20 0/positionOffset Jio -20 0/positionOffset Jio -20 0/positionOffset Jio -20 0/positionOffset Jio -20 0/positionOffset farmer 0 20/positionOffset farmer 0 20/positionOffset farmer 0 20/positionOffset farmer 0 20/positionOffset farmer 0 20/speak Corine \"{{i18n:event-75160125.28}}\"/message \"{{i18n:event-75160125.29}}\"/speak Jio \"{{i18n:event-75160125.30}}\"/speak Corine \"{{i18n:event-75160125.31}}\"/stopAnimation Corine/speed Corine 3/move Corine 0 -1 3/speed Corine 3/move Corine -1 0 3/animate Corine true false 200 22 23/playSound swordswipe/emote RSVSummoner1 16/pause 500/speak Corine \"{{i18n:event-75160125.32}}\"/glow 255 0 255/showFrame RSVSummoner1 19/pause 4000/warp RSVSummoner1 -110 -100/globalFade/viewport -1000 -1000/warp farmer 38 32/faceDirection farmer 1/warp Corine 39 33/faceDirection Corine 1/warp Jio 42 33/faceDirection Jio 3/fade/viewport 41 31/pause 1000/emote Corine 40/pause 500/speak Corine \"{{i18n:event-75160125.33}}\"/speak Jio \"{{i18n:event-75160125.34}}\"/speak Corine \"{{i18n:event-75160125.35}}\"/emote farmer 40/pause 500/speak Jio \"{{i18n:event-75160125.36}}\"/speak Corine \"{{i18n:event-75160125.37}}\"/speak Jio \"{{i18n:event-75160125.38}}\"/speak Corine \"{{i18n:event-75160125.39}}\"/speak Jio \"{{i18n:event-75160125.40}}\"/speak Corine \"{{i18n:event-75160125.41}}\"/speak Jio \"{{i18n:event-75160125.42}}\"/emote Corine 40/pause 500/move Corine 1 0 1/speak Corine \"{{i18n:event-75160125.43}}\"/speak Jio \"{{i18n:event-75160125.44}}\"/speak Corine \"{{i18n:event-75160125.45}}\"/speak Jio \"{{i18n:event-75160125.46}}\"/playSound shadowpeep/showFrame Jio 23/pause 500/warp Jio -200 -200/pause 2000/emote farmer 40/pause 500/move Corine 0 -1 3/move Corine -1 0 3/speak Corine \"{{i18n:event-75160125.47}}\"/emote farmer 32/question null \"{{i18n:event-75160125.48}}#{{i18n:event-75160125.49}}#{{i18n:event-75160125.50}}#{{i18n:event-75160125.51}}#\"/playMusic cm:CorineTheme/emote Corine 60/faceDirection Corine 1/pause 1000/speak Corine \"{{i18n:event-75160125.52}}\"/faceDirection Corine 3/speak Corine \"{{i18n:event-75160125.53}}\"/showFrame Corine 25/positionOffset Corine -20 0/emote Corine 20/pause 1000/emote farmer 16/pause 1000/faceDirection Corine 3/warp Corine 39 32/speak Corine \"{{i18n:event-75160125.54}}\"/speed Corine 3/faceDirection farmer 2/move Corine 0 7 2 true/pause 500/emote farmer 60/pause 1000/end",
		
		//Maddie relaxing (Maddie 6 hearts)
			"75160136/f Maddie 1500/e 75160135/w sunny/t 900 1200": "summer_day_ambient/109 122/farmer 111 119 2 Maddie 107 123 1 Trinnie -100 -100 2/skippable/pause 200/move farmer 0 2 2/emote Maddie 56/speak Maddie \"{{i18n:event-75160136.01}}\"/move farmer 0 2 3/emote farmer 56/speak Maddie \"{{i18n:event-75160136.02}}\"/emote farmer 40/speak Maddie \"$q 75160136 null \"#{{i18n:event-75160136.03}}#$r 75160136 0 maddie3_1#{{i18n:event-75160136.04}}#$r 75160136 0 maddie3_2#{{i18n:event-75160136.05}}\"/fork MaddieBye/emote Maddie 60/faceDirection Maddie 0/speak Maddie \"{{i18n:event-75160136.06}}\"/emote farmer 32/move farmer -2 0 2/pause 1000/playMusic cm:MaddieTheme/faceDirection Maddie 1/emote Maddie 40/pause 1000/speak Maddie \"{{i18n:event-75160136.07}}\"/faceDirection farmer 3/emote farmer 32/emote Maddie 8/speak Maddie \"{{i18n:event-75160136.08}}\"/emote farmer 28/speak Maddie \"{{i18n:event-75160136.09}}\"/emote farmer 12/speak Maddie \"{{i18n:event-75160136.10}}\"/emote farmer 28/emote farmer 32/emote Maddie 16/speak Maddie \"{{i18n:event-75160136.11}}\"/emote farmer 28/faceDirection Maddie 0/emote Maddie 60/message \"{{i18n:event-75160136.12}}\"/move farmer -1 0 3/emote Maddie 8/speak Maddie \"{{i18n:event-75160136.13}}\"/faceDirection Maddie 1/emote Maddie 16 true/emote farmer 16/message \"{{i18n:event-75160136.14}}\"/speak Maddie \"{{i18n:event-75160136.15}}\"/speak Trinnie \"{{i18n:event-75160136.16}}\"/emote farmer 16 true/emote Maddie 16/showFrame Trinnie 25/warp Trinnie 105 119/faceDirection Maddie 3/playSound leafrustle/positionOffset Trinnie 0 30/positionOffset Trinnie 0 30/positionOffset Trinnie 0 30/positionOffset Trinnie 0 30/positionOffset Trinnie 0 30/positionOffset Trinnie 0 30/positionOffset Trinnie 0 30/positionOffset Trinnie 0 30/positionOffset Trinnie 0 30/playSound clubSmash/speak Trinnie \"{{i18n:event-75160136.17}}\"/speak Maddie \"{{i18n:event-75160136.18}}\"/speak Trinnie \"{{i18n:event-75160136.19}}\"/speak Maddie \"{{i18n:event-75160136.20}}\"/pause 1000/globalFade/viewport -1000 -1000/warp Trinnie 105 122/warp Maddie 105 123/faceDirection Maddie 0/warp farmer 105 121/faceDirection farmer 2/fade/viewport 105 122/pause 1000/emote Trinnie 28/emote Maddie 56/speak Maddie \"{{i18n:event-75160136.21}}\"/speak Trinnie \"{{i18n:event-75160136.22}}\"/speak Maddie \"{{i18n:event-75160136.23}}\"/emote farmer 56/move farmer 0 -7 0/warp farmer -100 -100/faceDirection Trinnie 2/speak Maddie \"{{i18n:event-75160136.24}}\"/speak Trinnie \"{{i18n:event-75160136.25}}\"/speak Maddie \"{{i18n:event-75160136.26}}\"/emote Trinnie 8/speak Trinnie \"{{i18n:event-75160136.27}}\"/emote Maddie 16/emote Maddie 60/speak Maddie \"{{i18n:event-75160136.28}}\"/speak Trinnie \"{{i18n:event-75160136.29}}\"/speak Maddie \"{{i18n:event-75160136.30}}\"/emote Trinnie 8/pause 1000/speak Trinnie \"{{i18n:event-75160136.31}}\"/speak Maddie \"{{i18n:event-75160136.32}}\"/speak Trinnie \"{{i18n:event-75160136.33}}\"/emote Maddie 16/faceDirection Maddie 3/emote Maddie 60/speak Maddie \"{{i18n:event-75160136.34}}\"/speak Trinnie \"{{i18n:event-75160136.35}}\"/emote Maddie 16/faceDirection Maddie 0/speak Maddie \"{{i18n:event-75160136.36}}\"/warp farmer 105 114/move farmer 0 7 2 true/pause 1000/faceDirection Trinnie 0/speak Trinnie \"{{i18n:event-75160136.37}}\"/speak Maddie \"{{i18n:event-75160136.38}}\"/emote farmer 32/pause 2000/globalFade/viewport -1000 -1000/message \"{{i18n:event-75160136.39}}\"/end dialogue Maddie \"{{i18n:event-75160136.40}}\"",
			"MaddieBye": "pause 500/emote farmer 28/move farmer 0 -4 0/speak Maddie \"{{i18n:event-75160136.MaddieBye.01}}\"/end",

		//Maddie confesses (Maddie 10 (previously 8) hearts)
			"75160138/f Maddie 2500/e 75160137/w sunny/n MaddieLetter/t 2200 2240": "nightTime/120 106/farmer 132 106 3 Maddie 120 107 2/skippable/pause 500/move farmer -6 0 3/emote farmer 8/pause 2000/speak Maddie \"{{i18n:event-75160138.01}}\"/pause 2000/move farmer -1 0 3/faceDirection Maddie 1/speak Maddie \"{{i18n:event-75160138.02}}\"/emote farmer 8/pause 2000/move farmer 0 1 2/emote Maddie 40/faceDirection Maddie 2/pause 2000/speak Maddie \"{{i18n:event-75160138.03}}\"/faceDirection farmer 3/playMusic cm:MaddieTheme/emote Maddie 40/speak Maddie \"{{i18n:event-75160138.04}}\"/faceDirection Maddie 1/pause 2000/speak Maddie \"{{i18n:event-75160138.05}}\"/faceDirection Maddie 2/pause 2000/speak Maddie \"{{i18n:event-75160138.06}}\"/globalFade/viewport -1000 -1000/pause 1000/message \"{{i18n:event-75160138.07}}\"/pause 1000/warp Maddie -100 -100/showFrame Maddie 36/fade/viewport -100 -100/pause 2000/message \"{{i18n:event-75160138.08}}\"/showFrame Maddie 39/pause 2000/message \"{{i18n:event-75160138.09}}\"/pause 2000/globalFade/viewport -1000 -1000/warp Maddie 120 107/faceDirection Maddie 2/fade/viewport 120 106/pause 1000/emote farmer 40/pause 1000/faceDirection Maddie 1/speak Maddie \"{{i18n:event-75160138.10}}\"/pause 1000/faceDirection Maddie 1/speak Maddie \"{{i18n:event-75160138.11}}\"/emote farmer 8/pause 1000/move Maddie 1 0 1/speak Maddie \"{{i18n:event-75160138.12}}\"/move Maddie 1 0 1/speak Maddie \"{{i18n:event-75160138.13}}\"/move Maddie 1 0 1/speak Maddie \"{{i18n:event-75160138.14}}\"/emote farmer 16/pause 1000/speak Maddie \"{{i18n:event-75160138.15}}\"/faceDirection Maddie 2/pause 1000/question null \"{{i18n:event-75160138.16}}#{{i18n:event-75160138.17}}#{{i18n:event-75160138.18}}#{{i18n:event-75160138.19}}#\"/speak Maddie \"{{i18n:event-75160138.20}}\"/question null \"{{i18n:event-75160138.21}}#{{i18n:event-75160138.22}}#{{i18n:event-75160138.23}}#{{i18n:event-75160138.24}}#\"/speak Maddie \"{{i18n:event-75160138.25}}\"/pause 1000/speak Maddie \"$q 75160138 null \"#{{i18n:event-75160138.26}}#$r 75160138 0 maddie4_1#{{i18n:event-75160138.27}}#$r 75160138 -500 maddie4_2#{{i18n:event-75160138.28}}\"/fork LeaveMaddie/message \"{{i18n:event-75160138.29}}\"/emote Maddie 8/pause 500/faceDirection Maddie 1/speak Maddie \"{{i18n:event-75160138.30}}\"/move farmer -1 0 3/message \"{{i18n:event-75160138.31}}\"/speak Maddie \"{{i18n:event-75160138.32}}\"/message \"{{i18n:event-75160138.33}}\"/speak Maddie \"{{i18n:event-75160138.34}}\"/message \"{{i18n:event-75160138.35}}\"/pause 2000/emote Maddie 40/pause 1000/speak Maddie \"{{i18n:event-75160138.36}}\"/emote farmer 40/pause 1000/faceDirection farmer 2/faceDirection Maddie 2/pause 2000/speak Maddie \"{{i18n:event-75160138.37}}\"/faceDirection Maddie 1/speak Maddie \"{{i18n:event-75160138.38}}\"/faceDirection farmer 3/pause 2000/speak Maddie \"{{i18n:event-75160138.39}}\"/emote farmer 32/pause 2000/speak Maddie \"{{i18n:event-75160138.40}}\"/move Maddie -3 0 3/emote Maddie 40/pause 2000/move Maddie 3 0 1/showFrame Maddie 28/positionOffset Maddie 20 0/emote farmer 16/pause 500/warp Maddie 123 107/faceDirection Maddie 1/speak Maddie \"{{i18n:event-75160138.41}}\"/move Maddie -5 0 3 true/pause 1000/emote farmer 60/pause 1000/end dialogue Maddie \"{{i18n:event-75160138.42}}\"",
			"LeaveMaddie": "pause 1000/move farmer 0 -1 1/faceDirection Maddie 1/move farmer 3 0 1/speak Maddie \"{{i18n:event-75160138.LeaveMaddie.01}}\"/end",
		
		//Ian checks mail (Ian 8 hearts)
			"75160149/f Ian 2000/e 75160148/t 700 1200/w sunny": "summer_day_ambient/113 75/farmer 112 71 2 Ian 113 74 1/skippable/pause 500/move farmer 0 1 2/emote farmer 8/emote Ian 28/faceDirection Ian 0/emote Ian 16/speak Ian \"{{i18n:event-75160149.01}}\"/faceDirection Ian 1/move farmer 0 1 1/emote Ian 40/speak Ian \"{{i18n:event-75160149.02}}\"/message \"{{i18n:event-75160149.03}}\"/emote Ian 40/speak Ian \"{{i18n:event-75160149.04}}\"/emote farmer 8/faceDirection Ian 3/faceDirection farmer 2/speak Ian \"{{i18n:event-75160149.05}}\"/move farmer 0 1 1/message \"{{i18n:event-75160149.06}}\"/speak Ian \"{{i18n:event-75160149.07}}\"/emote farmer 28/speak Ian \"{{i18n:event-75160149.08}}\"/emote farmer 32/message \"{{i18n:event-75160149.09}}\"/pause 1000/message \"{{i18n:event-75160149.10}}\"/emote Ian 16/speak Ian \"{{i18n:event-75160149.11}}\"/emote farmer 32/speak Ian \"{{i18n:event-75160149.12}}\"/emote farmer 32/speak Ian \"{{i18n:event-75160149.13}}\"/globalFade/viewport -1000 -1000/warp farmer 120 75/faceDirection farmer 1/warp Ian 123 75/faceDirection Ian 3/fade/viewport 121 75/pause 1000/emote Ian 60/speak Ian \"{{i18n:event-75160149.14}}\"/emote farmer 40/pause 1000/message \"{{i18n:event-75160149.15}}\"/pause 2000/speak Ian \"{{i18n:event-75160149.16}}\"/playMusic cm:IanTheme/emote farmer 32/emote Ian 60/speak Ian \"{{i18n:event-75160149.17}}\"/emote farmer 32/move Ian 0 -1 3/move Ian -3 0 2/faceDirection farmer 0/speak Ian \"{{i18n:event-75160149.18}}\"/jump Ian/emote farmer 32/emote Ian 16/speak Ian \"{{i18n:event-75160149.19}}\"/emote farmer 32/speak Ian \"{{i18n:event-75160149.20}}\"/emote farmer 60/move Ian -1 0 3/faceDirection farmer 3/jump Ian/speak Ian \"{{i18n:event-75160149.21}}\"/faceDirection Ian 1/emote farmer 56/pause 2000/globalFade/viewport -1000 -1000/message \"{{i18n:event-75160149.22}}\"/end dialogue Ian \"{{i18n:event-75160149.23}}\"",
		
		//Jeric and his farm (Jeric 6 hearts)
			"75160153/f Jeric 1500/e 75160152/t 1600 1800/w sunny": "playful/47 32/farmer 50 32 3 Jeric 46 32 0/skippable/move farmer -2 0 3/emote Jeric 56/speak Jeric \"{{i18n:event-75160153.01}}\"/faceDirection Jeric 1/emote Jeric 32/speak Jeric \"{{i18n:event-75160153.02}}\"/emote farmer 32/speak Jeric \"{{i18n:event-75160153.03}}\"/emote farmer 56/speak Jeric \"{{i18n:event-75160153.04}}\"/globalFade/viewport -1000 -1000/warp farmer 34 20/faceDirection farmer 1/warp Jeric 36 21/fade/viewport 38 20/move Jeric 3 0 0/move Jeric 0 -1 3/speak Jeric \"{{i18n:event-75160153.05}}\"/emote farmer 56/move Jeric 1 0 0/move farmer 0 1 1/move farmer 4 0 0/move Jeric -1 0 1/speak Jeric \"{{i18n:event-75160153.06}}\"/move Jeric 0 1 3/speak Jeric \"{{i18n:event-75160153.07}}\"/message \"{{i18n:event-75160153.08}}\"/speak Jeric \"{{i18n:event-75160153.09}}\"/emote farmer 56/speak Jeric \"{{i18n:event-75160153.10}}\"/pause 1000/emote farmer 32/emote Jeric 32/speak Jeric \"{{i18n:event-75160153.11}}\"/faceDirection farmer 1/emote farmer 16/speak Jeric \"{{i18n:event-75160153.12}}\"/emote farmer 16/emote Jeric 32/speak Jeric \"{{i18n:event-75160153.13}}\"/faceDirection Jeric 2/emote Jeric 56/speak Jeric \"{{i18n:event-75160153.14}}\"/faceDirection farmer 2/emote farmer 32/pause 1000/speak Jeric \"{{i18n:event-75160153.15}}\"/faceDirection farmer 1/emote farmer 12/pause 500/faceDirection Jeric 3/emote Jeric 28/pause 2000/end position 45 35",
		
		//Jeric admits defeat (Jeric 8 hearts)
			"75160154/f Jeric 2000/t 1200 1800/e 75160153/w sunny": "summer_day_ambient/51 26/farmer 55 27 3 Jeric 47 27 1/skippable/changeToTemporaryMap Custom_Ridgeside_RSVTheHike false/move farmer -2 0 3 true/move Jeric 2 0 1 true/emote farmer 8/emote Jeric 60/pause 2000/speak Jeric \"{{i18n:event-75160154.01}}\"/emote farmer 8/speak Jeric \"{{i18n:event-75160154.02}}\"/emote Jeric 32/pause 1000/faceDirection Jeric 2/speak Jeric \"{{i18n:event-75160154.03}}\"/emote farmer 8/faceDirection Jeric 1/speak Jeric \"{{i18n:event-75160154.04}}\"/emote farmer 32/globalFade/viewport -1000 -1000/warp farmer 46 36/faceDirection farmer 2/warp Jeric 47 36/faceDirection Jeric 2/fade/viewport 48 31/pause 1000/emote Jeric 56/faceDirection farmer 1/emote farmer 8/speak Jeric \"{{i18n:event-75160154.05}}\"/faceDirection Jeric 3/speak Jeric \"{{i18n:event-75160154.06}}\"/faceDirection farmer 2/faceDirection Jeric 2/speak Jeric \"{{i18n:event-75160154.07}}\"/emote farmer 8/emote farmer 40/speak Jeric \"{{i18n:event-75160154.08}}\"/faceDirection farmer 1/emote farmer 12/faceDirection Jeric 3/emote Jeric 28/speak Jeric \"{{i18n:event-75160154.09}}\"/emote farmer 60/faceDirection farmer 2/faceDirection Jeric 2/speak Jeric \"{{i18n:event-75160154.10}}\"/faceDirection farmer 1/emote farmer 40/emote farmer 12/emote Jeric 28/faceDirection Jeric 3/speak Jeric \"{{i18n:event-75160154.11}}\"/emote farmer 56/emote Jeric 16/speak Jeric \"{{i18n:event-75160154.12}}\"/message \"{{i18n:event-75160154.13}}\"/playMusic cm:JericTheme/emote Jeric 60/pause 1000/faceDirection Jeric 2/speak Jeric \"{{i18n:event-75160154.14}}\"/faceDirection Jeric 3/speak Jeric \"{{i18n:event-75160154.15}}\"/emote farmer 32/faceDirection farmer 2/faceDirection Jeric 2/speak Jeric \"{{i18n:event-75160154.16}}\"/emote farmer 56/pause 2000/faceDirection Jeric 3/speak Jeric \"{{i18n:event-75160154.17}}\"/emote farmer 16/faceDirection farmer 1/emote Jeric 32/speak Jeric \"{{i18n:event-75160154.18}}\"/emote farmer 28/pause 2000/globalFade/viewport -1000 -1000/message \"{{i18n:event-75160154.19}}\"/end dialogue Jeric \"{{i18n:event-75160154.20}}\"",
		
		//Jeric date (Jeric 10 hearts part 2)
			"75160156/n JericLetter/e 75160155/D Jeric/w sunny/t 1700 1800": "cm:JericTheme/31 47/farmer 35 45 2 Jeric 33 47 3/skippable/addFloorProp 329 30 48/addFloorProp 330 31 48/addFloorProp 331 32 48/addFloorProp 361 30 49/addFloorProp 362 31 49/addFloorProp 363 32 49/pause 500/emote farmer 16/faceDirection Jeric 1/speak Jeric \"{{i18n:event-75160156.01}}\"/move farmer 0 2 3/emote farmer 20/move Jeric 1 0 1/speak Jeric \"{{i18n:event-75160156.02}}\"/emote farmer 20/speak Jeric \"{{i18n:event-75160156.03}}\"/move Jeric -3 0 2 true/move farmer -3 0 2 true/speak Jeric \"{{i18n:event-75160156.04}}\"/faceDirection farmer 3/speak Jeric \"{{i18n:event-75160156.05}}\"/emote farmer 32/faceDirection Jeric 1/emote Jeric 60/speak Jeric \"{{i18n:event-75160156.06}}\"/emote farmer 32/emote Jeric 56/speak Jeric \"{{i18n:event-75160156.07}}\"/emote farmer 32/message \"{{i18n:event-75160156.08}}\"/speak Jeric \"{{i18n:event-75160156.09}}\"/showFrame Jeric 42/positionOffset Jeric 10 0/positionOffset farmer -10 0/animate farmer true true 100 101/emote farmer 20/pause 2000/viewport -1000 -1000/message \"{{i18n:event-75160156.10}}\"/speak Jeric \"{{i18n:event-75160156.11}}\"/pause 1000/end dialogue Jeric \"{{i18n:event-75160156.12}}\"",
		
		//Kenneth fix lamp (Kenneth 2 hearts)
			"75160157/f Kenneth 500/w rainy/t 1200 1400": "playful/128 25/farmer 135 26 3 Kenneth 127 25 3/skippable/showFrame Kenneth 19/pause 500/emote Kenneth 56/move farmer -6 0 3/emote farmer 8/speak Kenneth \"{{i18n:event-75160157.01}}\"/emote Kenneth 8/showFrame Kenneth 17/speak Kenneth \"{{i18n:event-75160157.02}}\"/emote farmer 56/speak Kenneth \"{{i18n:event-75160157.03}}\"/emote farmer 32/showFrame Kenneth 19/move farmer -3 0 3/playSound crafting/emote Kenneth 16/emote farmer 8/faceDirection farmer 0/speak Kenneth \"{{i18n:event-75160157.04}}\"/emote farmer 32/emote Kenneth 28/speak Kenneth \"{{i18n:event-75160157.05}}\"/emote farmer 56/move farmer 1 0 0/pause 2000/move farmer -1 0 0/playSound pickUpItem/speak Kenneth \"{{i18n:event-75160157.06}}\"/emote farmer 56/emote Kenneth 28/speak Kenneth \"{{i18n:event-75160157.07}}\"/move Kenneth 0 1 3/faceDirection farmer 1/speak Kenneth \"{{i18n:event-75160157.08}}\"/emote farmer 32/speak Kenneth \"{{i18n:event-75160157.09}}\"/emote farmer 16/speak Kenneth \"{{i18n:event-75160157.10}}\"/speed Kenneth 3/move Kenneth 0 6 2 true/pause 1000/emote farmer 28/end dialogue Kenneth \"{{i18n:event-75160157.11}}\"",
		
		//Philip asleep (Philip 8 hearts)
			"75160166/e 75160165/f Philip 2000/w sunny/t 1600 1800": "cm:PhilipTheme/113 23/farmer 114 27 0 Philip 112 23 2/skippable/showFrame Philip 23/pause 500/emote farmer 8/move farmer 0 -4 3/move farmer -1 0 3/message \"{{i18n:event-75160166.01}}\"/speak Philip \"{{i18n:event-75160166.02}}\"/emote Philip 8/faceDirection Philip 2/jump Philip/emote Philip 16/speak Philip \"{{i18n:event-75160166.03}}\"/faceDirection Philip 1/speak Philip \"{{i18n:event-75160166.04}}\"/emote farmer 32/speak Philip \"{{i18n:event-75160166.05}}\"/emote farmer 8/speak Philip \"{{i18n:event-75160166.06}}\"/emote farmer 56/faceDirection Philip 2/faceDirection farmer 2/speak Philip \"{{i18n:event-75160166.07}}\"/emote farmer 32/showFrame Philip 23/speak Philip \"{{i18n:event-75160166.08}}\"/emote farmer 8/positionOffset Philip 10 0/message \"{{i18n:event-75160166.09}}\"/emote farmer 32/speak Philip \"{{i18n:event-75160166.10}}\"/message \"{{i18n:event-75160166.11}}\"/showFrame 4/pause 1000/message \"{{i18n:event-75160166.12}}\"/pause 2000/globalFade/viewport -1000 -1000/pause 2000/addTemporaryActor Lenny 16 32 114 23 3/speak Lenny \"{{i18n:event-75160166.13}}\"/fade/viewport 113 23/pause 1000/emote farmer 16/emote Philip 16/faceDirection farmer 1/faceDirection Philip 1/speak Philip \"{{i18n:event-75160166.14}}\"/emote farmer 28/speak Lenny \"{{i18n:event-75160166.15}}\"/emote farmer 28 true/emote Philip 28/speak Philip \"{{i18n:event-75160166.16}}\"/speak Lenny \"{{i18n:event-75160166.17}}\"/move Lenny 0 -1 0/playSound doorClose/warp Lenny -100 -100/emote Philip 60/faceDirection farmer 3/emote farmer 60/speak Philip \"{{i18n:event-75160166.18}}\"/emote farmer 60/speak Philip \"{{i18n:event-75160166.19}}\"/emote farmer 32/emote farmer 60/speak Philip \"{{i18n:event-75160166.20}}\"/emote farmer 32/pause 1000/end dialogue Philip \"{{i18n:event-75160166.21}}\"",
		
		//Greenhouse1 restoration
			"75160174/Hn GH1Letter": "SettlingIn/53 68/farmer 53 72 0 Lenny 53 68 2 Aguar 60 75 0 Alissa 51 73 0 Bert 49 73 0 Olga 50 73 0 Ezekiel 48 71 1 Corine 47 70 1 Ysabelle 47 69 1 Ian 55 67 2 Jeric 55 73 0 Freddie 46 68 1 Lola 46 67 1 Maddie 56 74 0 Kenneth 59 68 3 Richard 58 73 0 Trinnie 51 70 0 Keahi 50 70 0 Pika 59 71 3 Flor 60 70 3 Philip 47 66 1 Shiro 57 75 0 Yuuma 58 75 0/skippable/pause 2000/emote Lenny 32/speak Lenny \"{{i18n:event-75160174.01}}\"/pause 500/emote farmer 32 true/emote Alissa 20 true/emote Kenneth 56/textAboveHead Jeric \"{{i18n:event-75160174.02}}\"/textAboveHead Bert \"{{i18n:event-75160174.03}}\"/textAboveHead Trinnie \"{{i18n:event-75160174.04}}\"/textAboveHead Ian \"{{i18n:event-75160174.05}}\"/textAboveHead Lola \"{{i18n:event-75160174.06}}\"/textAboveHead Richard \"{{i18n:event-75160174.07}}\"/globalFade/viewport -1000 -1000/pause 500/message \"{{i18n:event-75160174.08}}\"/addConversationTopic RSV_GH1 1/end",
		
		},
	},

//QuestEvents
	{
		"Action": "EditData",
		"Target": "Data/Events/Custom_Ridgeside_RidgesideVillage",
		"Entries": {
			//Minecart Plot unlock
			"75160189/H/j 28/w sunny": "continue/69 29/farmer 74 30 3 Lenny 69 30 0/pause 500/move farmer -3 0 3/emote Lenny 16/pause 500/faceDirection Lenny 1/pause 500/speak Lenny \"{{i18n:event-75160189.01}}\"/emote farmer 32/pause 500/faceDirection farmer 0/pause 500/emote farmer 8/pause 500/faceDirection Lenny 0/pause 500/speak Lenny \"{{i18n:event-75160189.02}}\"/emote farmer 32/faceDirection farmer 3/faceDirection Lenny 1/speak Lenny \"{{i18n:event-75160189.03}}\"/pause 500/faceDirection farmer 0/move Lenny 0 -3 0/globalFade/viewport -1000 -1000/warp farmer 70 21/warp Lenny 68 21/fade/viewport 69 19/pause 500/move farmer 0 -1 0 true/move Lenny 0 -1 0 true/pause 1000/emote Lenny 56/speak Lenny \"{{i18n:event-75160189.04}}\"/emote Lenny 40/pause 1000/emote Lenny 56/emote farmer 8/faceDirection farmer 3/pause 500/faceDirection Lenny 1/speak Lenny \"{{i18n:event-75160189.05}}\"/emote farmer 28/speak Lenny \"{{i18n:event-75160189.06}}\"/faceDirection Lenny 0/pause 500/faceDirection Lenny 1/speak Lenny \"{{i18n:event-75160189.07}}\"/emote farmer 32/emote Lenny 56/speak Lenny \"{{i18n:event-75160189.08}}\"/emote farmer 56/pause 500/faceDirection farmer 0/faceDirection Lenny 0/pause 1000/end position 69 21",
		
			//Minecart fixed
			"75160190/w sunny/H/e 75160191": "SettlingIn/69 18/farmer 70 20 0 Lenny 68 20 0 Robin 69 16 0 Ian 70 16 0 Clint 67 16 1/pause 500/move farmer 0 -1 0 true/move Lenny 0 -1 0 true/emote Robin 56/pause 500/emote Ian 28/emote Clint 56/speak Robin \"{{i18n:event-75160190.01}}\"/speak Ian \"{{i18n:event-75160190.02}}\"/faceDirection Clint 2/speak Clint \"{{i18n:event-75160190.03}}\"/faceDirection Robin 2/faceDirection Ian 2/emote Lenny 56/speak Lenny \"{{i18n:event-75160190.04}}\"/move Robin 0 1 2/speak Robin \"{{i18n:event-75160190.05}}\"/emote farmer 32/speak Robin \"{{i18n:event-75160190.06}}\"/speak Lenny \"{{i18n:event-75160190.07}}\"/emote Clint 32/speak Clint \"{{i18n:event-75160190.08}}\"/speak Ian \"{{i18n:event-75160190.09}}\"/speak Lenny \"{{i18n:event-75160190.10}}\"/emote farmer 32/pause 1000/end position 69 21",

		}
	},	

        {
                //Event dialogue Bert 2 hearts
                "Action": "EditData",
                "Target": "Characters/Dialogue/Bert",
                "Entries": {                        
                        "bert1_1": "{{i18n:event-75160065.Fork1}}",
                        "bert1_2": "{{i18n:event-75160065.Fork2}}",                
                }
        },
        {
                //Event dialogue Ezekiel 2 hearts
                "Action": "EditData",
                "Target": "Characters/Dialogue/Ezekiel",
                "Entries": {                        
                        "ezekiel1_1": "{{i18n:event-75160070.Fork1}}",
                        "ezekiel1_2": "{{i18n:event-75160070.Fork2}}",                
                }
        },        

        {
                //Event dialogue Trinnie 2 hearts
                "Action": "EditData",
                "Target": "Characters/Dialogue/Trinnie",
                "Entries": {                        
                        "trinnie1_1": "{{i18n:event-75160106.Fork1}}",
                        "trinnie1_2": "{{i18n:event-75160106.Fork2}}",                
                }
        },

        {
                //Event dialogue Philip 8 hearts
                "Action": "EditData",
                "Target": "Characters/Dialogue/Philip",
                "Entries": {
                        "philip1_1": "{{i18n:event-75160165.Fork1}}",
                        "philip1_2": "{{i18n:event-75160165.Fork2}}",
                        "philip1_3": "{{i18n:event-75160165.Fork3}}",
                },
        },

        {
                //Event dialogue Maddie 6 hearts
                "Action": "EditData",
                "Target": "Characters/Dialogue/Maddie",
                "Entries": {                        
                        
                        "maddie3_1": "{{i18n:event-75160136.Fork1}}",
                        "maddie3_2": "{{i18n:event-75160136.Fork2}}",
                }
        },

         {
                //Event dialogue Maddie 10 (previously 8) hearts
                "Action": "EditData",
                "Target": "Characters/Dialogue/Maddie",
                "Entries": {                                              
                        "maddie4_1": "{{i18n:event-75160138.Fork1}}",
                        "maddie4_2": "{{i18n:event-75160138.Fork2}}",
                }
        },

]
}
