{
"Changes": [
	
	{
		"LogName": "LolaShed Events",
		"Action": "EditData",
		"Target": "Data/Events/Custom_Ridgeside_LolaShed",
		"Entries": {
		//Lola at shed (Lola 8 hearts)
			"75160093/f Lola 2000": "LavaMine/9 13/farmer 9 16 0 Lola 13 5 1/skippable/pause 300/emote farmer 16/pause 500/playSound hammer/pause 1000/playSound hammer/viewport move 0 -1 2000/move farmer 0 -4 0/pause 1000/emote Lola 32/pause 500/speak Lola \"{{i18n:event-75160093.01}}\"/faceDirection Lola 2/emote Lola 56/pause 500/speak Lola \"{{i18n:event-75160093.02}}\"/move Lola 0 5 3/move Lola -4 0 2/viewport move 0 1 -1000/pause 1000/emote farmer 28/pause 500/emote Lola 56/pause 500/speak Lola \"{{i18n:event-75160093.03}}\"/emote farmer 16/pause 500/faceDirection farmer 1/pause 1000/faceDirection farmer 2/pause 1000/faceDirection farmer 3/pause 1000/faceDirection farmer 0/emote Lola 32/pause 500/speak Lola \"{{i18n:event-75160093.04}}\"/faceDirection Lola 3/emote Lola 40/pause 500/emote farmer 8/pause 500/faceDirection Lola 2/speak Lola \"{{i18n:event-75160093.05}}\"/faceDirection Lola 3/pause 1000/emote farmer 8/pause 500/speak Lola \"{{i18n:event-75160093.06}}\"/emote farmer 28/pause 500/faceDirection Lola 2/speak Lola \"{{i18n:event-75160093.07}}\"/emote farmer 16/pause 500/speak Lola \"{{i18n:event-75160093.08}}\"/emote farmer 32/pause 1000/end",
		},
	},

	
]
}
