{
"Changes": [
	
	{
		"LogName": "MaddieHouse Events",
		"Action": "EditData",
		"Target": "Data/Events/Custom_Ridgeside_MaddieHouse",
		"Entries": {
		//Maddie needs field samples (Maddie 4 hearts)
			"75160135/f Maddie 1000/t 900 1200/w sunny/e 75160134": "playful/6 11/farmer 6 15 0 Maddie 6 11 1/skippable/pause 500/emote farmer 8/pause 1000/faceDirection Maddie 2/emote Maddie 8/pause 500/speak Maddie \"{{i18n:event-75160135.01}}\"/emote farmer 32/pause 500/speak Maddie \"{{i18n:event-75160135.02}}\"/emote farmer 28/pause 500/speak Maddie \"$q 75160135 null \"#{{i18n:event-75160135.03}}#$r 75160135 0 maddie2_1#{{i18n:event-75160135.04}}#$r 75160135 0 maddie2_2#{{i18n:event-75160135.05}}#$r 75160135 0 maddie2_3#{{i18n:event-75160135.06}}\"/fork MaddieGo/pause 500/move Maddie 0 2 2/speak Maddie \"{{i18n:event-75160135.07}}\"/emote farmer 28/pause 1000/globalFade/viewport -1000 -1000/changeToTemporaryMap Custom_Ridgeside_Ridge false/warp farmer 26 24/faceDirection farmer 0/warp Maddie 25 20/faceDirection Maddie 2/showFrame Maddie 16/fade/viewport 26 21/pause 1000/emote farmer 56/pause 1000/emote Maddie 8/pause 500/speak Maddie \"{{i18n:event-75160135.08}}\"/emote farmer 28/faceDirection farmer 3/pause 2000/emote Maddie 56/speak Maddie \"{{i18n:event-75160135.09}}\"/faceDirection Maddie 2/move Maddie 1 0 2/speak Maddie \"{{i18n:event-75160135.10}}\"/doAction 27 19/playSound leafrustle/emote farmer 16 true/emote Maddie 16/faceDirection farmer 0/jump Maddie/speak Maddie \"{{i18n:event-75160135.11}}\"/speed Maddie 4/move Maddie 0 3 2/emote farmer 8/positionOffset Maddie 0 20/message \"{{i18n:event-75160135.12}}\"/speak Maddie \"{{i18n:event-75160135.13}}\"/doAction 27 19/pause 2000/playSound leafrustle/addTemporaryActor RSVbunny1 16 16 26 20 2 false/emote farmer 16/emote Maddie 8/question null \"{{i18n:event-75160135.14}}#{{i18n:event-75160135.15}}#{{i18n:event-75160135.16}}#{{i18n:event-75160135.17}}#\"/emote Maddie 8/warp Maddie 26 23/faceDirection Maddie 2/message \"{{i18n:event-75160135.18}}\"/emote Maddie 60/emote farmer 28/speak Maddie \"{{i18n:event-75160135.19}}\"/emote farmer 28/pause 500/faceDirection Maddie 0/emote Maddie 16/speak Maddie \"{{i18n:event-75160135.20}}\"/move RSVbunny1 0 1 2/move Maddie 0 -1 0/emote RSVbunny1 56/emote Maddie 20/speak Maddie \"{{i18n:event-75160135.21}}\"/emote farmer 32/pause 500/emote Maddie 16/pause 1000/faceDirection Maddie 2/speak Maddie \"{{i18n:event-75160135.22}}\"/emote farmer 28/faceDirection Maddie 3/emote Maddie 60/pause 1000/move RSVbunny1 1 0 2/move RSVbunny1 0 2 3/emote Maddie 8 true/emote farmer 8/move RSVbunny1 -1 0 2/faceDirection Maddie 2/speak Maddie \"{{i18n:event-75160135.23}}\"/emote farmer 28/emote RSVbunny1 56/speak Maddie \"{{i18n:event-75160135.24}}\"/showFrame Maddie 16/message \"{{i18n:event-75160135.25}}\"/emote farmer 32/emote RSVbunny1 20/speak Maddie \"{{i18n:event-75160135.26}}\"/emote farmer 20/pause 1000/message \"{{i18n:event-75160135.27}}\"/faceDirection Maddie 3/emote Maddie 60/speak Maddie \"{{i18n:event-75160135.28}}\"/emote farmer 28/pause 1000/globalFade/viewport -1000 -1000/message \"{{i18n:event-75160135.29}}\"/end dialogue Maddie \"{{i18n:event-75160135.30}}\"",
			"MaddieGo": "pause 500/speak Maddie \"{{i18n:event-75160135.MaddieGo.01}}\"/end",
		
		//Maddie date (Maddie 10 hearts part 4 (previously part 2))
			"75160140/f Maddie 2500/n MaddieDate/t 1600 1800/w sunny/e 75160139": "cm:MaddieTheme/6 12/farmer 4 14 1 Maddie 6 12 1/skippable/pause 500/move farmer 2 0 0/emote farmer 8/faceDirection Maddie 2/emote Maddie 60/speak Maddie \"{{i18n:event-75160140.01}}\"/move Maddie 0 1 2/emote farmer 16/speak Maddie \"{{i18n:event-75160140.02}}\"/emote farmer 32/pause 500/emote Maddie 20/speak Maddie \"{{i18n:event-75160140.03}}\"/faceDirection Maddie 1/speak Maddie \"{{i18n:event-75160140.04}}\"/emote farmer 28/pause 1000/globalFade/viewport -1000 -1000/message \"{{i18n:event-75160140.05}}\"/speak Maddie \"{{i18n:event-75160140.06}}\"/pause 3000/playSound busDoorOpen/message \"{{i18n:event-75160140.07}}\"/speak Maddie \"{{i18n:event-75160140.08}}\"/changeToTemporaryMap Custom_Ridgeside_PrincessVilleDate false/warp farmer 39 45/faceDirection farmer 0/warp Maddie 39 44/faceDirection Maddie 0/fade/viewport 39 44/pause 200/move Maddie 0 -3 0/emote Maddie 56/speak Maddie \"{{i18n:event-75160140.09}}\"/faceDirection Maddie 2/move Maddie 0 3 2/speak Maddie \"{{i18n:event-75160140.10}}\"/emote farmer 16/emote Maddie 16/speak Maddie \"{{i18n:event-75160140.11}}\"/emote farmer 32/move Maddie 0 -5 0 true/move farmer 0 -5 0 true/pause 1500/globalFade/viewport -1000 -1000/warp farmer 31 23/faceDirection farmer 1/warp Maddie 32 23/faceDirection Maddie 0/fade/viewport 32 23/emote Maddie 56/emote farmer 32/pause 3000/globalFade/viewport -1000 -1000/warp farmer 84 34/faceDirection farmer 0/warp Maddie 85 34/faceDirection Maddie 0/fade/viewport 86 33/pause 500/emote Maddie 56/speak Maddie \"{{i18n:event-75160140.12}}\"/emote farmer 56/pause 2000/faceDirection Maddie 3/pause 2000/faceDirection farmer 1/speak Maddie \"{{i18n:event-75160140.13}}\"/emote farmer 32/emote Maddie 60/speak Maddie \"{{i18n:event-75160140.14}}\"/showFrame Maddie 25/positionOffset Maddie -10 0/positionOffset farmer 10 20/animate farmer false true 100 101/pause 2000/globalFade/viewport -1000 -1000/message \"{{i18n:event-75160140.15}}\"/speak Maddie \"{{i18n:event-75160140.16}}\"/pause 1000/end dialogue Maddie \"{{i18n:event-75160140.17}}\"",
		},
	},

        {
                //Event dialogue Maddie 4 hearts
                "Action": "EditData",
                "Target": "Characters/Dialogue/Maddie",
                "Entries": {                        
                        "maddie2_1": "{{i18n:event-75160135.Fork1}}",
                        "maddie2_2": "{{i18n:event-75160135.Fork2}}",
                        "maddie2_3": "{{i18n:event-75160135.Fork3}}",
                }
        },
	
]
}
