{
"Changes": [
	
	{
		"LogName": "AlissaHouse Events",
		"Action": "EditData",
		"Target": "Data/Events/Custom_Ridgeside_AlissaHouse",
		"Entries": {
		//Alissa wrote a song (Alissa 6 hearts part 2)
			"75160118/e 75160117/n AlissaLetter/f Alissa 1500/w sunny": "playful/7 9/farmer 7 13 0 Alissa 6 8 2 Lenny -100 -100 0/skippable/pause 500/emote Alissa 16/pause 500/speak Alissa \"{{i18n:event-75160118.01}}\"/emote farmer 32/pause 500/move farmer 0 -4 3/emote Alissa 56/pause 500/speak Alissa \"{{i18n:event-75160118.02}}\"/emote farmer 8/pause 500/emote Alissa 40/pause 2000/emote Alissa 16/pause 500/move Alissa 1 0 2/faceDirection farmer 0/emote farmer 8/pause 500/speak Alissa \"{{i18n:event-75160118.03}}\"/emote farmer 32/pause 500/speak Alissa \"{{i18n:event-75160118.04}}\"/move farmer 0 4 2 true/move Alissa 0 4 2 true/pause 1500/globalFade/viewport -1000 -1000/changeToTemporaryMap Custom_Ridgeside_RidgesideVillage false/warp Alissa 88 48/warp farmer 90 48/fade/viewport 89 41/move Alissa 0 -5 0 true/move farmer 0 -5 3 true/pause 3000/faceDirection Alissa 1/pause 1000/faceDirection Alissa 2/pause 1000/faceDirection Alissa 3/pause 1000/faceDirection Alissa 1/emote Alissa 56/pause 500/speak Alissa \"{{i18n:event-75160118.05}}\"/emote farmer 28/pause 500/speak Alissa \"{{i18n:event-75160118.06}}\"/advancedMove Alissa false 0 -1 3 0 0 -3 -1 0/pause 1800/advancedMove farmer false 1 0 0 -3/pause 2000/faceDirection farmer 3/faceDirection Alissa 2/emote Alissa 40/pause 500/speak Alissa \"{{i18n:event-75160118.07}}\"/playSound skeletonStep/pause 500/emote Alissa 56/pause 500/speak Alissa \"{{i18n:event-75160118.08}}\"/faceDirection Alissa 1/speak Alissa \"{{i18n:event-75160118.09}}\"/emote farmer 56/pause 500/faceDirection Alissa 2/speak Alissa \"{{i18n:event-75160118.10}}\"/stopMusic/pause 2000/showFrame Alissa 18/pause 2000/playMusic cm:AlissaVocals/pause 4000/stopMusic/faceDirection Alissa 1/emote Alissa 28 true/emote farmer 8/pause 500/speak Alissa \"{{i18n:event-75160118.11}}\"/emote farmer 28/faceDirection Alissa 2/pause 2000/showFrame Alissa 18/pause 2000/playMusic cm:AlissaWithPiano/pause 25000/stopMusic/faceDirection Alissa 2/message \"{{i18n:event-75160118.12}}\"/pause 2000/faceDirection Alissa 1/emote Alissa 28/pause 500/speak Alissa \"{{i18n:event-75160118.13}}\"/emote farmer 20/pause 500/speak Alissa \"{{i18n:event-75160118.14}}\"/speak Lenny \"{{i18n:event-75160118.15}}\"/emote farmer 16 true/emote Alissa 16/faceDirection farmer 2/faceDirection Alissa 2/warp Lenny 89 48/move Lenny 0 -6 0 true/pause 2000/speak Alissa \"{{i18n:event-75160118.16}}\"/speak Lenny \"{{i18n:event-75160118.17}}\"/speak Alissa \"{{i18n:event-75160118.18}}\"/emote Lenny 8/pause 500/faceDirection farmer 3/speak Lenny \"{{i18n:event-75160118.19}}\"/emote Alissa 16/faceDirection Alissa 1/pause 1000/faceDirection Alissa 2/faceDirection farmer 2/speak Alissa \"{{i18n:event-75160118.20}}\"/speak Lenny \"{{i18n:event-75160118.21}}\"/playMusic cm:AlissaTheme/advancedMove Lenny false -4 0 0 12/pause 1000/emote Alissa 28/faceDirection Alissa 3/faceDirection farmer 3/speak Alissa \"{{i18n:event-75160118.22}}\"/faceDirection Alissa 3/emote farmer 8/pause 1000/move farmer 0 -1 3/pause 1000/faceDirection Alissa 1/speak Alissa \"{{i18n:event-75160118.23}}\"/faceDirection Alissa 3/pause 1000/speak Alissa \"{{i18n:event-75160118.24}}\"/question null \"{{i18n:event-75160118.25}}#{{i18n:event-75160118.26}}#{{i18n:event-75160118.27}}#\"/emote Alissa 40/pause 500/faceDirection Alissa 1/speak Alissa \"{{i18n:event-75160118.28}}\"/emote farmer 16/shake Alissa 1000/speak Alissa \"{{i18n:event-75160118.29}}\"/emote farmer 28/pause 1000/globalFade/viewport -1000 -1000/message \"{{i18n:event-75160118.30}}\"/end dialogue Alissa \"{{i18n:event-75160118.31}}\""
		},
	},


	
]
}
