{
"Changes": [
	
	{
		"LogName": "LogCabinHotel2ndFloor Events",
		"Action": "EditData",
		"Target": "Data/Events/Custom_Ridgeside_LogCabinHotel2ndFloor",
		"Entries": {
		//Flor forgot to dress (Flor 2 hearts)
			"75160128/f Flor 500/t 600 900/d Tue Wed Fri": "playful/-100 -100/farmer 24 19 0 Flor 24 13 1/skippable/showFrame Flor 31/fade/viewport 24 14/emote Flor 56/move farmer 0 -3 0/emote farmer 16/pause 500/emote Flor 8/pause 500/showFrame Flor 29/speak Flor \"{{i18n:event-75160128.01}}\"/emote farmer 16/pause 500/emote Flor 8/pause 500/showFrame Flor 30/emote Flor 56/pause 1000/speak Flor \"{{i18n:event-75160128.02}}\"/emote farmer 16/pause 500/showFrame Flor 29/emote Flor 8/pause 1000/speak Flor \"{{i18n:event-75160128.03}}\"/showFrame Flor 34/jump Flor/speak Flor \"{{i18n:event-75160128.04}}\"/globalFade/viewport -1000 -1000/warp Flor 6 5/faceDirection Flor 0/warp farmer 6 14/faceDirection farmer 2/fade/viewport 6 7/pause 500/emote Flor 60/pause 500/speak Flor \"{{i18n:event-75160128.05}}\"/message \"{{i18n:event-75160128.06}}\"/emote farmer 28/pause 500/speak Flor \"{{i18n:event-75160128.07}}\"/move Flor 0 1 2/speak Flor \"{{i18n:event-75160128.08}}\"/move farmer 1 0 0/doAction 7 13/move farmer 0 -5 0/move farmer -1 0 0/animate Flor false true 400 26 26 27/emote Flor 60/pause 500/speak Flor \"{{i18n:event-75160128.09}}\"/emote farmer 32/speak Flor \"$q 75160128 null \"#{{i18n:event-75160128.10}}#$r 75160128 30 flor1_1#{{i18n:event-75160128.11}}#$r 75160128 0 flor1_2#{{i18n:event-75160128.12}}#$r 75160128 0 flor1_3#{{i18n:event-75160128.13}}\"/fork FlorEmbarrassed/stopAnimation Flor/pause 500/speak Flor \"{{i18n:event-75160128.14}}\"/emote farmer 32/pause 500/move Flor -1 0 3/emote Flor 60/pause 500/speak Flor \"{{i18n:event-75160128.15}}\"/emote farmer 28/pause 1000/end dialogue Flor \"{{i18n:event-75160128.16}}\"",
			"FlorEmbarrassed": "pause 500/stopAnimation Flor/speak Flor \"{{i18n:event-75160128.FlorEmbarrassed.01}}\"/faceDirection Flor 3/emote farmer 28/pause 1000/end dialogue Flor \"{{i18n:event-75160128.FlorEmbarrassed.02}}\"",
		
		//Flor research (Flor 8 hearts part 2)
			"75160132/e 75160131/n FlorLetter/w sunny/t 600 1800/f Flor 2000": "playful/6 6/farmer 6 8 0 Flor 6 5 2/skippable/pause 200/emote Flor 56/pause 1000/speak Flor \"{{i18n:event-75160132.01}}\"/move Flor 0 1 2/speak Flor \"{{i18n:event-75160132.02}}\"/emote Flor 56/emote farmer 32/pause 1000/globalFade/viewport -1000 -1000/changeToTemporaryMap Custom_Ridgeside_RidgesideVillage false/warp farmer 113 27/showFrame Flor 39/warp Flor 111 23/addTemporaryActor Shane 16 32 113 28 0 false/addTemporaryActor Ysabelle 16 32 110 26 0 false/fade/viewport 111 24/pause 200/move farmer 0 -3 3 true/move Shane 0 -3 3 true/pause 1000/speak Shane \"{{i18n:event-75160132.03}}\"/speak Ysabelle \"{{i18n:event-75160132.04}}\"/speak Flor \"{{i18n:event-75160132.05}}\"/emote Flor 40/pause 1000/message \"{{i18n:event-75160132.06}}\"/emote Ysabelle 28 true/emote Shane 40/pause 500/speak Ysabelle \"{{i18n:event-75160132.07}}\"/speak Shane \"{{i18n:event-75160132.08}}\"/speak Flor \"{{i18n:event-75160132.09}}\"/speak Ysabelle \"{{i18n:event-75160132.10}}\"/speak Shane \"{{i18n:event-75160132.11}}\"/move Shane 0 1 3/move Shane -1 0 3/move farmer 0 -1 3/move farmer -1 0 2/faceDirection Ysabelle 1/pause 2000/emote Ysabelle 28 true/emote Shane 40/speak Shane \"{{i18n:event-75160132.12}}\"/emote Ysabelle 16/speak Ysabelle \"{{i18n:event-75160132.13}}\"/message \"{{i18n:event-75160132.14}}\"/emote Flor 40/speak Flor \"{{i18n:event-75160132.15}}\"/emote farmer 28/pause 500/globalfade/viewport -1000 -1000/message \"{{i18n:event-75160132.16}}\"/warp Shane -2000 -2000/warp Ysabelle -2000 -2000/addTemporaryActor Emily 16 32 112 26 3 false/addTemporaryActor Maddie 16 32 110 26 1 false/fade/viewport 111 26/pause 800/emote Maddie 12 true/emote Emily 28/pause 500/speak Maddie \"{{i18n:event-75160132.17}}\"/speak Emily \"{{i18n:event-75160132.18}}\"/emote Flor 28 true/emote farmer 16/globalFade/viewport -1000 -1000/warp Emily -2000 -2000/warp Maddie -2000 -2000/addTemporaryActor Penny 16 32 112 26 3 false/addTemporaryActor Jeric 16 32 110 26 1 false/fade/viewport 111 26/pause 800/emote Jeric 20 true/emote Penny 8/pause 500/speak Jeric \"{{i18n:event-75160132.19}}\"/speak Penny \"{{i18n:event-75160132.20}}\"/emote Flor 28 true/emote farmer 28/globalFade/viewport -1000 -1000/warp Jeric -2000 -2000/warp Penny -2000 -2000/addTemporaryActor Haley 16 32 112 26 3 false/addTemporaryActor Alissa 16 32 110 26 1 false/fade/viewport 111 26/pause 800/emote Alissa 60 true/emote Haley 56/speak Alissa \"{{i18n:event-75160132.21}}\"/speak Haley \"{{i18n:event-75160132.22}}\"/emote farmer 56 true/emote Flor 56/pause 500/globalFade/viewport -1000 -1000/warp Haley -2000 -2000/warp Alissa -2000 -2000/addTemporaryActor Harvey 16 32 112 26 3 false/addTemporaryActor Ian 16 32 110 26 1 false/fade/viewport 111 26/pause 800/emote Harvey 28/pause 500/speak Ian \"{{i18n:event-75160132.23}}\"/speak Harvey \"{{i18n:event-75160132.24}}\"/emote farmer 16 false/emote Flor 28/pause 500/globalFade/viewport -1000 -1000/warp Harvey -2000 -2000/warp Ian -2000 -2000/addTemporaryActor Maru 16 32 112 26 3 false/addTemporaryActor Philip 16 32 110 26 1 false/fade/viewport 111 26/pause 800/jump Philip/jump Maru/speak Philip \"{{i18n:event-75160132.25}}\"/speak Maru \"{{i18n:event-75160132.26}}\"/emote farmer 40 true/emote Flor 40/pause 800/globalFade/viewport -1000 -1000/warp Philip -2000 -2000/warp Maru -2000 -2000/addTemporaryActor Sebastian 16 32 112 26 3 false/addTemporaryActor Corine 16 32 110 26 1 false/fade/viewport 111 26/pause 800/emote Corine 32 true/emote Sebastian 40/pause 500/speak Sebastian \"{{i18n:event-75160132.27}}\"/speak Corine \"{{i18n:event-75160132.28}}\"/emote farmer 16 true/emote Sebastian 16 true/emote Flor 16/pause 800/globalFade/viewport -1000 -1000/warp Corine -2000 -2000/warp Sebastian -2000 -2000/addTemporaryActor Abigail 16 32 112 26 3 false/addTemporaryActor Kenneth 16 32 110 26 1 false/fade/viewport 111 26/pause 800/emote Kenneth 56 true/emote Abigail 28/pause 500/speak Kenneth \"{{i18n:event-75160132.29}}\"/speak Abigail \"{{i18n:event-75160132.30}}\"/emote farmer 28 true/emote Flor 32/pause 800/globalFade/viewport -1000 -1000/warp Abigail -2000 -2000/warp Kenneth -2000 -2000/message \"{{i18n:event-75160132.31}}\"/playMusic summer_day_ambient/changeToTemporaryMap Custom_Ridgeside_RSVCliff false/warp farmer 5 14/faceDirection farmer 1/warp Flor 7 15/showFrame Flor 16/fade/viewport 13 15/pause 800/emote Flor 40/pause 500/speak Flor \"{{i18n:event-75160132.32}}\"/emote farmer 56/pause 2000/showFrame Flor 39/emote Flor 28/pause 500/speak Flor \"{{i18n:event-75160132.33}}\"/emote farmer 16/move farmer 0 1 1/move farmer 1 0 1/message \"{{i18n:event-75160132.34}}\"/faceDirection Flor 3/speak Flor \"{{i18n:event-75160132.35}}\"/message \"{{i18n:event-75160132.36}}\"/showFrame Flor 23/positionOffset Flor -30 0/showFrame 34/playMusic cm:FlorTheme/emote Flor 16 true/emote farmer 16/pause 1000/speak Flor \"{{i18n:event-75160132.37}}\"/emote Flor 60 true/emote farmer 28/pause 1000/faceDirection farmer 1/warp Flor 7 15/speed Flor 3/move Flor 1 0 3/emote Flor 60/pause 800/speak Flor \"{{i18n:event-75160132.38}}\"/emote farmer 60/pause 500/faceDirection farmer 2/faceDirection Flor 1/emote Flor 60/pause 2000/speak Flor \"{{i18n:event-75160132.39}}\"/emote farmer 8/pause 500/faceDirection farmer 1/pause 1000/faceDirection Flor 3/speak Flor \"{{i18n:event-75160132.40}}\"/move Flor -1 0 3/emote farmer 8/pause 1000/speak Flor \"{{i18n:event-75160132.41}}\"/emote Flor 60/pause 500/showFrame Flor 25/positionOffset Flor -10 0/positionOffset farmer 10 0/animate farmer false true 100 101/pause 1000/fade/viewport 13 15/pause 1000/message \"{{i18n:event-75160132.42}}\"/emote Flor 32/pause 500/speak Flor \"{{i18n:event-75160132.43}}\"/pause 500/stopAnimation farmer/warp farmer 6 15/showFrame Flor 23/positionOffset Flor -24 -20/pause 1000/emote Flor 20/pause 500/emote farmer 32/pause 500/faceDirection Flor 3/warp Flor 7 15/speak Flor \"{{i18n:event-75160132.44}}\"/emote farmer 32/pause 500/globalFade/viewport -1000 -1000/message \"{{i18n:event-75160132.45}}\"/end dialogue Flor \"{{i18n:event-75160132.46}}\"",
		
		//Flor locks herself out (Flor 10 hearts)
			"75160133/e 75160132/f Flor 2500/D Flor": "cm:FlorTheme/7 14/farmer 11 14 3 Flor 6 14 1/skippable/showFrame Flor 31/pause 500/emote farmer 16/pause 500/emote Flor 16/speak Flor \"{{i18n:event-75160133.01}}\"/emote farmer 16/pause 500/move farmer -4 0 3/emote farmer 60 true/emote Flor 60/pause 500/speak Flor \"{{i18n:event-75160133.02}}\"/emote farmer 16/pause 500/emote farmer 28/pause 500/faceDirection farmer 0/globalFade/viewport -1000 -1000/pause 1000/playSound axchop/pause 1000/playSound axchop/playSound axchop/message \"{{i18n:event-75160133.03}}\"/speak Flor \"{{i18n:event-75160133.04}}\"/warp farmer 6 7/faceDirection farmer 0/warp Flor 6 5/faceDirection Flor 0/fade/viewport 6 6/pause 1000/emote Flor 60/pause 500/emote farmer 28/pause 500/faceDirection Flor 2/speak Flor \"{{i18n:event-75160133.05}}\"/showFrame Flor 27/emote farmer 32/pause 1000/speak Flor \"{{i18n:event-75160133.06}}\"/emote farmer 32/pause 500/move farmer -1 0 0/move farmer 0 -2 1/showFrame Flor 23/positionOffset Flor -24 2/showFrame 34/pause 1000/emote Flor 60/emote farmer 32/pause 500/speak Flor \"{{i18n:event-75160133.07}}\"/emote farmer 20/pause 500/speak Flor \"{{i18n:event-75160133.08}}\"/emote farmer 20/pause 500/message \"{{i18n:event-75160133.09}}\"/warp Flor 6 5/warp farmer 5 5/showFrame Flor 25/positionOffset Flor -10 -20/positionOffset farmer 10 0/animate farmer false true 100 101/pause 1000/emote Flor 20/emote farmer 20/pause 2000/globalFade/viewport -1000 -1000/pause 1000/speak Flor \"{{i18n:event-75160133.10}}\"/end dialogue Flor \"{{i18n:event-75160133.11}}\"",
		},
	},

        {
                //Event dialogue Flor 2 hearts
                "Action": "EditData",
                "Target": "Characters/Dialogue/Flor",
                "Entries": {                        
                        "flor1_1": "{{i18n:event-75160128.Fork1}}",
                        "flor1_2": "{{i18n:event-75160128.Fork2}}",
                        "flor1_3": "{{i18n:event-75160128.Fork3}}",        
                }
        },
	
]
}
