{
"Changes": [
	
	{
		"LogName": "LogCabinHotelLobby Events",
		"Action": "EditData",
		"Target": "Data/Events/Custom_Ridgeside_LogCabinHotelLobby",
		"Entries": {
		//Richard welcomes farmer to hotel (Richard 2 hearts)
			"75160102/f Richard 500/t 1600 2000": "playful/8 12/farmer 8 16 0 Richard 6 12 3/skippable/pause 500/emote Richard 56/pause 500/speak Richard \"{{i18n:event-75160102.01}}\"/emote farmer 8/pause 500/emote Richard 8/pause 500/faceDirection Richard 2/pause 500/speak Richard \"{{i18n:event-75160102.02}}\"/emote farmer 32/move Richard 2 0 2/move farmer 0 -2 0/speak Richard \"{{i18n:event-75160102.03}}\"/emote farmer 28/pause 500/speak Richard \"{{i18n:event-75160102.04}}\"/emote farmer 32/pause 500/speak Richard \"{{i18n:event-75160102.05}}\"/emote farmer 32/pause 500/speak Richard \"{{i18n:event-75160102.06}}\"/emote farmer 56/pause 500/move Richard -2 0 3/pause 500/end dialogue Richard \"{{i18n:event-75160102.07}}\"",

		//Richard has a stubborn guest (Richard 4 hearts)
			"75160103/f Richard 1000/t 1600 2000/e 75160102": "playful/10 8/farmer 8 13 0 Richard 11 6 2/skippable/addTemporaryActor RSVLady1 16 32 11 8 0 false/pause 500/move farmer 0 -2 0/emote farmer 8/pause 500/emote Richard 28/pause 500/speak Richard \"{{i18n:event-75160103.01}}\"/message \"{{i18n:event-75160103.02}}\"/emote farmer 16 true/emote Richard 28/pause 500/move farmer 0 -3 1/emote farmer 32/pause 500/emote Richard 8/pause 500/faceDirection RSVLady1 3/message \"{{i18n:event-75160103.03}}\"/speak Richard \"{{i18n:event-75160103.04}}\"/emote farmer 56/pause 500/emote Richard 8/pause 500/message \"{{i18n:event-75160103.05}}\"/speak Richard \"{{i18n:event-75160103.06}}\"/faceDirection RSVLady1 0/message \"{{i18n:event-75160103.07}}\"/move RSVLady1 0 2 1/move RSVLady1 10 0 0/speak Richard \"{{i18n:event-75160103.08}}\"/move RSVLady1 0 -10 0/playSound doorClose/warp RSVLady1 -1000 -1000/emote farmer 28 true/emote Richard 28/pause 500/move farmer 3 0 0/speak Richard \"{{i18n:event-75160103.09}}\"/emote farmer 32/pause 500/speak Richard \"{{i18n:event-75160103.10}}\"/pause 1000/end dialogue Richard \"{{i18n:event-75160103.11}}\"",

		//Richard just wants to make Ysa happy (Richard 6 hearts)
			"75160104/f Richard 1500/t 1000 1400/e 75160103": "playful/11 9/farmer -1000 -1000 0 Richard 16 10 3 Ysabelle 11 6 2/skippable/pause 500/emote Ysabelle 40/pause 500/move Richard -2 0 3/emote Richard 8/pause 500/speak Ysabelle \"{{i18n:event-75160104.01}}\"/move Richard -3 0 0/emote Ysabelle 16/pause 500/move Richard 0 -2 0/emote Ysabelle 28/pause 500/speak Richard \"{{i18n:event-75160104.02}}\"/speak Ysabelle \"{{i18n:event-75160104.03}}\"/speak Richard \"{{i18n:event-75160104.04}}\"/emote Ysabelle 56/pause 500/speak Ysabelle \"{{i18n:event-75160104.05}}\"/emote Richard 40/pause 500/speak Richard \"{{i18n:event-75160104.06}}\"/emote Ysabelle 28/pause 500/speak Ysabelle \"{{i18n:event-75160104.07}}\"/speak Richard \"{{i18n:event-75160104.08}}\"/emote Ysabelle 60/pause 500/speak Ysabelle \"{{i18n:event-75160104.09}}\"/emote Richard 28/pause 500/speak Richard \"{{i18n:event-75160104.10}}\"/speak Ysabelle \"{{i18n:event-75160104.11}}\"/emote Richard 28/pause 500/speak Richard \"{{i18n:event-75160104.12}}\"/textAboveHead Ysabelle \"{{i18n:event-75160104.13}}\"/pause 1000/end dialogue Richard \"{{i18n:event-75160104.14}}\"",
		
		//Ysabelle bored at lobby (Ysabelle 2 hearts)
			"75160141/f Ysabelle 500/t 1200 1600": "playful/11 8/farmer 8 10 1 Ysabelle 11 6 3/skippable/pause 500/move farmer 3 0 1/emote Ysabelle 12/speak Ysabelle \"{{i18n:event-75160141.01}}\"/faceDirection farmer 0/emote farmer 8/emote Ysabelle 8/faceDirection Ysabelle 2/emote Ysabelle 32/speak Ysabelle \"{{i18n:event-75160141.02}}\"/emote farmer 28/move farmer 0 -2 0/speak Ysabelle \"{{i18n:event-75160141.03}}\"/emote farmer 56/speak Ysabelle \"{{i18n:event-75160141.04}}\"/emote farmer 56/speak Ysabelle \"{{i18n:event-75160141.05}}\"/emote farmer 56/speak Ysabelle \"{{i18n:event-75160141.06}}\"/emote farmer 8/speak Ysabelle \"{{i18n:event-75160141.07}}\"/emote farmer 32/emote farmer 8/emote Ysabelle 40/faceDirection Ysabelle 3/speak Ysabelle \"{{i18n:event-75160141.08}}\"/faceDirection Ysabelle 2/speak Ysabelle \"{{i18n:event-75160141.09}}\"/emote farmer 56/pause 1000/end dialogue Ysabelle \"{{i18n:event-75160141.10}}\"",
		
		//Ysabelle dances (Ysabelle 8 hearts)
			"75160144/f Ysabelle 2000/e 75160143": "cm:YsabelleTheme/7 12/farmer 7 14 0 Ysabelle 7 11 3 Richard 6 12 3/skippable/pause 500/emote Richard 56/emote Ysabelle 28/speak Ysabelle \"{{i18n:event-75160144.01}}\"/speak Richard \"{{i18n:event-75160144.02}}\"/speak Ysabelle \"{{i18n:event-75160144.03}}\"/faceDirection Richard 0/speak Richard \"{{i18n:event-75160144.04}}\"/speak Ysabelle \"{{i18n:event-75160144.05}}\"/emote Ysabelle 8/faceDirection Ysabelle 2/emote Ysabelle 32/faceDirection Richard 2/speak Ysabelle \"{{i18n:event-75160144.06}}\"/speak Richard \"{{i18n:event-75160144.07}}\"/emote Ysabelle 12/speak Ysabelle \"{{i18n:event-75160144.08}}\"/emote farmer 32/faceDirection Richard 1/emote Richard 40/speak Richard \"{{i18n:event-75160144.09}}\"/emote Ysabelle 8/emote farmer 8/faceDirection Ysabelle 1/faceDirection farmer 1/move Richard 5 0 2/move Richard 0 2 1/speak Ysabelle \"{{i18n:event-75160144.10}}\"/faceDirection Richard 0/warp Richard 13 14/emote Richard 28/speak Richard \"{{i18n:event-75160144.11}}\"/emote Richard 56/speak Richard \"{{i18n:event-75160144.12}}\"/emote Ysabelle 60/speak Ysabelle \"{{i18n:event-75160144.13}}\"/move farmer 0 -2 0/faceDirection Ysabelle 2/emote Ysabelle 40/emote farmer 32/speak Ysabelle \"{{i18n:event-75160144.14}}\"/move Ysabelle 2 0 2/move farmer -1 0 1/emote Richard 32/speak Richard \"{{i18n:event-75160144.15}}\"/warp Ysabelle -100 -100 2/addTemporaryActor RSVYsaDance 16 32 9 11 2 false/showFrame RSVYsaDance 15/stopMusic/pause 5000/playMusic cm:YsaDance/pause 1000/animate RSVYsaDance false true 166 0 0 0 0 0 1 1 1 1 1 2 2 2 2 2 3 3 3 3 3 4 4 4 5 5 5 5 5 6 6 6 6 6 7 7 7 7 7 8 8 8 8 8 9 9 9 9 9 10 10 10 11 11 11 12 12 12 13 13 13 14 14 14 15 15 15 16 16 16 16 16 17 17 17 18 19 20 21 22 23 24 25 26 27 28 29 30 31 32 29 30 31 32 29 30 31 32 29 30 31 32 29 30 31 32 34 34 34 34 34 34 34 34 35 35 35 35 35 36 36 36 36 36 37 37 37 37 37 38 38 38 38 38 39 39 39 40 40 40 40 40 41 41 41 42 42 42 42 42 43 43 43 44 44 44 44 44 45 45 45 45 45 46 46 46 46 46 47 47 47 47 47 48 48 48 48 48 49 49 49 50 50 50 50 50 51 51 51 52 53 54 55 56 57 57 57 58 58 58 59 59 59 59 59 60 61 62 63 64 64 65 65 65 66 66 66 67 67 67 68 68 68 68 68 69 69 69 69 69 70 70 70 70 70 71 71 71 72 72 72 72 72 73 73 73 73 73 74 74 74 74 74 75 75 75 75 75/pause 10000/message \"{{i18n:event-75160144.16}}\"/speak Richard \"{{i18n:event-75160144.17}}\"/emote farmer 20/message \"{{i18n:event-75160144.18}}\"/speak Ysabelle \"{{i18n:event-75160144.19}}\"/pause 5000/globalFade/viewport -1000 -1000/pause 3000/speak Ysabelle \"{{i18n:event-75160144.20}}\"/speak Richard \"{{i18n:event-75160144.21}}\"/message \"{{i18n:event-75160144.22}}\"/end dialogue Ysabelle \"{{i18n:event-75160144.23}}\"",
			
		//Philip and his comic (Philip 6 hearts)
			"75160165/f Philip 1500/e 75160164/t 1600 1800/w sunny": "playful/11 9/farmer 11 11 0 Philip 11 8 0 Richard 11 6 2/skippable/pause 500/emote Philip 56/speak Philip \"{{i18n:event-75160165.01}}\"/speak Richard \"{{i18n:event-75160165.02}}\"/speak Philip \"{{i18n:event-75160165.03}}\"/move Richard 0 -1 0/move farmer 0 -1 0/emote farmer 8/faceDirection Philip 2/speak Philip \"{{i18n:event-75160165.04}}\"/emote farmer 32/move Richard 0 1 2/speak Richard \"{{i18n:event-75160165.05}}\"/faceDirection Philip 0/speak Philip \"{{i18n:event-75160165.06}}\"/playSound pickUpItem/emote Philip 56/speak Richard \"{{i18n:event-75160165.07}}\"/speak Philip \"{{i18n:event-75160165.08}}\"/advancedMove Richard false 3 0 0 -1/move Philip 0 1 2/emote Philip 32/jump Philip/speak Philip \"{{i18n:event-75160165.09}}\"/emote farmer 32/globalFade/viewport -1000 -1000/changeToTemporaryMap Custom_Ridgeside_RidgesideVillage false/warp Richard -100 -100/warp farmer 111 23/faceDirection farmer 2/warp Philip 112 23/faceDirection Philip 2/animate Philip false true 100 16 16 17 18 18 18 16 16 16 16 16 17 16 16 16 16 16/fade/viewport 112 23/pause 1000/emote Philip 32/speak Philip \"{{i18n:event-75160165.10}}\"/emote farmer 56/speak Philip \"{{i18n:event-75160165.11}}\"/stopAnimation Philip 0/faceDirection Philip 3/faceDirection farmer 1/emote farmer 8/speak Philip \"{{i18n:event-75160165.12}}\"/emote farmer 32/speak Philip \"{{i18n:event-75160165.13}}\"/move Philip 1 0 2/faceDirection farmer 2/move Philip 0 6 2 true/pause 1000/globalFade/viewport -1000 -1000/message \"{{i18n:event-75160165.14}}\"/pause 1000/message \"{{i18n:event-75160165.15}}\"/warp Philip 114 23/faceDirection Philip 3/fade/viewport 112 23/pause 500/move Philip -2 0 3/faceDirection farmer 1/emote Philip 28/speak Philip \"{{i18n:event-75160165.16}}\"/emote farmer 40/pause 500/speak Philip \"$q 75160165 null \"#{{i18n:event-75160165.17}}#$r 75160165 0 philip1_1#{{i18n:event-75160165.18}}#$r 75160165 0 philip1_2#{{i18n:event-75160165.19}}#$r 75160165 -70 philip1_3#{{i18n:event-75160165.20}}\"/fork PhilipSad/emote farmer 32/emote Philip 56/speak Philip \"{{i18n:event-75160165.21}}\"/emote farmer 56/faceDirection Philip 2/showFrame Philip 16/speak Philip \"{{i18n:event-75160165.22}}\"/emote Philip 56/emote farmer 56/pause 1000/globalFade/viewport -1000 -1000/message \"{{i18n:event-75160165.23}}\"/end dialogue Philip \"{{i18n:event-75160165.24}}\"",
			"PhilipSad": "pause 500/move Philip 1 0 3/emote Philip 28/speak Philip \"{{i18n:event-75160165.PhilipSad.01}}\"/emote farmer 40/faceDirection Philip 1/speak Philip \"{{i18n:event-75160165.PhilipSad.02}}\"/pause 500/end dialogue Philip \"{{i18n:event-75160165.PhilipSad.03}}\""
			},
	},

	
]
}
