{
"Changes": [
	
	{
		"LogName": "EzekielHouse Events",
		"Action": "EditData",
		"Target": "Data/Events/Custom_Ridgeside_EzekielHouse",
		"Entries": {
		//Ezekiel apologizes to farmer (Ezekiel 4 hearts)
			"75160071/f Ezekiel 1000/t 800 1200/e 75160070": "playful/17 11/farmer 17 16 0 Ezekiel 17 10 1 Corine 19 10 3/skippable/pause 200/move farmer 0 -4 0 true/emote Corine 12 true/emote Ezekiel 12/pause 2000/emote farmer 8/pause 500/speak Corine \"{{i18n:event-75160071.01}}\"/speak Ezekiel \"{{i18n:event-75160071.02}}\"/emote Corine 28/pause 500/speak Corine \"{{i18n:event-75160071.03}}\"/emote Ezekiel 8/faceDirection Ezekiel 2/faceDirection Corine 2/emote Corine 16/pause 500/speak Ezekiel \"{{i18n:event-75160071.04}}\"/speak Corine \"{{i18n:event-75160071.05}}\"/faceDirection Ezekiel 1/emote Ezekiel 8/pause 500/speak Ezekiel \"{{i18n:event-75160071.06}}\"/move Corine -1 0 3/shake Corine 1000/speak Corine \"{{i18n:event-75160071.07}}\"faceDirection Corine 1/emote Corine 12 true/emote Ezekiel 28/pause 500/speak Ezekiel \"{{i18n:event-75160071.08}}\"/faceDirection Corine 3/emote Corine 56/pause 500/speak Corine \"{{i18n:event-75160071.09}}\"/faceDirection Corine 2/faceDirection Ezekiel 2/speak Ezekiel \"{{i18n:event-75160071.10}}\"/emote farmer 56 true/emote Corine 56/pause 500/speak Corine \"{{i18n:event-75160071.11}}\"/faceDirection Ezekiel 3/emote Ezekiel 40/pause 500/speak Ezekiel \"{{i18n:event-75160071.12}}\"/move Corine 0 2 3/faceDirection farmer 1/speak Corine \"{{i18n:event-75160071.13}}\"/emote farmer 28/pause 500/faceDirection Ezekiel 2/emote Ezekiel 60/pause 500/speak Ezekiel \"{{i18n:event-75160071.14}}\"/pause 1000/end dialogue Ezekiel \"{{i18n:event-75160071.15}}\"",

		//Ezekiel and his collection (Ezekiel 6 hearts)
			"75160072/f Ezekiel 1500/t 800 1200/e 75160071": "playful/5 7/farmer -100 -100 0 Ezekiel 3 5 0/skippable/pause 1000/move Ezekiel 0 5 1/move Ezekiel 6 0 2/move Ezekiel 0 4 2/viewport move 1 1 8000/doAction 9 15/move Ezekiel 0 3 1/move Ezekiel 5 0 2/viewport 12 15/emote Ezekiel 56/pause 500/playSound doorClose/warp farmer 6 21/emote Ezekiel 16/pause 500/speak Ezekiel \"{{i18n:event-75160072.01}}\"/emote farmer 56/move farmer 0 -2 0/move farmer 7 0 1/speak Ezekiel \"{{i18n:event-75160072.02}}\"/emote farmer 32/pause 500/move Ezekiel 2 0 2/emote Ezekiel 56/pause 500/speak Ezekiel \"{{i18n:event-75160072.03}}\"/emote farmer 56/pause 500/faceDirection Ezekiel 1/speak Ezekiel \"{{i18n:event-75160072.04}}\"/emote farmer 8/pause 500/faceDirection Ezekiel 3/speak Ezekiel \"{{i18n:event-75160072.05}}\"/move Ezekiel -1 0 2/emote Ezekiel 40/pause 500/stopMusic/speak Ezekiel \"{{i18n:event-75160072.06}}\"/emote farmer 8/pause 500/message \"{{i18n:event-75160072.07}}\"/globalFade/viewport -1000 -1000/changeToTemporaryMap Custom_Ridgeside_EzekielPic false/warp farmer 1000 1000/warp Ezekiel 1000 1001/fade/viewport 7 6/playMusic desolate/pause 3000/speak Ezekiel \"{{i18n:event-75160072.08}}\"/message \"{{i18n:event-75160072.09}}\"/pause 3000/globalFade/viewport -1000 -1000/changeToTemporaryMap Custom_Ridgeside_EzekielHouse false/warp farmer 13 19/faceDirection farmer 1/warp Ezekiel 15 17/faceDirection Ezekiel 2/fade/viewport 12 15/pause 1000/faceDirection Ezekiel 1/pause 1000/faceDirection Ezekiel 2/speak Ezekiel \"{{i18n:event-75160072.10}}\"/pause 1000/faceDirection Ezekiel 3/speak Ezekiel \"{{i18n:event-75160072.11}}\"/emote farmer 56/pause 500/speak Ezekiel \"{{i18n:event-75160072.12}}\"/emote farmer 56/pause 500/move farmer 0 -2 1/move farmer 1 0 0/move Ezekiel 0 -8 0 true/pause 800/move farmer 0 -8 0 true/pause 2000/end dialogue Ezekiel \"{{i18n:event-75160072.13}}\"",

		//Ezekiel wants to unwind (Ezekiel 8 hearts)
			"75160073/f Ezekiel 2000/t 800 1200/e 75160072/w sunny": "playful/7 18/farmer -100 -100 0 Ezekiel 5 18 1 Corine 6 18 3/skippable/pause 1000/playSound doorClose/warp farmer 6 21/faceDirection farner 2/pause 500/faceDirection farmer 0/emote farmer 8/pause 500/speak Corine \"{{i18n:event-75160073.01}}\"/speak Ezekiel \"{{i18n:event-75160073.02}}\"/faceDirection Corine 2/faceDirection Ezekiel 2/pause 500/speak Corine \"{{i18n:event-75160073.03}}\"/speak Ezekiel \"{{i18n:event-75160073.04}}\"/faceDirection Corine 3/emote Corine 16/pause 500/speak Corine \"{{i18n:event-75160073.05}}\"/emote farmer 56 true/emote Ezekiel 40/pause 500/speak Ezekiel \"{{i18n:event-75160073.06}}\"/emote Corine 28 true/emote farmer 28/pause 1000/globalFade/viewport -1000 -1000/changeToTemporaryMap Custom_Ridgeside_RSVTheHike false/stopMusic/warp Corine 44 34/faceDirection Corine 3/warp farmer 46 31/faceDirection farmer 2/warp Ezekiel 43 32 2/faceDirection Ezekiel 2/pause 1000/playMusic summer_day_ambient/fade/viewport 44 31/pause 200/move farmer 0 5 2 true/move Ezekiel 0 4 2 true/pause 1000/move Corine 0 2 2 true/pause 1000/emote Corine 32/emote Ezekiel 56/pause 500/speak Ezekiel \"{{i18n:event-75160073.07}}\"/speak Corine \"{{i18n:event-75160073.08}}\"/faceDirection farmer 3/pause 1000/speak Corine \"{{i18n:event-75160073.09}}\"/speak Ezekiel \"{{i18n:event-75160073.10}}\"/pause 1000/speak Ezekiel \"{{i18n:event-75160073.11}}\"/emote farmer 56/pause 500/faceDirection farmer 2/pause 3000/viewport move 0 -1 8000/pause 2500/end dialogue Ezekiel \"{{i18n:event-75160073.12}}\"",
		
		//Corine cuts her finger (Corine 2 hearts)
			"75160122/f Corine 500/t 1300 1600": "playful/15 7/farmer 14 10 0 Corine 15 5 0 Maru -100 -100 0/skippable/pause 200/move Corine -1 0 0/pause 500/emote farmer 8/pause 500/emote Corine 8/pause 500/faceDirection Corine 2/speak Corine \"{{i18n:event-75160122.01}}\"/emote farmer 32/pause 500/move farmer 0 -3 1/move Corine 1 0 0/move farmer 1 0 2/emote Corine 56/pause 500/speak Corine \"{{i18n:event-75160122.02}}\"/playSound axchop/pause 2000/playSound axchop/emote Corine 16/jump Corine/emote farmer 8/faceDirection farmer 0/speak Corine \"{{i18n:event-75160122.03}}\"/faceDirection Corine 2/emote farmer 16/move farmer 0 -1 0/emote Corine 28/pause 500/speak Corine \"{{i18n:event-75160122.04}}\"/emote farmer 28/pause 500/speak Corine \"{{i18n:event-75160122.05}}\"/globalFade/viewport -1000 -1000/changeToTemporaryMap Hospital false/warp Maru 9 14/faceDirection Maru 3/warp Corine 14 15/faceDirection Corine 3/warp farmer 14 16/faceDirection farmer 0/fade/viewport 12 15/move Maru 4 0 2/emote Maru 56/speak Maru \"{{i18n:event-75160122.06}}\"/emote Corine 28/pause 500/speak Corine \"{{i18n:event-75160122.07}}\"/emote Maru 56/pause 500/speak Maru \"{{i18n:event-75160122.08}}\"/emote farmer 56 true/emote Corine 28/speak Corine \"{{i18n:event-75160122.09}}\"/move Maru -4 0 3/faceDirection farmer 3/pause 1000/faceDirection Corine 2/speak Corine \"{{i18n:event-75160122.10}}\"/emote farmer 8/pause 500/faceDirection Corine 3/speak Corine \"{{i18n:event-75160122.11}}\"/emote farmer 28/pause 500/emote farmer 8/pause 500/speak Corine \"{{i18n:event-75160122.12}}\"/faceDirection Corine 2/emote Corine 28/pause 500/speak Corine \"{{i18n:event-75160122.13}}\"/faceDirection farmer 0/emote farmer 56/pause 500/faceDirection Corine 3/speak Corine \"{{i18n:event-75160122.14}}\"/faceDirection farmer 3/pause 1000/faceDirection Corine 2/speak Corine \"{{i18n:event-75160122.15}}\"/faceDirection farmer 0/emote farmer 32/pause 500/faceDirection Maru 1/speak Maru \"{{i18n:event-75160122.16}}\"/faceDirection Corine 3/emote Corine 56/pause 500/speak Corine \"{{i18n:event-75160122.17}}\"/faceDirection Corine 2/speak Corine \"{{i18n:event-75160122.18}}\"/emote farmer 56/pause 1000/end dialogue Corine \"{{i18n:event-75160122.19}}\"",
		},
	},


	
]
}
