{
"Changes": [
	
	{
		"LogName": "JericHouse Events",
		"Action": "EditData",
		"Target": "Data/Events/Custom_Ridgeside_JericHouse",
		"Entries": {
		//Jeric lost his lucky penny (Jeric 4 hearts)
			"75160152/f Jeric 1000/t 900 1400/e 75160151/c 1": "playful/4 8/farmer 4 12 0 Jeric 2 7 3/skippable/pause 500/emote Jeric 28/speak Jeric \"{{i18n:event-75160152.01}}\"/emote farmer 8/move farmer 0 -2 0/emote Jeric 16/faceDirection Jeric 2/speak Jeric \"{{i18n:event-75160152.02}}\"/emote farmer 8/move farmer 0 -3 3/faceDirection Jeric 1/emote Jeric 28/speak Jeric \"{{i18n:event-75160152.03}}\"/emote farmer 56/faceDirection Jeric 3/speak Jeric \"{{i18n:event-75160152.04}}\"/emote farmer 28/emote farmer 32/faceDirection Jeric 1/speak Jeric \"{{i18n:event-75160152.05}}\"/emote farmer 56/faceDirection Jeric 3/move farmer 1 0 2/emote Jeric 40/move Jeric 0 -1 3/emote farmer 40/move farmer 1 0 2/emote farmer 40/pause 1000/emote farmer 16/message \"{{i18n:event-75160152.06}}\"/emote Jeric 8/faceDirection Jeric 1/speak Jeric \"{{i18n:event-75160152.07}}\"/faceDirection farmer 3/emote farmer 32/emote Jeric 16/emote Jeric 56/speak Jeric \"{{i18n:event-75160152.08}}\"/move Jeric 0 1 1/move Jeric 3 0 1/emote Jeric 32/playSound pickUpItem/emote farmer 56/speak Jeric \"{{i18n:event-75160152.09}}\"/emote farmer 32/speak Jeric \"{{i18n:event-75160152.10}}\"/message \"{{i18n:event-75160152.11}}\"/emote farmer 32/speak Jeric \"{{i18n:event-75160152.12}}\"/pause 1000/end dialogue Jeric \"{{i18n:event-75160152.13}}\"",
		},
	},


	
]
}
