{
"Changes": [
	
	{
		"LogName": "RSVCableCar Events",
		"Action": "EditData",
		"Target": "Data/Events/Custom_Ridgeside_RSVCableCar",
		"Entries": {
		//Helen appears
			"75160185/e 75160073 75160125/t 2200 2600": "nightTime/20 15/farmer 20 24 0 Helen -1000 -1000 2/skippable/pause 5000/move farmer 0 -5 0/message \"{{i18n:event-75160185.01}}\"/emote farmer 8/pause 1000/showFrame Helen 16/warp Helen 20 15/playSound shadowpeep/pause 800/showFrame Helen 18/emote farmer 16/pause 500/faceDirection Helen 2/pause 1000/emote Helen 40/pause 500/emote farmer 8/message \"{{i18n:event-75160185.02}}\"/emote farmer 8/message \"{{i18n:event-75160185.03}}\"/speak Helen \"{{i18n:event-75160185.04}}\"/emote farmer 8/emote Helen 40/move Helen 0 1 2/speak Helen \"{{i18n:event-75160185.05}}\"/playSound shadowpeep/showFrame Helen 16/pause 800/warp Helen -1000 -1000/emote farmer 16/pause 1000/faceDirection farmer 3/pause 800/faceDirection farmer 1/pause 800/faceDirection farmer 2/pause 1000/emote farmer 8/globalFade/viewport -2000 -2000/end",
		},
	},

	//Repeating Event
	{
		//Cable Car going down
		"Action": "EditData",
		"Target": "Data/Events/Custom_Ridgeside_RSVCableCar",
		"When": { "RepeatCableCarCutscene": true },
		"Entries": {

			//Alone
			"75160193/t 600 2350/a 20 9": "continue/-100 -100/farmer 0 0 1/skippable/pause 1000/changeToTemporaryMap Custom_Ridgeside_RSVTheRide false/addTemporaryActor RSVCableCar 62 110 35 18 2 false/warp farmer 38 18 1/positionOffset farmer -15 8/fade/viewport 44 17/positionOffset RSVCableCar 5 3/positionOffset farmer 5 3/pause 10/positionOffset RSVCableCar 5 3/positionOffset farmer 5 3/pause 10/positionOffset RSVCableCar 5 3/positionOffset farmer 5 3/pause 10/positionOffset RSVCableCar 5 3/positionOffset farmer 5 3/pause 10/positionOffset RSVCableCar 5 3/positionOffset farmer 5 3/pause 10/positionOffset RSVCableCar 5 3/positionOffset farmer 5 3/pause 10/positionOffset RSVCableCar 5 3/positionOffset farmer 5 3/pause 10/positionOffset RSVCableCar 5 3/positionOffset farmer 5 3/pause 10/positionOffset RSVCableCar 5 3/positionOffset farmer 5 3/pause 10/positionOffset RSVCableCar 5 3/positionOffset farmer 5 3/pause 10/positionOffset RSVCableCar 5 3/positionOffset farmer 5 3/pause 10/positionOffset RSVCableCar 5 3/positionOffset farmer 5 3/pause 10/positionOffset RSVCableCar 5 3/positionOffset farmer 5 3/pause 10/positionOffset RSVCableCar 5 3/positionOffset farmer 5 3/pause 10/positionOffset RSVCableCar 5 3/positionOffset farmer 5 3/pause 10/positionOffset RSVCableCar 5 3/positionOffset farmer 5 3/pause 10/positionOffset RSVCableCar 5 3/positionOffset farmer 5 3/pause 10/positionOffset RSVCableCar 5 3/positionOffset farmer 5 3/pause 10/positionOffset RSVCableCar 5 3/positionOffset farmer 5 3/pause 10/positionOffset RSVCableCar 5 3/positionOffset farmer 5 3/pause 10/positionOffset RSVCableCar 5 3/positionOffset farmer 5 3/pause 10/positionOffset RSVCableCar 5 3/positionOffset farmer 5 3/pause 10/positionOffset RSVCableCar 5 3/positionOffset farmer 5 3/pause 10/positionOffset RSVCableCar 5 3/positionOffset farmer 5 3/pause 10/positionOffset RSVCableCar 5 3/positionOffset farmer 5 3/pause 10/positionOffset RSVCableCar 5 3/positionOffset farmer 5 3/pause 10/positionOffset RSVCableCar 5 3/positionOffset farmer 5 3/pause 10/positionOffset RSVCableCar 5 3/positionOffset farmer 5 3/pause 10/positionOffset RSVCableCar 5 3/positionOffset farmer 5 3/pause 10/positionOffset RSVCableCar 5 3/positionOffset farmer 5 3/pause 10/positionOffset RSVCableCar 5 3/positionOffset farmer 5 3/pause 10/positionOffset RSVCableCar 5 3/positionOffset farmer 5 3/pause 10/positionOffset RSVCableCar 5 3/positionOffset farmer 5 3/pause 10/positionOffset RSVCableCar 5 3/positionOffset farmer 5 3/pause 10/positionOffset RSVCableCar 5 3/positionOffset farmer 5 3/pause 10/positionOffset RSVCableCar 5 3/positionOffset farmer 5 3/pause 10/positionOffset RSVCableCar 5 3/positionOffset farmer 5 3/pause 10/positionOffset RSVCableCar 5 3/positionOffset farmer 5 3/pause 10/positionOffset RSVCableCar 5 3/positionOffset farmer 5 3/pause 10/positionOffset RSVCableCar 5 3/positionOffset farmer 5 3/pause 10/positionOffset RSVCableCar 5 3/positionOffset farmer 5 3/pause 10/positionOffset RSVCableCar 5 3/positionOffset farmer 5 3/pause 10/positionOffset RSVCableCar 5 3/positionOffset farmer 5 3/pause 10/positionOffset RSVCableCar 5 3/positionOffset farmer 5 3/pause 10/positionOffset RSVCableCar 5 3/positionOffset farmer 5 3/pause 10/positionOffset RSVCableCar 5 3/positionOffset farmer 5 3/pause 10/positionOffset RSVCableCar 5 3/positionOffset farmer 5 3/pause 10/positionOffset RSVCableCar 5 3/positionOffset farmer 5 3/pause 10/positionOffset RSVCableCar 5 3/positionOffset farmer 5 3/pause 10/positionOffset RSVCableCar 5 3/positionOffset farmer 5 3/pause 10/positionOffset RSVCableCar 5 3/positionOffset farmer 5 3/pause 10/positionOffset RSVCableCar 5 3/positionOffset farmer 5 3/pause 10/positionOffset RSVCableCar 5 3/positionOffset farmer 5 3/pause 10/positionOffset RSVCableCar 5 3/positionOffset farmer 5 3/pause 10/positionOffset RSVCableCar 5 3/positionOffset farmer 5 3/pause 10/positionOffset RSVCableCar 5 3/positionOffset farmer 5 3/pause 10/positionOffset RSVCableCar 5 3/positionOffset farmer 5 3/pause 10/positionOffset RSVCableCar 5 3/positionOffset farmer 5 3/pause 10/positionOffset RSVCableCar 5 3/positionOffset farmer 5 3/pause 10/positionOffset RSVCableCar 5 3/positionOffset farmer 5 3/pause 10/positionOffset RSVCableCar 5 3/positionOffset farmer 5 3/pause 10/positionOffset RSVCableCar 5 3/positionOffset farmer 5 3/pause 10/positionOffset RSVCableCar 5 3/positionOffset farmer 5 3/pause 10/positionOffset RSVCableCar 5 3/positionOffset farmer 5 3/pause 10/positionOffset RSVCableCar 5 3/positionOffset farmer 5 3/pause 10/positionOffset RSVCableCar 5 3/positionOffset farmer 5 3/pause 10/positionOffset RSVCableCar 5 3/positionOffset farmer 5 3/pause 10/positionOffset RSVCableCar 5 3/positionOffset farmer 5 3/pause 10/positionOffset RSVCableCar 5 3/positionOffset farmer 5 3/pause 10/positionOffset RSVCableCar 5 3/positionOffset farmer 5 3/pause 10/positionOffset RSVCableCar 5 3/positionOffset farmer 5 3/pause 10/positionOffset RSVCableCar 5 3/positionOffset farmer 5 3/pause 10/positionOffset RSVCableCar 5 3/positionOffset farmer 5 3/pause 10/positionOffset RSVCableCar 5 3/positionOffset farmer 5 3/pause 10/positionOffset RSVCableCar 5 3/positionOffset farmer 5 3/pause 10/positionOffset RSVCableCar 5 3/positionOffset farmer 5 3/pause 10/positionOffset RSVCableCar 5 3/positionOffset farmer 5 3/pause 10/positionOffset RSVCableCar 5 3/positionOffset farmer 5 3/pause 10/positionOffset RSVCableCar 5 3/positionOffset farmer 5 3/pause 10/positionOffset RSVCableCar 5 3/positionOffset farmer 5 3/pause 10/positionOffset RSVCableCar 5 3/positionOffset farmer 5 3/pause 10/positionOffset RSVCableCar 5 3/positionOffset farmer 5 3/pause 10/positionOffset RSVCableCar 5 3/positionOffset farmer 5 3/pause 10/positionOffset RSVCableCar 5 3/positionOffset farmer 5 3/pause 10/positionOffset RSVCableCar 5 3/positionOffset farmer 5 3/pause 10/positionOffset RSVCableCar 5 3/positionOffset farmer 5 3/pause 10/positionOffset RSVCableCar 5 3/positionOffset farmer 5 3/pause 10/positionOffset RSVCableCar 5 3/positionOffset farmer 5 3/pause 10/positionOffset RSVCableCar 5 3/positionOffset farmer 5 3/pause 10/positionOffset RSVCableCar 5 3/positionOffset farmer 5 3/pause 10/positionOffset RSVCableCar 5 3/positionOffset farmer 5 3/pause 10/positionOffset RSVCableCar 5 3/positionOffset farmer 5 3/pause 10/positionOffset RSVCableCar 5 3/positionOffset farmer 5 3/pause 10/positionOffset RSVCableCar 5 3/positionOffset farmer 5 3/pause 10/positionOffset RSVCableCar 5 3/positionOffset farmer 5 3/pause 10/positionOffset RSVCableCar 5 3/positionOffset farmer 5 3/pause 10/positionOffset RSVCableCar 5 3/positionOffset farmer 5 3/pause 10/positionOffset RSVCableCar 5 3/positionOffset farmer 5 3/pause 10/positionOffset RSVCableCar 5 3/positionOffset farmer 5 3/pause 10/pause 100/end",
		},
	},
	
]
}
