{
"Changes": [
	
	{
		"LogName": "LogCabinHotel3rdFloor Events",
		"Action": "EditData",
		"Target": "Data/Events/Custom_Ridgeside_LogCabinHotel3rdFloor",
		"Entries": {		
		//Richard reminiscing about wife (Richard 8 hearts)
			"75160105/f Richard 2000/t 1800 2000/w sunny/e 75160104": "none/4 5/farmer 9 5 3 Richard 3 5 3/skippable/pause 500/emote farmer 8/pause 500/move Richard -2 0 3/playSound doorClose/warp Richard -100 -100 0/pause 500/move farmer -4 0 3/message \"{{i18n:event-75160105.01}}\"/pause 500/globalFade/viewport -1000 -1000/changeToTemporaryMap Custom_Ridgeside_RidgesideVillage false/warp farmer 117 13/faceDirection farmer 3/warp Richard 110 13/faceDirection Richard 3/pause 1000/playMusic nightTime/fade/viewport 111 13/pause 1000/emote Richard 40/pause 500/speak Richard \"{{i18n:event-75160105.02}}\"/emote farmer 16/pause 500/move farmer -5 0 3 true/pause 500/emote Richard 8/pause 500/faceDirection Richard 1/pause 500/speak Richard \"{{i18n:event-75160105.03}}\"/emote farmer 28/pause 500/emote Richard 16/pause 500/speak Richard \"{{i18n:event-75160105.04}}\"/emote farmer 8/pause 500/emote Richard 28/pause 500/speak Richard \"{{i18n:event-75160105.05}}\"/emote farmer 28/pause 1000/faceDirection Richard 3/speak Richard \"{{i18n:event-75160105.06}}\"/emote farmer 32/pause 500/move farmer 0 1 3/move farmer -1 0 3/speak Richard \"{{i18n:event-75160105.07}}\"/playMusic desolate/faceDirection Richard 2/speak Richard \"{{i18n:event-75160105.08}}\"/faceDirection Richard 3/pause 500/speak Richard \"{{i18n:event-75160105.09}}\"/emote farmer 40/pause 500/speak Richard \"{{i18n:event-75160105.10}}\"/faceDirection Richard 2/pause 1000/speak Richard \"{{i18n:event-75160105.11}}\"/emote farmer 32/pause 500/faceDirection Richard 3/pause 500/speak Richard \"{{i18n:event-75160105.12}}\"/pause 1000/emote farmer 32/pause 500/faceDirection Richard 2/pause 500/speak Richard \"{{i18n:event-75160105.13}}\"/emote farmer 32/pause 1000/faceDirection Richard 3/move farmer 6 0 1/playSound doorClose/warp farmer -100 -100/pause 1000/speak Richard \"{{i18n:event-75160105.14}}\"/pause 2000/globalFade/viewport -2000 -2000/stopMusic/warp Richard -101 -100/addTemporaryActor RSVFlashback1 16 32 110 13 2 false/addTemporaryActor RSVFlashback2 16 32 111 13 2 false/playMusic sweet/pause 2000/message \"{{i18n:event-75160105.15}}\"/pause 1000/fade/glow 240 100 100 true/viewport 111 13/pause 2000/message \"{{i18n:event-75160105.16}}\"/positionOffset RSVFlashback2 -10 0/pause 500/positionOffset RSVFlashback2 -10 0/pause 500/positionOffset RSVFlashback2 -10 0/pause 3000/globalFade/viewport -2000 -2000/pause 500/stopGlowing/message \"{{i18n:event-75160105.17}}\"/end dialogue Richard \"{{i18n:event-75160105.18}}\"",
		
		//Ysabelle dancing frustrated (Ysabelle 4 hearts)
			"75160142/f Ysabelle 1000/t 1600 1800/e 75160141": "none/13 13/farmer 13 15 0 Ysabelle 21 11 2/skippable/showFrame Ysabelle 26/pause 500/move farmer 0 -2 0/speak Ysabelle \"{{i18n:event-75160142.01}}\"/emote farmer 8/faceDirection farmer 1/pause 1000/globalFade/viewport -1000 -1000/fade/viewport 20 11/move farmer 2 0 1/emote Ysabelle 12/showFrame Ysabelle 24/speak Ysabelle \"{{i18n:event-75160142.02}}\"/animate Ysabelle false true 500 16 17 18 19/pause 1300/stopAnimation Ysabelle 20/showFrame Ysabelle 22/pause 100/positionOffset Ysabelle 10 0/pause 100/positionOffset Ysabelle 10 0/pause 100/positionOffset Ysabelle 10 0/pause 100/positionOffset Ysabelle 10 0/pause 100/positionOffset Ysabelle 10 0/pause 100/positionOffset Ysabelle 10 0/warp Ysabelle 22 11/showFrame Ysabelle 20/pause 800/animate Ysabelle false true 500 16 17 18 19/pause 1300/stopAnimation Ysabelle 24/emote Ysabelle 12/speak Ysabelle \"{{i18n:event-75160142.03}}\"/showFrame Ysabelle 26/move farmer 2 0 1/emote Ysabelle 8/showFrame Ysabelle 21/speak Ysabelle \"{{i18n:event-75160142.04}}\"/move farmer 0 -2 1/emote farmer 8/emote Ysabelle 60/speak Ysabelle \"{{i18n:event-75160142.05}}\"/emote farmer 56/emote Ysabelle 40/speak Ysabelle \"{{i18n:event-75160142.06}}\"/showFrame Ysabelle 20/emote farmer 8/speak Ysabelle \"{{i18n:event-75160142.07}}\"/move farmer 2 0 1/playMusic cm:YsabelleTheme/emote Ysabelle 40/question null \"{{i18n:event-75160142.08}}#{{i18n:event-75160142.09}}#{{i18n:event-75160142.10}}#\"/shake Ysabelle 1000/emote farmer 16/speak Ysabelle \"{{i18n:event-75160142.11}}\"/emote Ysabelle 40/showFrame Ysabelle 21/emote Ysabelle 28/speak Ysabelle \"{{i18n:event-75160142.12}}\"/pause 500/speak Ysabelle \"$q 75160142 null \"#{{i18n:event-75160142.13}}#$r 75160142 0 ysabelle1_1#{{i18n:event-75160142.14}}#$r 75160142 -50 ysabelle1_2#{{i18n:event-75160142.15}}#$r 75160142 0 ysabelle1_3#{{i18n:event-75160142.16}}\"/fork YsabelleAngry/pause 500/showFrame Ysabelle 24/emote Ysabelle 40/pause 2000/showFrame Ysabelle 26/pause 2000/showFrame Ysabelle 24/emote Ysabelle 32/emote farmer 8/showFrame Ysabelle 21/emote Ysabelle 56/speak Ysabelle \"{{i18n:event-75160142.17}}\"/emote farmer 32/speak Ysabelle \"{{i18n:event-75160142.18}}\"/emote farmer 16/pause 1000/end dialogue Ysabelle \"{{i18n:event-75160142.19}}\"",
			"YsabelleAngry": "pause 500/showFrame Ysabelle 20/emote Ysabelle 12/speak Ysabelle \"{{i18n:event-75160142.YsabelleAngry.01}}\"/emote farmer 28/pause 1000/end dialogue Ysabelle \"{{i18n:event-75160142.YsabelleAngry.02}}\"",
		
		//Ysabelle dance with farmer (Ysabelle 10 hearts)
			"75160145/f Ysabelle 2500/D Ysabelle/t 1800 2200": "cm:YsabelleTheme/21 12/farmer 17 12 1 Ysabelle 23 12 1/skippable/pause 2000/move farmer 1 0 1/pause 2000/faceDirection Ysabelle 3/speak Ysabelle \"{{i18n:event-75160145.01}}\"/emote farmer 60/move Ysabelle -4 0 3/message \"{{i18n:event-75160145.02}}\"/speak Ysabelle \"{{i18n:event-75160145.03}}\"/move farmer 2 0 1 true/move Ysabelle 2 0 3 true/pause 3000/faceDirection Ysabelle 1/positionOffset Ysabelle -15 0/positionOffset Ysabelle -15 0/emote farmer 16/speak Ysabelle \"{{i18n:event-75160145.04}}\"/showFrame 34/pause 2000/showFrame 33/positionOffset Ysabelle 15 0/positionOffset Ysabelle 10 0/showFrame Ysabelle 39/pause 800/showFrame Ysabelle 29/pause 800/showFrame Ysabelle 30/pause 800/showFrame Ysabelle 31/pause 800/showFrame Ysabelle 39/positionOffset Ysabelle -15 0/positionOffset Ysabelle -10 0/showFrame 34/pause 2000/showFrame Ysabelle 23/showFrame 58/pause 500/showFrame 59/pause 500/showFrame 32/positionOffset Ysabelle 0 -20/pause 1000/positionOffset Ysabelle 0 20/pause 2000/showFrame Ysabelle 39/showFrame 34/pause 2000/message \"{{i18n:event-75160145.05}}\"/speak Ysabelle \"{{i18n:event-75160145.06}}\"/pause 1000/showFrame Ysabelle 25/positionOffset farmer 5 0/animate farmer false true 100 101/pause 2000/emote Ysabelle 20/pause 2000/globalFade/viewport -1000 -1000/pause 1000/speak Ysabelle \"{{i18n:event-75160145.07}}\"/pause 1000/end dialogue Ysabelle \"{{i18n:event-75160145.08}}\"",
		},
	},

        {
                //Event dialogue Ysabelle 4 hearts
                "Action": "EditData",
                "Target": "Characters/Dialogue/Ysabelle",
                "Entries": {                        
                        "ysabelle1_1": "{{i18n:event-75160142.Fork1}}",
                        "ysabelle1_2": "{{i18n:event-75160142.Fork2}}",
                        "ysabelle1_3": "{{i18n:event-75160142.Fork3}}",        
                }
        },
	
]
}
