{
"Changes": [
	
	{
		"LogName": "RSVCliff Events",
		"Action": "EditData",
		"Target": "Data/Events/Custom_Ridgeside_RSVCliff",
		"Entries": {
		//Pika scolds Keahi (Pika 4 hearts)
			"75160099/f Pika 1000/w sunny/e 75160098/t 1200 1500": "playful/5 23/farmer 4 23 0 Pika 5 19 2 Keahi 5 18 2/skippable/pause 500/emote farmer 8/advancedMove Pika false 0 4 1 0/move Keahi 0 5 1 true/pause 2000/faceDirection farmer 1/faceDirection Pika 3/speak Pika \"{{i18n:event-75160099.01}}\"/emote Keahi 28/pause 500/speak Keahi \"{{i18n:event-75160099.02}}\"/emote Pika 28/pause 500/speak Pika \"{{i18n:event-75160099.03}}\"/pause 1000/emote Pika 16/pause 500/faceDirection Keahi 3/emote Keahi 8/pause 500/speak Pika \"{{i18n:event-75160099.04}}\"/speak Keahi \"{{i18n:event-75160099.05}}\"/emote Pika 28 true/emote farmer 16/pause 500/speak Pika \"{{i18n:event-75160099.06}}\"/faceDirection Keahi 1/emote Keahi 56/pause 500/speak Pika \"{{i18n:event-75160099.07}}\"/emote farmer 32/pause 500/move Pika 10 0 1 true/move Keahi 10 0 1 true/pause 1000/end dialogue Pika \"{{i18n:event-75160099.08}}\"",
		
		//Flor trips (Flor 4 hearts)
			"75160129/f Flor 1000/w sunny/e 75160128/t 600 1000": "playful/5 23/farmer 9 23 3 Flor 4 16 1 Harvey -100 -100 2/skippable/pause 200/move Flor 1 0 2/move farmer -4 0 3 true/move Flor 0 4 2 true/pause 2000/speak Flor \"{{i18n:event-75160129.01}}\"/showFrame Flor 35/emote farmer 8/pause 100/faceDirection farmer 0/positionOffset Flor 0 10/positionOffset Flor 0 10/positionOffset Flor 0 10/positionOffset Flor 0 10/positionOffset Flor 0 10/positionOffset Flor 0 10/move farmer 0 -1 0/showFrame farmer 65/playSound clubhit/pause 1000/globalFade/viewport -1000 -1000/warp farmer 5 23/faceDirection farmer 1/warp Flor 6 23/faceDirection Flor 3/showFrame Flor 23/positionOffset Flor -20 -20/fade/viewport 12 22/pause 500/emote Flor 28/pause 500/emote farmer 28/pause 500/speak Flor \"{{i18n:event-75160129.02}}\"/emote farmer 32/pause 2000/emote Flor 40 true/emote farmer 40/pause 500/emote Flor 16/pause 500/warp Flor 6 23/speed Flor 3/move Flor 1 0 3/emote Flor 60/pause 500/speak Flor \"{{i18n:event-75160129.03}}\"/emote farmer 56/pause 500/speak Flor \"{{i18n:event-75160129.04}}\"/move Flor 1 0 1/speak Flor \"{{i18n:event-75160129.05}}\"/move Flor 1 0 1/speak Flor \"{{i18n:event-75160129.06}}\"/showFrame Flor 21/emote farmer 16/move farmer 0 1 1/move farmer 5 0 0/move farmer 0 -1 3/emote Flor 28/pause 500/speak Flor \"{{i18n:event-75160129.07}}\"/speak Flor \"{{i18n:event-75160129.08}}\"/emote farmer 40/pause 500/showFrame Flor 20/positionOffset Flor 53 5/faceDirection farmer 2/showFrame farmer 27/emote Flor 16/pause 2000/speak Flor \"{{i18n:event-75160129.09}}\"/emote farmer 56/pause 1000/globalFade/viewport -1000 -1000/changeToTemporaryMap Hospital false/playMusic cm:FlorTheme/warp Harvey 6 15/warp farmer 7 17/faceDirection farmer 0/warp Flor 5 17/faceDirection Flor 0/fade/viewport 6 15/pause 1000/speak Harvey \"{{i18n:event-75160129.10}}\"/speak Flor \"{{i18n:event-75160129.11}}\"/speak Harvey \"{{i18n:event-75160129.12}}\"/move Harvey 0 -1 3/move Harvey -2 0 3/faceDirection Flor 1/faceDirection farmer 3/emote Flor 60/pause 500/speak Flor \"{{i18n:event-75160129.13}}\"/emote farmer 56/pause 500/speak Flor \"{{i18n:event-75160129.14}}\"/move Flor 1 0 1/speak Flor \"{{i18n:event-75160129.15}}\"/emote farmer 28/pause 500/speak Flor \"{{i18n:event-75160129.16}}\"/emote farmer 32/pause 1000/end dialogue Flor \"{{i18n:event-75160129.17}}\"",

		//Ian relaxing (Ian 4 hearts)
			"75160147/f Ian 1000/w sunny/t 1000 1800/e 75160146": "summer_day_ambient/6 18/farmer 8 22 1 Ian 6 18 2/skippable/showFrame Ian 16/pause 200/move farmer -3 0 1/emote Ian 12/speak Ian \"{{i18n:event-75160147.01}}\"/emote farmer 8/faceDirection farmer 0/emote Ian 40/speak Ian \"{{i18n:event-75160147.02}}\"/emote Ian 8/faceDirection Ian 2/emote Ian 32/speak Ian \"{{i18n:event-75160147.03}}\"/emote farmer 56/emote farmer 8/emote Ian 28/speak Ian \"{{i18n:event-75160147.04}}\"/emote farmer 32/showFrame Ian 16/move farmer 0 -4 1/speak Ian \"{{i18n:event-75160147.05}}\"/emote farmer 40/pause 2000/message \"{{i18n:event-75160147.06}}\"/emote farmer 28/emote Ian 60/speak Ian \"{{i18n:event-75160147.07}}\"/emote farmer 8/emote Ian 28/speak Ian \"{{i18n:event-75160147.08}}\"/emote farmer 40/pause 1000/emote Ian 16/faceDirection Ian 3/speak Ian \"{{i18n:event-75160147.09}}\"/emote farmer 56/speed Ian 3/move Ian 0 -2 3/faceDirection farmer 0/speed Ian 3/move Ian -5 0 3/end dialogue Ian \"{{i18n:event-75160147.10}}\"",

		//Ian goes home late (Ian 10 hearts)
			"75160150/f Ian 2500/D Ian/w sunny/t 2200 2400": "cm:IanTheme/14 23/farmer 10 23 1 Ian 18 23 3/skippable/pause 500/emote farmer 32/emote Ian 8/speak Ian \"{{i18n:event-75160150.01}}\"/move Ian -4 0 3 true/move farmer 3 0 1 true/emote Ian 60/speak Ian \"{{i18n:event-75160150.02}}\"/positionOffset farmer 20 0/showFrame 101/showFrame Ian 43/emote farmer 20/message \"{{i18n:event-75160150.03}}\"/emote farmer 20/speak Ian \"{{i18n:event-75160150.04}}\"/globalFade/viewport -1000 -1000/warp farmer 8 15/faceDirection farmer 2/warp Ian 7 15/faceDirection Ian 2/positionOffset Ian 0 -10/fade/viewport 9 15/pause 1000/emote Ian 60/emote farmer 8/faceDirection farmer 3/emote farmer 32/faceDirection Ian 1/speak Ian \"{{i18n:event-75160150.05}}\"/emote farmer 28/message \"{{i18n:event-75160150.06}}\"/emote Ian 28/speak Ian \"{{i18n:event-75160150.07}}\"/emote Ian 60/emote farmer 32/speak Ian \"{{i18n:event-75160150.08}}\"/emote farmer 20/showFrame Ian 42/positionOffset Ian 10 0/positionOffset farmer -10 0/animate farmer true true 100 101/emote Ian 20/pause 3000/globalFade/viewport -1000 -1000/message \"{{i18n:event-75160150.09}}\"/speak Ian \"{{i18n:event-75160150.10}}\"/end dialogue Ian \"{{i18n:event-75160150.11}}\"",

		//Kiwi meets farmer
			"75160188/e 112": "continue/24 21/farmer 24 18 2 Kiwi 24 23 0/skippable/skippable/pause 1000/emote farmer 8/emote Kiwi 40/message \"{{i18n:event-75160188.01}}\"/move Kiwi 0 -1 0/emote farmer 16/message \"{{i18n:event-75160188.02}}\"/pause 800/speak Kiwi \"{{i18n:event-75160188.03}}\"/animate Kiwi false false 100 20 21 22 23 24 25 26 27 17 16/pause 1000/playSound shadowpeep/warp Kiwi -1000 -1000/emote farmer 16/move farmer 0 2 2/pause 500/faceDirection farmer 1/pause 500/faceDirection farmer 3/pause 500/faceDirection farmer 2/emote farmer 8/message \"{{i18n:event-75160188.04}}\"/pause 1000/end",
		},
	},

//MISC
	{
		//Trigger for Undreya Unlock
		"LogName": "Undreya Trigger",
		"Action": "EditData",
		"Target": "Data/Events/Custom_Ridgeside_RSVCliff",
		"Entries": {
			"75160181/f Undreya 2500": "none/0 0/farmer 0 0 0/pause 100/end",
		},
	},


//Repeating Events

	{
		//Cable Car
		"Action": "EditData",
		"Target": "Data/Events/Custom_Ridgeside_RSVCliff",
		"When": { "RepeatCableCarCutscene": true },
		"Entries": {

			//Alone
			"75160060/r .7/k 75160175 75160176/t 600 2350/a 24 19": "continue/-100 -100/farmer 0 0 1/skippable/pause 1000/changeToTemporaryMap Custom_Ridgeside_RSVTheRide false/addTemporaryActor RSVCableCar 62 110 46 25 2 false/warp farmer 49 25 1/positionOffset farmer -15 8/fade/viewport 44 17/positionOffset RSVCableCar -5 -3/positionOffset farmer -5 -3/pause 10/positionOffset RSVCableCar -5 -3/positionOffset farmer -5 -3/pause 10/positionOffset RSVCableCar -5 -3/positionOffset farmer -5 -3/pause 10/positionOffset RSVCableCar -5 -3/positionOffset farmer -5 -3/pause 10/positionOffset RSVCableCar -5 -3/positionOffset farmer -5 -3/pause 10/positionOffset RSVCableCar -5 -3/positionOffset farmer -5 -3/pause 10/positionOffset RSVCableCar -5 -3/positionOffset farmer -5 -3/pause 10/positionOffset RSVCableCar -5 -3/positionOffset farmer -5 -3/pause 10/positionOffset RSVCableCar -5 -3/positionOffset farmer -5 -3/pause 10/positionOffset RSVCableCar -5 -3/positionOffset farmer -5 -3/pause 10/positionOffset RSVCableCar -5 -3/positionOffset farmer -5 -3/pause 10/positionOffset RSVCableCar -5 -3/positionOffset farmer -5 -3/pause 10/positionOffset RSVCableCar -5 -3/positionOffset farmer -5 -3/pause 10/positionOffset RSVCableCar -5 -3/positionOffset farmer -5 -3/pause 10/positionOffset RSVCableCar -5 -3/positionOffset farmer -5 -3/pause 10/positionOffset RSVCableCar -5 -3/positionOffset farmer -5 -3/pause 10/positionOffset RSVCableCar -5 -3/positionOffset farmer -5 -3/pause 10/positionOffset RSVCableCar -5 -3/positionOffset farmer -5 -3/pause 10/positionOffset RSVCableCar -5 -3/positionOffset farmer -5 -3/pause 10/positionOffset RSVCableCar -5 -3/positionOffset farmer -5 -3/pause 10/positionOffset RSVCableCar -5 -3/positionOffset farmer -5 -3/pause 10/positionOffset RSVCableCar -5 -3/positionOffset farmer -5 -3/pause 10/positionOffset RSVCableCar -5 -3/positionOffset farmer -5 -3/pause 10/positionOffset RSVCableCar -5 -3/positionOffset farmer -5 -3/pause 10/positionOffset RSVCableCar -5 -3/positionOffset farmer -5 -3/pause 10/positionOffset RSVCableCar -5 -3/positionOffset farmer -5 -3/pause 10/positionOffset RSVCableCar -5 -3/positionOffset farmer -5 -3/pause 10/positionOffset RSVCableCar -5 -3/positionOffset farmer -5 -3/pause 10/positionOffset RSVCableCar -5 -3/positionOffset farmer -5 -3/pause 10/positionOffset RSVCableCar -5 -3/positionOffset farmer -5 -3/pause 10/positionOffset RSVCableCar -5 -3/positionOffset farmer -5 -3/pause 10/positionOffset RSVCableCar -5 -3/positionOffset farmer -5 -3/pause 10/positionOffset RSVCableCar -5 -3/positionOffset farmer -5 -3/pause 10/positionOffset RSVCableCar -5 -3/positionOffset farmer -5 -3/pause 10/positionOffset RSVCableCar -5 -3/positionOffset farmer -5 -3/pause 10/positionOffset RSVCableCar -5 -3/positionOffset farmer -5 -3/pause 10/positionOffset RSVCableCar -5 -3/positionOffset farmer -5 -3/pause 10/positionOffset RSVCableCar -5 -3/positionOffset farmer -5 -3/pause 10/positionOffset RSVCableCar -5 -3/positionOffset farmer -5 -3/pause 10/positionOffset RSVCableCar -5 -3/positionOffset farmer -5 -3/pause 10/positionOffset RSVCableCar -5 -3/positionOffset farmer -5 -3/pause 10/positionOffset RSVCableCar -5 -3/positionOffset farmer -5 -3/pause 10/positionOffset RSVCableCar -5 -3/positionOffset farmer -5 -3/pause 10/positionOffset RSVCableCar -5 -3/positionOffset farmer -5 -3/pause 10/positionOffset RSVCableCar -5 -3/positionOffset farmer -5 -3/pause 10/positionOffset RSVCableCar -5 -3/positionOffset farmer -5 -3/pause 10/positionOffset RSVCableCar -5 -3/positionOffset farmer -5 -3/pause 10/positionOffset RSVCableCar -5 -3/positionOffset farmer -5 -3/pause 10/positionOffset RSVCableCar -5 -3/positionOffset farmer -5 -3/pause 10/positionOffset RSVCableCar -5 -3/positionOffset farmer -5 -3/pause 10/positionOffset RSVCableCar -5 -3/positionOffset farmer -5 -3/pause 10/positionOffset RSVCableCar -5 -3/positionOffset farmer -5 -3/pause 10/positionOffset RSVCableCar -5 -3/positionOffset farmer -5 -3/pause 10/positionOffset RSVCableCar -5 -3/positionOffset farmer -5 -3/pause 10/positionOffset RSVCableCar -5 -3/positionOffset farmer -5 -3/pause 10/positionOffset RSVCableCar -5 -3/positionOffset farmer -5 -3/pause 10/positionOffset RSVCableCar -5 -3/positionOffset farmer -5 -3/pause 10/positionOffset RSVCableCar -5 -3/positionOffset farmer -5 -3/pause 10/positionOffset RSVCableCar -5 -3/positionOffset farmer -5 -3/pause 10/positionOffset RSVCableCar -5 -3/positionOffset farmer -5 -3/pause 10/positionOffset RSVCableCar -5 -3/positionOffset farmer -5 -3/pause 10/positionOffset RSVCableCar -5 -3/positionOffset farmer -5 -3/pause 10/positionOffset RSVCableCar -5 -3/positionOffset farmer -5 -3/pause 10/positionOffset RSVCableCar -5 -3/positionOffset farmer -5 -3/pause 10/positionOffset RSVCableCar -5 -3/positionOffset farmer -5 -3/pause 10/positionOffset RSVCableCar -5 -3/positionOffset farmer -5 -3/pause 10/positionOffset RSVCableCar -5 -3/positionOffset farmer -5 -3/pause 10/positionOffset RSVCableCar -5 -3/positionOffset farmer -5 -3/pause 10/positionOffset RSVCableCar -5 -3/positionOffset farmer -5 -3/pause 10/positionOffset RSVCableCar -5 -3/positionOffset farmer -5 -3/pause 10/positionOffset RSVCableCar -5 -3/positionOffset farmer -5 -3/pause 10/positionOffset RSVCableCar -5 -3/positionOffset farmer -5 -3/pause 10/positionOffset RSVCableCar -5 -3/positionOffset farmer -5 -3/pause 10/positionOffset RSVCableCar -5 -3/positionOffset farmer -5 -3/pause 10/positionOffset RSVCableCar -5 -3/positionOffset farmer -5 -3/pause 10/positionOffset RSVCableCar -5 -3/positionOffset farmer -5 -3/pause 10/positionOffset RSVCableCar -5 -3/positionOffset farmer -5 -3/pause 10/positionOffset RSVCableCar -5 -3/positionOffset farmer -5 -3/pause 10/positionOffset RSVCableCar -5 -3/positionOffset farmer -5 -3/pause 10/positionOffset RSVCableCar -5 -3/positionOffset farmer -5 -3/pause 10/positionOffset RSVCableCar -5 -3/positionOffset farmer -5 -3/pause 10/positionOffset RSVCableCar -5 -3/positionOffset farmer -5 -3/pause 10/positionOffset RSVCableCar -5 -3/positionOffset farmer -5 -3/pause 10/positionOffset RSVCableCar -5 -3/positionOffset farmer -5 -3/pause 10/positionOffset RSVCableCar -5 -3/positionOffset farmer -5 -3/pause 10/positionOffset RSVCableCar -5 -3/positionOffset farmer -5 -3/pause 10/positionOffset RSVCableCar -5 -3/positionOffset farmer -5 -3/pause 10/positionOffset RSVCableCar -5 -3/positionOffset farmer -5 -3/pause 10/positionOffset RSVCableCar -5 -3/positionOffset farmer -5 -3/pause 10/positionOffset RSVCableCar -5 -3/positionOffset farmer -5 -3/pause 10/positionOffset RSVCableCar -5 -3/positionOffset farmer -5 -3/pause 10/positionOffset RSVCableCar -5 -3/positionOffset farmer -5 -3/pause 10/positionOffset RSVCableCar -5 -3/positionOffset farmer -5 -3/pause 10/positionOffset RSVCableCar -5 -3/positionOffset farmer -5 -3/pause 10/positionOffset RSVCableCar -5 -3/positionOffset farmer -5 -3/pause 10/positionOffset RSVCableCar -5 -3/positionOffset farmer -5 -3/pause 10/positionOffset RSVCableCar -5 -3/positionOffset farmer -5 -3/pause 10/positionOffset RSVCableCar -5 -3/positionOffset farmer -5 -3/pause 10/positionOffset RSVCableCar -5 -3/positionOffset farmer -5 -3/pause 10/positionOffset RSVCableCar -5 -3/positionOffset farmer -5 -3/pause 10/positionOffset RSVCableCar -5 -3/positionOffset farmer -5 -3/pause 10/positionOffset RSVCableCar -5 -3/positionOffset farmer -5 -3/pause 10/positionOffset RSVCableCar -5 -3/positionOffset farmer -5 -3/pause 10/positionOffset RSVCableCar -5 -3/positionOffset farmer -5 -3/pause 10/positionOffset RSVCableCar -5 -3/positionOffset farmer -5 -3/pause 10/positionOffset RSVCableCar -5 -3/positionOffset farmer -5 -3/pause 10/positionOffset RSVCableCar -5 -3/positionOffset farmer -5 -3/pause 10/positionOffset RSVCableCar -5 -3/positionOffset farmer -5 -3/pause 10/positionOffset RSVCableCar -5 -3/positionOffset farmer -5 -3/pause 10/positionOffset RSVCableCar -5 -3/positionOffset farmer -5 -3/pause 10/positionOffset RSVCableCar -5 -3/positionOffset farmer -5 -3/pause 10/positionOffset RSVCableCar -5 -3/positionOffset farmer -5 -3/pause 10/positionOffset RSVCableCar -5 -3/positionOffset farmer -5 -3/pause 10/positionOffset RSVCableCar -5 -3/positionOffset farmer -5 -3/pause 10/positionOffset RSVCableCar -5 -3/positionOffset farmer -5 -3/pause 10/positionOffset RSVCableCar -5 -3/positionOffset farmer -5 -3/pause 10/positionOffset RSVCableCar -5 -3/positionOffset farmer -5 -3/pause 10/positionOffset RSVCableCar -5 -3/positionOffset farmer -5 -3/pause 10/positionOffset RSVCableCar -5 -3/positionOffset farmer -5 -3/pause 10/positionOffset RSVCableCar -5 -3/positionOffset farmer -5 -3/pause 10/positionOffset RSVCableCar -5 -3/positionOffset farmer -5 -3/pause 10/positionOffset RSVCableCar -5 -3/positionOffset farmer -5 -3/pause 10/positionOffset RSVCableCar -5 -3/positionOffset farmer -5 -3/pause 10/positionOffset RSVCableCar -5 -3/positionOffset farmer -5 -3/pause 10/positionOffset RSVCableCar -5 -3/positionOffset farmer -5 -3/pause 10/positionOffset RSVCableCar -5 -3/positionOffset farmer -5 -3/pause 10/positionOffset RSVCableCar -5 -3/positionOffset farmer -5 -3/pause 10/positionOffset RSVCableCar -5 -3/positionOffset farmer -5 -3/pause 10/positionOffset RSVCableCar -5 -3/positionOffset farmer -5 -3/pause 10/positionOffset RSVCableCar -5 -3/positionOffset farmer -5 -3/pause 10/positionOffset RSVCableCar -5 -3/positionOffset farmer -5 -3/pause 10/positionOffset RSVCableCar -5 -3/positionOffset farmer -5 -3/pause 10/positionOffset RSVCableCar -5 -3/positionOffset farmer -5 -3/pause 10/positionOffset RSVCableCar -5 -3/positionOffset farmer -5 -3/pause 10/positionOffset RSVCableCar -5 -3/positionOffset farmer -5 -3/pause 10/positionOffset RSVCableCar -5 -3/positionOffset farmer -5 -3/pause 10/pause 100/end",
			//Randomized Person
			"75160175/r .6/k 75160060 75160176/t 600 1800/a 24 19": "continue/-100 -100/farmer 0 0 1 {{RANDOMRSVNPC}} 0 0 3/skippable/pause 1000/changeToTemporaryMap Custom_Ridgeside_RSVTheRide false/addTemporaryActor RSVCableCar 62 110 46 25 2 false/showFrame RSVCableCar 1/warp farmer 49 25 1/warp {{RANDOMRSVNPC}} 46 25 1/positionOffset {{RANDOMRSVNPC}} 7 -10/positionOffset farmer -15 8/fade/viewport 44 17/positionOffset {{RANDOMRSVNPC}} -5 -3/positionOffset RSVCableCar -5 -3/positionOffset farmer -5 -3/pause 10/positionOffset {{RANDOMRSVNPC}} -5 -3/positionOffset RSVCableCar -5 -3/positionOffset farmer -5 -3/pause 10/positionOffset {{RANDOMRSVNPC}} -5 -3/positionOffset RSVCableCar -5 -3/positionOffset farmer -5 -3/pause 10/positionOffset {{RANDOMRSVNPC}} -5 -3/positionOffset RSVCableCar -5 -3/positionOffset farmer -5 -3/pause 10/positionOffset {{RANDOMRSVNPC}} -5 -3/positionOffset RSVCableCar -5 -3/positionOffset farmer -5 -3/pause 10/positionOffset {{RANDOMRSVNPC}} -5 -3/positionOffset RSVCableCar -5 -3/positionOffset farmer -5 -3/pause 10/positionOffset {{RANDOMRSVNPC}} -5 -3/positionOffset RSVCableCar -5 -3/positionOffset farmer -5 -3/pause 10/positionOffset {{RANDOMRSVNPC}} -5 -3/positionOffset RSVCableCar -5 -3/positionOffset farmer -5 -3/pause 10/positionOffset {{RANDOMRSVNPC}} -5 -3/positionOffset RSVCableCar -5 -3/positionOffset farmer -5 -3/pause 10/positionOffset {{RANDOMRSVNPC}} -5 -3/positionOffset RSVCableCar -5 -3/positionOffset farmer -5 -3/pause 10/positionOffset {{RANDOMRSVNPC}} -5 -3/positionOffset RSVCableCar -5 -3/positionOffset farmer -5 -3/pause 10/positionOffset {{RANDOMRSVNPC}} -5 -3/positionOffset RSVCableCar -5 -3/positionOffset farmer -5 -3/pause 10/positionOffset {{RANDOMRSVNPC}} -5 -3/positionOffset RSVCableCar -5 -3/positionOffset farmer -5 -3/pause 10/positionOffset {{RANDOMRSVNPC}} -5 -3/positionOffset RSVCableCar -5 -3/positionOffset farmer -5 -3/pause 10/positionOffset {{RANDOMRSVNPC}} -5 -3/positionOffset RSVCableCar -5 -3/positionOffset farmer -5 -3/pause 10/positionOffset {{RANDOMRSVNPC}} -5 -3/positionOffset RSVCableCar -5 -3/positionOffset farmer -5 -3/pause 10/positionOffset {{RANDOMRSVNPC}} -5 -3/positionOffset RSVCableCar -5 -3/positionOffset farmer -5 -3/pause 10/positionOffset {{RANDOMRSVNPC}} -5 -3/positionOffset RSVCableCar -5 -3/positionOffset farmer -5 -3/pause 10/positionOffset {{RANDOMRSVNPC}} -5 -3/positionOffset RSVCableCar -5 -3/positionOffset farmer -5 -3/pause 10/positionOffset {{RANDOMRSVNPC}} -5 -3/positionOffset RSVCableCar -5 -3/positionOffset farmer -5 -3/pause 10/positionOffset {{RANDOMRSVNPC}} -5 -3/positionOffset RSVCableCar -5 -3/positionOffset farmer -5 -3/pause 10/positionOffset {{RANDOMRSVNPC}} -5 -3/positionOffset RSVCableCar -5 -3/positionOffset farmer -5 -3/pause 10/positionOffset {{RANDOMRSVNPC}} -5 -3/positionOffset RSVCableCar -5 -3/positionOffset farmer -5 -3/pause 10/positionOffset {{RANDOMRSVNPC}} -5 -3/positionOffset RSVCableCar -5 -3/positionOffset farmer -5 -3/pause 10/positionOffset {{RANDOMRSVNPC}} -5 -3/positionOffset RSVCableCar -5 -3/positionOffset farmer -5 -3/pause 10/positionOffset {{RANDOMRSVNPC}} -5 -3/positionOffset RSVCableCar -5 -3/positionOffset farmer -5 -3/pause 10/positionOffset {{RANDOMRSVNPC}} -5 -3/positionOffset RSVCableCar -5 -3/positionOffset farmer -5 -3/pause 10/positionOffset {{RANDOMRSVNPC}} -5 -3/positionOffset RSVCableCar -5 -3/positionOffset farmer -5 -3/pause 10/positionOffset {{RANDOMRSVNPC}} -5 -3/positionOffset RSVCableCar -5 -3/positionOffset farmer -5 -3/pause 10/positionOffset {{RANDOMRSVNPC}} -5 -3/positionOffset RSVCableCar -5 -3/positionOffset farmer -5 -3/pause 10/positionOffset {{RANDOMRSVNPC}} -5 -3/positionOffset RSVCableCar -5 -3/positionOffset farmer -5 -3/pause 10/positionOffset {{RANDOMRSVNPC}} -5 -3/positionOffset RSVCableCar -5 -3/positionOffset farmer -5 -3/pause 10/positionOffset {{RANDOMRSVNPC}} -5 -3/positionOffset RSVCableCar -5 -3/positionOffset farmer -5 -3/pause 10/positionOffset {{RANDOMRSVNPC}} -5 -3/positionOffset RSVCableCar -5 -3/positionOffset farmer -5 -3/pause 10/positionOffset {{RANDOMRSVNPC}} -5 -3/positionOffset RSVCableCar -5 -3/positionOffset farmer -5 -3/pause 10/positionOffset {{RANDOMRSVNPC}} -5 -3/positionOffset RSVCableCar -5 -3/positionOffset farmer -5 -3/pause 10/positionOffset {{RANDOMRSVNPC}} -5 -3/positionOffset RSVCableCar -5 -3/positionOffset farmer -5 -3/pause 10/positionOffset {{RANDOMRSVNPC}} -5 -3/positionOffset RSVCableCar -5 -3/positionOffset farmer -5 -3/pause 10/positionOffset {{RANDOMRSVNPC}} -5 -3/positionOffset RSVCableCar -5 -3/positionOffset farmer -5 -3/pause 10/positionOffset {{RANDOMRSVNPC}} -5 -3/positionOffset RSVCableCar -5 -3/positionOffset farmer -5 -3/pause 10/positionOffset {{RANDOMRSVNPC}} -5 -3/positionOffset RSVCableCar -5 -3/positionOffset farmer -5 -3/pause 10/positionOffset {{RANDOMRSVNPC}} -5 -3/positionOffset RSVCableCar -5 -3/positionOffset farmer -5 -3/pause 10/positionOffset {{RANDOMRSVNPC}} -5 -3/positionOffset RSVCableCar -5 -3/positionOffset farmer -5 -3/pause 10/positionOffset {{RANDOMRSVNPC}} -5 -3/positionOffset RSVCableCar -5 -3/positionOffset farmer -5 -3/pause 10/positionOffset {{RANDOMRSVNPC}} -5 -3/positionOffset RSVCableCar -5 -3/positionOffset farmer -5 -3/pause 10/positionOffset {{RANDOMRSVNPC}} -5 -3/positionOffset RSVCableCar -5 -3/positionOffset farmer -5 -3/pause 10/positionOffset {{RANDOMRSVNPC}} -5 -3/positionOffset RSVCableCar -5 -3/positionOffset farmer -5 -3/pause 10/positionOffset {{RANDOMRSVNPC}} -5 -3/positionOffset RSVCableCar -5 -3/positionOffset farmer -5 -3/pause 10/positionOffset {{RANDOMRSVNPC}} -5 -3/positionOffset RSVCableCar -5 -3/positionOffset farmer -5 -3/pause 10/positionOffset {{RANDOMRSVNPC}} -5 -3/positionOffset RSVCableCar -5 -3/positionOffset farmer -5 -3/pause 10/positionOffset {{RANDOMRSVNPC}} -5 -3/positionOffset RSVCableCar -5 -3/positionOffset farmer -5 -3/pause 10/positionOffset {{RANDOMRSVNPC}} -5 -3/positionOffset RSVCableCar -5 -3/positionOffset farmer -5 -3/pause 10/positionOffset {{RANDOMRSVNPC}} -5 -3/positionOffset RSVCableCar -5 -3/positionOffset farmer -5 -3/pause 10/positionOffset {{RANDOMRSVNPC}} -5 -3/positionOffset RSVCableCar -5 -3/positionOffset farmer -5 -3/pause 10/positionOffset {{RANDOMRSVNPC}} -5 -3/positionOffset RSVCableCar -5 -3/positionOffset farmer -5 -3/pause 10/positionOffset {{RANDOMRSVNPC}} -5 -3/positionOffset RSVCableCar -5 -3/positionOffset farmer -5 -3/pause 10/positionOffset {{RANDOMRSVNPC}} -5 -3/positionOffset RSVCableCar -5 -3/positionOffset farmer -5 -3/pause 10/positionOffset {{RANDOMRSVNPC}} -5 -3/positionOffset RSVCableCar -5 -3/positionOffset farmer -5 -3/pause 10/positionOffset {{RANDOMRSVNPC}} -5 -3/positionOffset RSVCableCar -5 -3/positionOffset farmer -5 -3/pause 10/positionOffset {{RANDOMRSVNPC}} -5 -3/positionOffset RSVCableCar -5 -3/positionOffset farmer -5 -3/pause 10/positionOffset {{RANDOMRSVNPC}} -5 -3/positionOffset RSVCableCar -5 -3/positionOffset farmer -5 -3/pause 10/positionOffset {{RANDOMRSVNPC}} -5 -3/positionOffset RSVCableCar -5 -3/positionOffset farmer -5 -3/pause 10/positionOffset {{RANDOMRSVNPC}} -5 -3/positionOffset RSVCableCar -5 -3/positionOffset farmer -5 -3/pause 10/positionOffset {{RANDOMRSVNPC}} -5 -3/positionOffset RSVCableCar -5 -3/positionOffset farmer -5 -3/pause 10/positionOffset {{RANDOMRSVNPC}} -5 -3/positionOffset RSVCableCar -5 -3/positionOffset farmer -5 -3/pause 10/positionOffset {{RANDOMRSVNPC}} -5 -3/positionOffset RSVCableCar -5 -3/positionOffset farmer -5 -3/pause 10/positionOffset {{RANDOMRSVNPC}} -5 -3/positionOffset RSVCableCar -5 -3/positionOffset farmer -5 -3/pause 10/positionOffset {{RANDOMRSVNPC}} -5 -3/positionOffset RSVCableCar -5 -3/positionOffset farmer -5 -3/pause 10/positionOffset {{RANDOMRSVNPC}} -5 -3/positionOffset RSVCableCar -5 -3/positionOffset farmer -5 -3/pause 10/positionOffset {{RANDOMRSVNPC}} -5 -3/positionOffset RSVCableCar -5 -3/positionOffset farmer -5 -3/pause 10/positionOffset {{RANDOMRSVNPC}} -5 -3/positionOffset RSVCableCar -5 -3/positionOffset farmer -5 -3/pause 10/positionOffset {{RANDOMRSVNPC}} -5 -3/positionOffset RSVCableCar -5 -3/positionOffset farmer -5 -3/pause 10/positionOffset {{RANDOMRSVNPC}} -5 -3/positionOffset RSVCableCar -5 -3/positionOffset farmer -5 -3/pause 10/positionOffset {{RANDOMRSVNPC}} -5 -3/positionOffset RSVCableCar -5 -3/positionOffset farmer -5 -3/pause 10/positionOffset {{RANDOMRSVNPC}} -5 -3/positionOffset RSVCableCar -5 -3/positionOffset farmer -5 -3/pause 10/positionOffset {{RANDOMRSVNPC}} -5 -3/positionOffset RSVCableCar -5 -3/positionOffset farmer -5 -3/pause 10/positionOffset {{RANDOMRSVNPC}} -5 -3/positionOffset RSVCableCar -5 -3/positionOffset farmer -5 -3/pause 10/positionOffset {{RANDOMRSVNPC}} -5 -3/positionOffset RSVCableCar -5 -3/positionOffset farmer -5 -3/pause 10/positionOffset {{RANDOMRSVNPC}} -5 -3/positionOffset RSVCableCar -5 -3/positionOffset farmer -5 -3/pause 10/positionOffset {{RANDOMRSVNPC}} -5 -3/positionOffset RSVCableCar -5 -3/positionOffset farmer -5 -3/pause 10/positionOffset {{RANDOMRSVNPC}} -5 -3/positionOffset RSVCableCar -5 -3/positionOffset farmer -5 -3/pause 10/positionOffset {{RANDOMRSVNPC}} -5 -3/positionOffset RSVCableCar -5 -3/positionOffset farmer -5 -3/pause 10/positionOffset {{RANDOMRSVNPC}} -5 -3/positionOffset RSVCableCar -5 -3/positionOffset farmer -5 -3/pause 10/positionOffset {{RANDOMRSVNPC}} -5 -3/positionOffset RSVCableCar -5 -3/positionOffset farmer -5 -3/pause 10/positionOffset {{RANDOMRSVNPC}} -5 -3/positionOffset RSVCableCar -5 -3/positionOffset farmer -5 -3/pause 10/positionOffset {{RANDOMRSVNPC}} -5 -3/positionOffset RSVCableCar -5 -3/positionOffset farmer -5 -3/pause 10/positionOffset {{RANDOMRSVNPC}} -5 -3/positionOffset RSVCableCar -5 -3/positionOffset farmer -5 -3/pause 10/positionOffset {{RANDOMRSVNPC}} -5 -3/positionOffset RSVCableCar -5 -3/positionOffset farmer -5 -3/pause 10/end",
			//With Kiwi
			"75160176/k 75160060 75160175/a 24 19": "continue/-100 -100/farmer 0 0 1/skippable/pause 1000/changeToTemporaryMap Custom_Ridgeside_RSVTheRide false/addTemporaryActor RSVCableCar 62 110 46 25 2 false/showFrame RSVCableCar 2/warp farmer 49 25 1/positionOffset farmer -15 8/fade/viewport 44 17/positionOffset RSVCableCar -5 -3/positionOffset farmer -5 -3/pause 10/positionOffset RSVCableCar -5 -3/positionOffset farmer -5 -3/pause 10/positionOffset RSVCableCar -5 -3/positionOffset farmer -5 -3/pause 10/positionOffset RSVCableCar -5 -3/positionOffset farmer -5 -3/pause 10/positionOffset RSVCableCar -5 -3/positionOffset farmer -5 -3/pause 10/positionOffset RSVCableCar -5 -3/positionOffset farmer -5 -3/pause 10/positionOffset RSVCableCar -5 -3/positionOffset farmer -5 -3/pause 10/positionOffset RSVCableCar -5 -3/positionOffset farmer -5 -3/pause 10/positionOffset RSVCableCar -5 -3/positionOffset farmer -5 -3/pause 10/positionOffset RSVCableCar -5 -3/positionOffset farmer -5 -3/pause 10/positionOffset RSVCableCar -5 -3/positionOffset farmer -5 -3/pause 10/positionOffset RSVCableCar -5 -3/positionOffset farmer -5 -3/pause 10/positionOffset RSVCableCar -5 -3/positionOffset farmer -5 -3/pause 10/positionOffset RSVCableCar -5 -3/positionOffset farmer -5 -3/pause 10/positionOffset RSVCableCar -5 -3/positionOffset farmer -5 -3/pause 10/positionOffset RSVCableCar -5 -3/positionOffset farmer -5 -3/pause 10/positionOffset RSVCableCar -5 -3/positionOffset farmer -5 -3/pause 10/positionOffset RSVCableCar -5 -3/positionOffset farmer -5 -3/pause 10/positionOffset RSVCableCar -5 -3/positionOffset farmer -5 -3/pause 10/positionOffset RSVCableCar -5 -3/positionOffset farmer -5 -3/pause 10/positionOffset RSVCableCar -5 -3/positionOffset farmer -5 -3/pause 10/positionOffset RSVCableCar -5 -3/positionOffset farmer -5 -3/pause 10/positionOffset RSVCableCar -5 -3/positionOffset farmer -5 -3/pause 10/positionOffset RSVCableCar -5 -3/positionOffset farmer -5 -3/pause 10/positionOffset RSVCableCar -5 -3/positionOffset farmer -5 -3/pause 10/positionOffset RSVCableCar -5 -3/positionOffset farmer -5 -3/pause 10/positionOffset RSVCableCar -5 -3/positionOffset farmer -5 -3/pause 10/positionOffset RSVCableCar -5 -3/positionOffset farmer -5 -3/pause 10/positionOffset RSVCableCar -5 -3/positionOffset farmer -5 -3/pause 10/positionOffset RSVCableCar -5 -3/positionOffset farmer -5 -3/pause 10/positionOffset RSVCableCar -5 -3/positionOffset farmer -5 -3/pause 10/positionOffset RSVCableCar -5 -3/positionOffset farmer -5 -3/pause 10/positionOffset RSVCableCar -5 -3/positionOffset farmer -5 -3/pause 10/positionOffset RSVCableCar -5 -3/positionOffset farmer -5 -3/pause 10/positionOffset RSVCableCar -5 -3/positionOffset farmer -5 -3/pause 10/positionOffset RSVCableCar -5 -3/positionOffset farmer -5 -3/pause 10/positionOffset RSVCableCar -5 -3/positionOffset farmer -5 -3/pause 10/positionOffset RSVCableCar -5 -3/positionOffset farmer -5 -3/pause 10/positionOffset RSVCableCar -5 -3/positionOffset farmer -5 -3/pause 10/positionOffset RSVCableCar -5 -3/positionOffset farmer -5 -3/pause 10/positionOffset RSVCableCar -5 -3/positionOffset farmer -5 -3/pause 10/positionOffset RSVCableCar -5 -3/positionOffset farmer -5 -3/pause 10/positionOffset RSVCableCar -5 -3/positionOffset farmer -5 -3/pause 10/positionOffset RSVCableCar -5 -3/positionOffset farmer -5 -3/pause 10/positionOffset RSVCableCar -5 -3/positionOffset farmer -5 -3/pause 10/positionOffset RSVCableCar -5 -3/positionOffset farmer -5 -3/pause 10/positionOffset RSVCableCar -5 -3/positionOffset farmer -5 -3/pause 10/positionOffset RSVCableCar -5 -3/positionOffset farmer -5 -3/pause 10/positionOffset RSVCableCar -5 -3/positionOffset farmer -5 -3/pause 10/positionOffset RSVCableCar -5 -3/positionOffset farmer -5 -3/pause 10/positionOffset RSVCableCar -5 -3/positionOffset farmer -5 -3/pause 10/positionOffset RSVCableCar -5 -3/positionOffset farmer -5 -3/pause 10/positionOffset RSVCableCar -5 -3/positionOffset farmer -5 -3/pause 10/positionOffset RSVCableCar -5 -3/positionOffset farmer -5 -3/pause 10/positionOffset RSVCableCar -5 -3/positionOffset farmer -5 -3/pause 10/positionOffset RSVCableCar -5 -3/positionOffset farmer -5 -3/pause 10/positionOffset RSVCableCar -5 -3/positionOffset farmer -5 -3/pause 10/positionOffset RSVCableCar -5 -3/positionOffset farmer -5 -3/pause 10/positionOffset RSVCableCar -5 -3/positionOffset farmer -5 -3/pause 10/positionOffset RSVCableCar -5 -3/positionOffset farmer -5 -3/pause 10/positionOffset RSVCableCar -5 -3/positionOffset farmer -5 -3/pause 10/positionOffset RSVCableCar -5 -3/positionOffset farmer -5 -3/pause 10/positionOffset RSVCableCar -5 -3/positionOffset farmer -5 -3/pause 10/positionOffset RSVCableCar -5 -3/positionOffset farmer -5 -3/pause 10/positionOffset RSVCableCar -5 -3/positionOffset farmer -5 -3/pause 10/positionOffset RSVCableCar -5 -3/positionOffset farmer -5 -3/pause 10/positionOffset RSVCableCar -5 -3/positionOffset farmer -5 -3/pause 10/positionOffset RSVCableCar -5 -3/positionOffset farmer -5 -3/pause 10/positionOffset RSVCableCar -5 -3/positionOffset farmer -5 -3/pause 10/positionOffset RSVCableCar -5 -3/positionOffset farmer -5 -3/pause 10/positionOffset RSVCableCar -5 -3/positionOffset farmer -5 -3/pause 10/positionOffset RSVCableCar -5 -3/positionOffset farmer -5 -3/pause 10/positionOffset RSVCableCar -5 -3/positionOffset farmer -5 -3/pause 10/positionOffset RSVCableCar -5 -3/positionOffset farmer -5 -3/pause 10/positionOffset RSVCableCar -5 -3/positionOffset farmer -5 -3/pause 10/positionOffset RSVCableCar -5 -3/positionOffset farmer -5 -3/pause 10/positionOffset RSVCableCar -5 -3/positionOffset farmer -5 -3/pause 10/positionOffset RSVCableCar -5 -3/positionOffset farmer -5 -3/pause 10/positionOffset RSVCableCar -5 -3/positionOffset farmer -5 -3/pause 10/positionOffset RSVCableCar -5 -3/positionOffset farmer -5 -3/pause 10/positionOffset RSVCableCar -5 -3/positionOffset farmer -5 -3/pause 10/positionOffset RSVCableCar -5 -3/positionOffset farmer -5 -3/pause 10/positionOffset RSVCableCar -5 -3/positionOffset farmer -5 -3/pause 10/positionOffset RSVCableCar -5 -3/positionOffset farmer -5 -3/pause 10/positionOffset RSVCableCar -5 -3/positionOffset farmer -5 -3/pause 10/positionOffset RSVCableCar -5 -3/positionOffset farmer -5 -3/pause 10/positionOffset RSVCableCar -5 -3/positionOffset farmer -5 -3/pause 10/positionOffset RSVCableCar -5 -3/positionOffset farmer -5 -3/pause 10/positionOffset RSVCableCar -5 -3/positionOffset farmer -5 -3/pause 10/positionOffset RSVCableCar -5 -3/positionOffset farmer -5 -3/pause 10/positionOffset RSVCableCar -5 -3/positionOffset farmer -5 -3/pause 10/positionOffset RSVCableCar -5 -3/positionOffset farmer -5 -3/pause 10/positionOffset RSVCableCar -5 -3/positionOffset farmer -5 -3/pause 10/positionOffset RSVCableCar -5 -3/positionOffset farmer -5 -3/pause 10/positionOffset RSVCableCar -5 -3/positionOffset farmer -5 -3/pause 10/positionOffset RSVCableCar -5 -3/positionOffset farmer -5 -3/pause 10/positionOffset RSVCableCar -5 -3/positionOffset farmer -5 -3/pause 10/positionOffset RSVCableCar -5 -3/positionOffset farmer -5 -3/pause 10/positionOffset RSVCableCar -5 -3/positionOffset farmer -5 -3/pause 10/positionOffset RSVCableCar -5 -3/positionOffset farmer -5 -3/pause 10/positionOffset RSVCableCar -5 -3/positionOffset farmer -5 -3/pause 10/positionOffset RSVCableCar -5 -3/positionOffset farmer -5 -3/pause 10/positionOffset RSVCableCar -5 -3/positionOffset farmer -5 -3/pause 10/positionOffset RSVCableCar -5 -3/positionOffset farmer -5 -3/pause 10/positionOffset RSVCableCar -5 -3/positionOffset farmer -5 -3/pause 10/positionOffset RSVCableCar -5 -3/positionOffset farmer -5 -3/pause 10/positionOffset RSVCableCar -5 -3/positionOffset farmer -5 -3/pause 10/positionOffset RSVCableCar -5 -3/positionOffset farmer -5 -3/pause 10/positionOffset RSVCableCar -5 -3/positionOffset farmer -5 -3/pause 10/positionOffset RSVCableCar -5 -3/positionOffset farmer -5 -3/pause 10/positionOffset RSVCableCar -5 -3/positionOffset farmer -5 -3/pause 10/positionOffset RSVCableCar -5 -3/positionOffset farmer -5 -3/pause 10/positionOffset RSVCableCar -5 -3/positionOffset farmer -5 -3/pause 10/positionOffset RSVCableCar -5 -3/positionOffset farmer -5 -3/pause 10/positionOffset RSVCableCar -5 -3/positionOffset farmer -5 -3/pause 10/positionOffset RSVCableCar -5 -3/positionOffset farmer -5 -3/pause 10/positionOffset RSVCableCar -5 -3/positionOffset farmer -5 -3/pause 10/positionOffset RSVCableCar -5 -3/positionOffset farmer -5 -3/pause 10/positionOffset RSVCableCar -5 -3/positionOffset farmer -5 -3/pause 10/positionOffset RSVCableCar -5 -3/positionOffset farmer -5 -3/pause 10/positionOffset RSVCableCar -5 -3/positionOffset farmer -5 -3/pause 10/positionOffset RSVCableCar -5 -3/positionOffset farmer -5 -3/pause 10/positionOffset RSVCableCar -5 -3/positionOffset farmer -5 -3/pause 10/positionOffset RSVCableCar -5 -3/positionOffset farmer -5 -3/pause 10/positionOffset RSVCableCar -5 -3/positionOffset farmer -5 -3/pause 10/positionOffset RSVCableCar -5 -3/positionOffset farmer -5 -3/pause 10/positionOffset RSVCableCar -5 -3/positionOffset farmer -5 -3/pause 10/positionOffset RSVCableCar -5 -3/positionOffset farmer -5 -3/pause 10/positionOffset RSVCableCar -5 -3/positionOffset farmer -5 -3/pause 10/positionOffset RSVCableCar -5 -3/positionOffset farmer -5 -3/pause 10/positionOffset RSVCableCar -5 -3/positionOffset farmer -5 -3/pause 10/positionOffset RSVCableCar -5 -3/positionOffset farmer -5 -3/pause 10/positionOffset RSVCableCar -5 -3/positionOffset farmer -5 -3/pause 10/positionOffset RSVCableCar -5 -3/positionOffset farmer -5 -3/pause 10/positionOffset RSVCableCar -5 -3/positionOffset farmer -5 -3/pause 10/positionOffset RSVCableCar -5 -3/positionOffset farmer -5 -3/pause 10/pause 100/end",
		},
	},

]
}
