{
"Changes": [
	
	{
		"LogName": "KennethHouse Events",
		"Action": "EditData",
		"Target": "Data/Events/Custom_Ridgeside_KennethHouse",
		"Entries": {
		//Kenneth invention fails (Kenneth 4 hearts)
			"75160158/f Kenneth 1000/e 75160157/t 1600 1800": "playful/9 7/farmer 9 10 0 Kenneth 10 6 3/skippable/addTemporaryActor RSVMach 16 32 9 6 2 false/animate RSVMach false true 300 0 1 1 1 1/pause 500/emote farmer 8/pause 500/emote Kenneth 56/faceDirection Kenneth 2/emote Kenneth 16/speak Kenneth \"{{i18n:event-75160158.01}}\"/faceDirection Kenneth 3/move farmer 0 -2 0/emote farmer 8/emote Kenneth 56/speak Kenneth \"{{i18n:event-75160158.02}}\"/emote farmer 16/emote Kenneth 56/speak Kenneth \"{{i18n:event-75160158.03}}\"/playSound robotSoundEffects/pause 2000/playSound robotSoundEffects/pause 2000/emote Kenneth 40 true/emote farmer 8/speak Kenneth \"{{i18n:event-75160158.04}}\"/pause 2000/playSound explosion/screenFlash .8/emote farmer 16 true/emote Kenneth 16/stopAnimation RSVMach/animate RSVMach false true 150 2 3/faceDirection Kenneth 2/speak Kenneth \"{{i18n:event-75160158.05}}\"/emote farmer 28/emote farmer 32/speak Kenneth \"{{i18n:event-75160158.06}}\"/faceDirection Kenneth 3/showFrame Kenneth 20/emote farmer 16/emote Kenneth 8/speak Kenneth \"{{i18n:event-75160158.07}}\"/emote farmer 16/emote Kenneth 16/speak Kenneth \"{{i18n:event-75160158.08}}\"/showFrame Kenneth 21/emote Kenneth 16/jump Kenneth/speak Kenneth \"{{i18n:event-75160158.09}}\"/emote farmer 16/move farmer 1 0 0/move farmer 0 -1 0/showFrame 37/playSound wateringCan/pause 500/playSound wateringCan/pause 500/emote Kenneth 28/faceDirection Kenneth 2/speak Kenneth \"{{i18n:event-75160158.10}}\"/move farmer -1 0 0/faceDirection Kenneth 3/showFrame 37/playSound wateringCan/pause 500/playSound wateringCan/pause 500/stopAnimation RSVMach/animate RSVMach false true 300 4 5/emote farmer 28/emote Kenneth 40/speak Kenneth \"{{i18n:event-75160158.11}}\"/emote farmer 28/faceDirection farmer 1/pause 1000/move Kenneth 1 0 1/speak Kenneth \"{{i18n:event-75160158.12}}\"/emote Kenneth 28/faceDirection Kenneth 3/speak Kenneth \"{{i18n:event-75160158.13}}\"/emote farmer 56/pause 1000/speak Kenneth \"{{i18n:event-75160158.14}}\"/pause 1000/globalFade/viewport -1000 -1000/message \"{{i18n:event-75160158.15}}\"/end dialogue Kenneth \"{{i18n:event-75160158.16}}\"",
		
		//Kenneth inventions almost works (Kenneth 6 hearts)
			"75160159/f Kenneth 1500/e 75160158/t 1600 1800": "none/9 7/farmer 9 10 0 Kenneth 10 6 3/skippable/viewport -1000 -1000/pause 1000/speak Kenneth \"{{i18n:event-75160159.01}}\"/message \"{{i18n:event-75160159.02}}\"/addTemporaryActor RSVDog 32 32 8 6 2 false/showFrame RSVDog 24/fade/viewport 9 7/pause 1000/emote farmer 16/playSound robotSoundEffects/pause 500/showFrame RSVDog 26/animate RSVDog false true 800 23 22/message \"{{i18n:event-75160159.03}}\"/speak Kenneth \"{{i18n:event-75160159.04}}\"/emote farmer 8/playSound robotSoundEffects/pause 1000/speak Kenneth \"{{i18n:event-75160159.05}}\"/stopAnimation RSVDog/playSound robotSoundEffects/pause 1000/showFrame RSVDog 4/pause 1000/playSound robotSoundEffects/showFrame RSVDog 5/pause 800/showFrame RSVDog 4/playSound robotSoundEffects/pause 1000/playSound clubhit/emote farmer 8/emote Kenneth 8/speak Kenneth \"{{i18n:event-75160159.06}}\"/playSound clubhit/pause 500/playSound clubhit/pause 500/playSound clubhit/pause 500/playSound clubhit/pause 500/playSound clubhit/pause 500/playSound clubhit/pause 500/playSound clubhit/emote farmer 16/playSound explosion/speak Kenneth \"{{i18n:event-75160159.07}}\"/screenFlash .8/warp RSVDog -100 -100/addTemporaryActor RSVMach 16 32 9 6 2 false/animate RSVMach false true 700 4 5/message \"{{i18n:event-75160159.08}}\"/pause 2000/showFrame Kenneth 22/speak Kenneth \"{{i18n:event-75160159.09}}\"/move farmer 0 -3 0/pause 1000/speak Kenneth \"{{i18n:event-75160159.10}}\"/emote farmer 40/pause 1000/speak Kenneth \"{{i18n:event-75160159.11}}\"/faceDirection Kenneth 3/emote Kenneth 28/move Kenneth 0 1 3/faceDirection farmer 1/speak Kenneth \"{{i18n:event-75160159.12}}\"/move Kenneth 1 0 1/emote farmer 8/emote Kenneth 40/speak Kenneth \"{{i18n:event-75160159.13}}\"/faceDirection Kenneth 3/speak Kenneth \"{{i18n:event-75160159.14}}\"/pause 1000/move farmer 1 0 1/speak Kenneth \"{{i18n:event-75160159.15}}\"/emote farmer 28/speak Kenneth \"{{i18n:event-75160159.16}}\"/question null \"{{i18n:event-75160159.17}}#{{i18n:event-75160159.18}}#{{i18n:event-75160159.19}}#\"/pause 1000/emote Kenneth 28/speak Kenneth \"{{i18n:event-75160159.20}}\"/playMusic cm:KennethTheme/emote farmer 32/emote Kenneth 8/speak Kenneth \"{{i18n:event-75160159.21}}\"/emote farmer 32/speak Kenneth \"{{i18n:event-75160159.22}}\"/emote Kenneth 28/speak Kenneth \"{{i18n:event-75160159.23}}\"/emote farmer 28/move Kenneth 0 -1 3/faceDirection farmer 0/speak Kenneth \"{{i18n:event-75160159.24}}\"/pause 1000/globalFade/viewport -1000 -1000/message \"{{i18n:event-75160159.25}}\"/end dialogue Kenneth \"{{i18n:event-75160159.26}}\"",
		},
	},

	
]
}
