{
"Changes": [
	
	{
		"LogName": "BertHouse Events",
		"Action": "EditData",
		"Target": "Data/Events/Custom_Ridgeside_BertHouse",
		"Entries": {
		//Bert problem with Trinnie (Bert 4 hearts)
			"75160066/f Bert 1000/e 75160065/t 1400 1800": "distantBanjo/14 9/farmer 15 14 0 Bert 17 10 1 Trinnie 18 10 3/skippable/pause 1000/emote farmer 8/pause 500/shake Trinnie 1000/emote Trinnie 12/emote Bert 28/pause 500/speak Bert \"{{i18n:event-75160066.01}}\"/speak Trinnie \"{{i18n:event-75160066.02}}\"/message \"{{i18n:event-75160066.03}}\"/speak Trinnie \"{{i18n:event-75160066.04}}\"/speed Trinnie 3/move Trinnie 0 -10 0/warp Trinnie -100 -100/move Bert 1 0 0/emote Bert 40/pause 500/speak Bert \"{{i18n:event-75160066.05}}\"/move farmer 0 -1 1/move farmer 3 0 0/move farmer 0 -2 0/faceDirection Bert 2/emote Bert 16/pause 500/speak Bert \"{{i18n:event-75160066.06}}\"/emote farmer 8/pause 500/speak Bert \"{{i18n:event-75160066.07}}\"/emote farmer 40/pause 500/question null \"{{i18n:event-75160066.08}}#{{i18n:event-75160066.09}}#{{i18n:event-75160066.10}}#{{i18n:event-75160066.11}}#\"/emote Bert 40/pause 500/speak Bert \"{{i18n:event-75160066.12}}\"/emote farmer 28/pause 500/move Bert 0 -10 0/warp Bert -100 -100/emote farmer 40/pause 3000/playSound doorClose/speak Bert \"{{i18n:event-75160066.13}}\"/speak Trinnie \"{{i18n:event-75160066.14}}\"/message \"{{i18n:event-75160066.15}}\"/pause 2000/playSound doorClose/pause 1000/warp Bert 19 0/warp Trinnie 18 0/move Bert 0 10 2 true/pause 1000/move Trinnie 0 10 2 true/emote farmer 8/pause 3000/speak Trinnie \"{{i18n:event-75160066.16}}\"/speak Bert \"{{i18n:event-75160066.17}}\"/emote farmer 32/speak Bert \"{{i18n:event-75160066.18}}\"/emote Trinnie 8/faceDirection Trinnie 1/pause 1000/speak Trinnie \"{{i18n:event-75160066.19}}\"/faceDirection Bert 3/speak Bert \"{{i18n:event-75160066.20}}\"/end dialogue Bert \"{{i18n:event-75160066.21}}\"",

		//Bert plan for date with Olga (Bert 6 hearts)
			"75160067/f Bert 1500/e 75160066": "distantBanjo/4 7/farmer 15 14 0 Bert 4 6 2/pause 1000/emote Bert 40/pause 500/move Bert -1 0 3/speak Bert \"{{i18n:event-75160067.01}}\"/move Bert 2 0 1/speak Bert \"{{i18n:event-75160067.02}}\"/move Bert -1 0 2/emote Bert 40/pause 500/move farmer -8 0 0/emote Bert 16/pause 500/speak Bert \"{{i18n:event-75160067.03}}\"/emote farmer 8/move farmer 0 -6 3/move farmer -1 0 3/speak Bert \"{{i18n:event-75160067.04}}\"/speak Bert \"$q 75160671 null \"#{{i18n:event-75160067.05}}#$r 75160671 0 bert2_1#{{i18n:event-75160067.06}}#$r 75160672 0 bert2_2#{{i18n:event-75160067.07}}\"/pause 500/emote Bert 56/pause 500/speak Bert \"{{i18n:event-75160067.08}}\"/emote farmer 56/pause 2000/end dialogue Bert \"{{i18n:event-75160067.09}}\"",

		//(Bert 8 Hearts)
		//Bert and Olga date = Dinner
			"75160068/f Bert 2000/e 75160067/q 75160671/w sunny": "distantBanjo/14 9/farmer 15 14 0 Trinnie 16 8 2 Bert 18 9 0 Olga -100 -100 2/skippable/pause 500/advancedMove Bert false 1 0 -2 0 2 0 -1 0/faceDirection Bert 0/emote Trinnie 12/pause 500/speak Trinnie \"{{i18n:event-75160068.01}}\"/speak Bert \"{{i18n:event-75160068.02}}\"/emote Trinnie 56/emote Bert 56/move farmer 0 -1 0/move farmer 1 0 0/move farmer 0 -2 0/emote farmer 8/pause 500/faceDirection Bert 3/emote Trinnie 16/emote Bert 32/pause 500/speak Bert \"{{i18n:event-75160068.03}}\"/playSound doorClose/pause 1000/warp Olga 18 0/faceDirection Bert 0/move Olga 0 8 2/speak Olga \"{{i18n:event-75160068.04}}\"/speak Bert \"{{i18n:event-75160068.05}}\"/emote Olga 8/pause 500/faceDirection Olga 3/speak Olga \"{{i18n:event-75160068.06}}\"/faceDirection Trinnie 1/speak Trinnie \"{{i18n:event-75160068.07}}\"/faceDirection Olga 2/emote Olga 40/pause 500/speak Olga \"{{i18n:event-75160068.08}}\"/speak Bert \"{{i18n:event-75160068.09}}\"/speak Olga \"{{i18n:event-75160068.10}}\"/speak Bert \"{{i18n:event-75160068.11}}\"/speak Olga \"{{i18n:event-75160068.12}}\"/speak Bert \"{{i18n:event-75160068.13}}\"/speak Olga \"{{i18n:event-75160068.14}}\"/speak Trinnie \"{{i18n:event-75160068.15}}\"/emote Olga 8/pause 500/move Bert 0 3 2 true/move Olga 0 3 2 true/faceDirection farmer 2/pause 1000/globalFade/viewport -1000 -1000/changeToTemporaryMap Custom_Ridgeside_RidgesideVillage false/addFloorProp 8 111 13/addFloorProp 40 111 14/addFloorProp 9 112 13/addFloorProp 41 112 14/addFloorProp 10 113 13/addFloorProp 42 113 14/warp Trinnie -100 -100/warp farmer -101 -100/warp Bert 106 30/warp Olga 107 30/faceDirection Olga 1/faceDirection Bert 1/stopMusic/fade/viewport 115 27/move Olga 9 0 1 true/move Bert 8 0 0 true/pause 3800/emote Olga 8/pause 500/faceDirection Olga 3/speak Olga \"{{i18n:event-75160068.16}}\"/faceDirection Bert 1/speak Bert \"{{i18n:event-75160068.17}}\"/emote Olga 8/pause 500/speak Olga \"{{i18n:event-75160068.18}}\"/speak Bert \"{{i18n:event-75160068.19}}\"/speak Olga \"{{i18n:event-75160068.20}}\"/move Olga -1 0 0/move Bert 0 -8 0 true/move Olga 0 -8 0 true/pause 2500/globalFade/viewport -1000 -1000/warp Olga -102 -100/warp Bert -103 -100/pause 1000/speak Olga \"{{i18n:event-75160068.21}}\"/speak Bert \"{{i18n:event-75160068.22}}\"/pause 500/fade/viewport 114 14/pause 1000/playSound doorClose/warp Bert 117 13/move Bert -6 0 1/playSound doorClose/warp Olga 117 13/faceDirection Olga 3/emote Olga 16/pause 500/playMusic sweet/speak Bert \"{{i18n:event-75160068.23}}\"/speak Olga \"{{i18n:event-75160068.24}}\"/emote Olga 20/pause 500/move Olga -4 0 3/move Olga 0 1 3/move Bert 0 1 1/speak Olga \"{{i18n:event-75160068.25}}\"/speak Bert \"{{i18n:event-75160068.26}}\"/speak Olga \"{{i18n:event-75160068.27}}\"/pause 1000/viewport move 0 -1 5000/globalFade/viewport -1000 -1000/pause 500/friendship Olga 250/friendship Trinnie 250/speak Trinnie \"{{i18n:event-75160068.28}}\"/pause 1000/end",
			
		//Bert and Olga date = OutofTown
			"75160069/f Bert 2000/e 75160067/q 75160672/w sunny": "distantBanjo/14 9/farmer 15 14 0 Trinnie 16 8 2 Bert 18 9 0 Olga -100 -100 2/skippable/pause 500/advancedMove Bert false 1 0 -2 0 2 0 -1 0/faceDirection Bert 0/emote Trinnie 12/pause 500/speak Trinnie \"{{i18n:event-75160069.01}}\"/speak Bert \"{{i18n:event-75160069.02}}\"/emote Trinnie 56/emote Bert 56/move farmer 0 -1 0/move farmer 1 0 0/move farmer 0 -2 0/emote farmer 8/pause 500/faceDirection Bert 3/emote Trinnie 16/emote Bert 32/pause 500/speak Bert \"{{i18n:event-75160069.03}}\"/playSound doorClose/pause 1000/warp Olga 18 0/faceDirection Bert 0/move Olga 0 8 2/speak Olga \"{{i18n:event-75160069.04}}\"/speak Bert \"{{i18n:event-75160069.05}}\"/emote Olga 8/pause 500/faceDirection Olga 3/speak Olga \"{{i18n:event-75160069.06}}\"/faceDirection Trinnie 1/speak Trinnie \"{{i18n:event-75160069.07}}\"/faceDirection Olga 2/emote Olga 40/pause 500/speak Olga \"{{i18n:event-75160069.08}}\"/speak Bert \"{{i18n:event-75160069.09}}\"/speak Olga \"{{i18n:event-75160069.10}}\"/speak Bert \"{{i18n:event-75160069.11}}\"/speak Olga \"{{i18n:event-75160069.12}}\"/speak Bert \"{{i18n:event-75160069.13}}\"/speak Olga \"{{i18n:event-75160069.14}}\"/speak Trinnie \"{{i18n:event-75160069.15}}\"/emote Olga 8/pause 500/move Bert 0 3 2 true/move Olga 0 3 2 true/faceDirection farmer 2/pause 1000/globalFade/viewport -1000 -1000/changeToTemporaryMap BusStop false/warp Trinnie -100 -100/warp farmer -101 -100/warp Bert 24 12/warp Olga 23 12/faceDirection Bert 3/faceDirection Olga 3/viewport 19 9/pause 500/move Olga 9 0 2 true/move Bert 9 0 0 true/pause 3800/emote Olga 8/pause 500/faceDirection Olga 1/speak Olga \"{{i18n:event-75160069.16}}\"/faceDirection Bert 1/speak Bert \"{{i18n:event-75160069.17}}\"/emote Olga 8/pause 500/faceDirection Olga 0/faceDirection Bert 0/speak Olga \"{{i18n:event-75160069.18}}\"/speak Bert \"{{i18n:event-75160069.19}}\"/pause 2000/globalFade/stopMusic/viewport -1000 -1000/playSound doorClose/pause 500/playSound roadnoise/speak Olga \"{{i18n:event-75160069.20}}\"/speak Bert \"{{i18n:event-75160069.21}}\"/pause 1000/playSound roadnoise/changeToTemporaryMap Custom_Ridgeside_PrincessVilleDate false/playMusic sweet/warp Bert 43 46/warp Olga -102 -102/fade/viewport 40 45/pause 500/move Bert 0 1 0/warp Olga 43 46/faceDirection Olga 2/speak Olga \"{{i18n:event-75160069.22}}\"/faceDirection Olga 0/pause 800/faceDirection Olga 1/pause 800/faceDirection Olga 3/pause 800/faceDirection Olga 2/emote Olga 16/pause 500/speak Olga \"{{i18n:event-75160069.23}}\"/speak Bert \"{{i18n:event-75160069.24}}\"/emote Olga 20/pause 500/speak Olga \"{{i18n:event-75160069.25}}\"/speak Bert \"{{i18n:event-75160069.26}}\"/move Bert -6 0 3 true/move Olga -6 0 3 true/pause 2000/globalFade/viewport -1000 -1000/warp Bert 32 23/warp Olga 33 23/faceDirection Bert 0/faceDirection Olga 3/fade/viewport 31 22/pause 3000/viewport move 0 -1 6000/globalFade/viewport -1000 -1000/pause 500/friendship Olga 250/friendship Trinnie 250/speak Trinnie \"{{i18n:event-75160069.27}}\"/pause 1000/end",

		//Olga at household (Olga 2 hearts)
			"75160094/f Olga 500/t 800 1000": "playful/15 9/farmer 16 13 0 Olga 16 9 1 Trinnie 17 9 3 Bert -1000 -1000 2/skippable/pause 500/move farmer 0 -2 0/speak Olga \"{{i18n:event-75160094.01}}\"/speak Trinnie \"{{i18n:event-75160094.02}}\"/emote farmer 8/pause 500/speak Olga \"{{i18n:event-75160094.03}}\"/emote Trinnie 28/pause 500/speak Trinnie \"{{i18n:event-75160094.04}}\"/emote Olga 12/pause 500/speak Trinnie \"{{i18n:event-75160094.05}}\"/speak Olga \"{{i18n:event-75160094.06}}\"/speak Trinnie \"{{i18n:event-75160094.07}}\"/advancedMove Trinnie false 0 5 -2 0 0 2/warp Bert 18 0/advancedMove Bert false 0 9 -1 0/faceDirection Olga 2/speak Olga \"{{i18n:event-75160094.08}}\"/faceDirection Olga 1/pause 1500/playSound doorClose/warp Trinnie -1000 -1000/speak Bert \"{{i18n:event-75160094.09}}\"/speak Olga \"{{i18n:event-75160094.10}}\"/emote Bert 28/pause 500/speak Bert \"{{i18n:event-75160094.11}}\"/emote Olga 12/pause 500/speak Olga \"{{i18n:event-75160094.12}}\"/advancedMove Bert false 0 5 -2 0 0 1/faceDirection Olga 2/speak Olga \"{{i18n:event-75160094.13}}\"/warp Bert -1001 -1000/playSound doorClose/emote farmer 56/pause 500/speak Olga \"{{i18n:event-75160094.14}}\"/emote farmer 28/pause 500/speak Olga \"{{i18n:event-75160094.15}}\"/emote farmer 32/pause 1000/end",
		
		//Olga talks about life (Olga 6 hearts)
			"75160096/f Olga 1500/t 800 1000/e 75160095": "playful/7 7/farmer 7 11 0 Olga 11 5 1/skippable/pause 500/speak Olga \"{{i18n:event-75160096.01}}\"/move farmer 0 -4 0/move Olga -4 0 2/emote Olga 16/pause 500/speak Olga \"{{i18n:event-75160096.02}}\"/emote farmer 56/pause 500/speak Olga \"{{i18n:event-75160096.03}}\"/emote farmer 32/pause 500/move farmer 0 1 3/move farmer -1 0 3 true/move Olga -3 0 0 true/pause 2000/playSound wateringCan/speak Olga \"{{i18n:event-75160096.04}}\"/emote farmer 32/pause 500/speak Olga \"{{i18n:event-75160096.05}}\"/faceDirection Olga 2/emote Olga 56/pause 500/speak Olga \"{{i18n:event-75160096.06}}\"/emote farmer 56/pause 500/pause 500/speak Olga \"{{i18n:event-75160096.07}}\"/emote farmer 32/pause 1000/globalFade/viewport -1000 -1000/pause 500/message \"{{i18n:event-75160096.08}}\"/end dialogue Olga \"{{i18n:event-75160096.09}}\"",

		//Trinnie crush on Keahi (Trinnie 8 hearts)
			"75160109/f Trinnie 2000/e 75160108/t 900 1200": "playful/12 6/farmer 15 8 3 Trinnie 11 5 1/skippable/pause 500/emote Trinnie 28/pause 500/emote farmer 8/pause 500/move farmer -1 0 0/move farmer 0 -2 3/emote farmer 8/emote Trinnie 16/pause 500/speak Trinnie \"{{i18n:event-75160109.01}}\"/emote farmer 8/pause 500/speak Trinnie \"{{i18n:event-75160109.02}}\"/move farmer 0 -1 3/move farmer -1 0 3/emote Trinnie 60/pause 500/speak Trinnie \"{{i18n:event-75160109.03}}\"/emote farmer 28/pause 500/speak Trinnie \"{{i18n:event-75160109.04}}\"/emote farmer 28/pause 500/emote Trinnie 28/speak Trinnie \"{{i18n:event-75160109.05}}\"/emote farmer 56/pause 500/emote Trinnie 8/pause 500/speak Trinnie \"{{i18n:event-75160109.06}}\"/emote farmer 28/pause 500/speak Trinnie \"{{i18n:event-75160109.07}}\"/emote farmer 28/pause 500/emote Trinnie 56/pause 500/speak Trinnie \"{{i18n:event-75160109.08}}\"/emote farmer 28/pause 1000/globalFade/viewport -100 -100/pause 500/message \"{{i18n:event-75160109.09}}\"/pause 1000/end dialogue Trinnie \"{{i18n:event-75160109.10}}\"",
		},
	},

        {
                //Event dialogue Bert 6 hearts
                "Action": "EditData",
                "Target": "Characters/Dialogue/Bert",
                "Entries": {                                     
                        "bert2_1": "{{i18n:event-75160067.Fork1}}",
                        "bert2_2": "{{i18n:event-75160067.Fork2}}",
                }
        },
	
]
}
