{
"Changes": [
	
	{
		"LogName": "RSVAbandonedHouse Events",
		"Action": "EditData",
		"Target": "Data/Events/Custom_Ridgeside_RSVAbandonedHouse",
		"Entries": {
		//Undreya Introduction
			"75160182/e 75160181": "none/6 6/farmer 6 11 0 Undreya 6 8 2/skippable/showFrame Undreya 16/pause 1000/move farmer 0 -1 0/pause 1000/message \"{{i18n:event-75160182.01}}\"/emote farmer 8/pause 500/faceDirection farmer 1/pause 1000/faceDirection farmer 3/pause 1000/faceDirection farmer 2/pause 1000/emote farmer 8/message \"{{i18n:event-75160182.02}}\"/emote farmer 8/faceDirection farmer 0/pause 1000/playSound wand/screenFlash .8/faceDirection Undreya 2/jump Undreya/emote farmer 16/speak Undreya \"{{i18n:event-75160182.03}}\"/emote farmer 8/pause 500/emote Undreya 56/pause 500/speak Undreya \"{{i18n:event-75160182.04}}\"/emote farmer 8/speak Undreya \"{{i18n:event-75160182.05}}\"/faceDirection Undreya 0/pause 1000/emote Undreya 40/faceDirection Undreya 2/speak Undreya \"{{i18n:event-75160182.06}}\"/emote farmer 32/pause 500/emote Undreya 56/speak Undreya \"{{i18n:event-75160182.07}}\"/emote farmer 32/jump Undreya/emote Undreya 56/speak Undreya \"{{i18n:event-75160182.08}}\"/emote farmer 8/speak Undreya \"{{i18n:event-75160182.09}}\"/emote farmer 8/speak Undreya \"{{i18n:event-75160182.10}}\"/emote farmer 28/jump Undreya/emote Undreya 56/speak Undreya \"{{i18n:event-75160182.11}}\"/emote farmer 32/pause 1000/end dialogue Undreya \"{{i18n:event-75160182.12}}\"",
		},
	},
]
}
