{
"Changes": [
	
	{
		"LogName": "Ridge Events",
		"Action": "EditData",
		"Target": "Data/Events/Custom_Ridgeside_Ridge",
		"Entries": {
		//Jio talks about spirits (Jio 4 hearts)
			"75160079/f Jio 1000/t 2200 2400/e 75160078/w sunny": "none/57 32/farmer 51 32 1 Jio 100 100 2/skippable/pause 500/move farmer 5 0 1/showFrame Jio 23/playSound shadowpeep/warp Jio 58 32/emote farmer 16/pause 500/showFrame Jio 20/pause 1000/faceDirection Jio 3/emote Jio 8/pause 500/speak Jio \"{{i18n:event-75160079.01}}\"/playSound Frost_Ambient/emote farmer 16/pause 500/speak Jio \"{{i18n:event-75160079.02}}\"/emote farmer 8/pause 500/faceDirection Jio 0/pause 500/faceDirection farmer 0/viewport move 0 -1 8000/pause 2000/fade/viewport 57 18/pause 1000/speak Jio \"{{i18n:event-75160079.03}}\"/viewport move 0 1 3000/pause 2000/fade/viewport 57 32/pause 800/emote farmer 8/pause 500/faceDirection Jio 3/faceDirection farmer 1/speak Jio \"{{i18n:event-75160079.04}}\"/emote farmer 8/pause 500/speak Jio \"{{i18n:event-75160079.05}}\"/emote farmer 28/pause 500/speak Jio \"{{i18n:event-75160079.06}}\"/emote farmer 56/pause 500/faceDirection Jio 0/move farmer -8 0 3/pause 2000/globalFade/viewport -1000 -1000/pause 1000/message \"{{i18n:event-75160079.07}}\"/end warpOut",

		//Jio and the spirits (Jio 8 hearts)
			"75160081/f Jio 2000/t 2200 2400/e 75160078/w sunny": "none/57 32/farmer 54 32 1 Jio -1000 -1000 0/skippable/pause 500/move farmer 3 0 1/faceDirection farmer 0/emote farmer 8/pause 500/playSound Frost_Ambient/pause 1000/showFrame Jio 23/playSound shadowpeep/warp Jio 57 34/pause 800/faceDirection Jio 0/pause 500/speak Jio \"{{i18n:event-75160081.01}}\"/emote farmer 16/pause 500/faceDirection farmer 2/pause 500/speak Jio \"{{i18n:event-75160081.02}}\"/emote farmer 28/pause 500/playSound Frost_Ambient/glow 255 255 255/addTemporaryActor RSVSpirit1 16 32 57 30 2 false/animate RSVSpirit1 false true 200 0 1 2 3/stopGlowing/pause 1000/speak Jio \"{{i18n:event-75160081.03}}\"/emote farmer 8/pause 500/faceDirection farmer 0/emote farmer 16/pause 500/playSound Frost_Ambient/pause 800/message \"{{i18n:event-75160081.04}}\"/emote farmer 8 true/emote Jio 40/pause 500/playSound Frost_Ambient/glow 255 255 255/warp RSVSpirit1 -1000 -1000/faceDirection farmer 2/speak Jio \"{{i18n:event-75160081.05}}\"/emote farmer 40/pause 500/speak Jio \"{{i18n:event-75160081.06}}\"/emote farmer 28/pause 1000/move farmer -3 0 3 true/move Jio 0 -2 0 true/pause 1600/speak Jio \"{{i18n:event-75160081.07}}\"/faceDirection farmer 1/emote farmer 32/pause 2000/end dialogueWarpOut Jio \"{{i18n:event-75160081.08}}\"",
		
		//Corine sees ninjas (Corine 4 hearts)
			"75160123/f Corine 1000/t 1200 1400/e 75160122/w sunny/z winter": "summer_day_ambient/19 22/farmer 24 19 3 Corine 19 22 2 Jio -1000 -1000 0/skippable/showFrame Corine 16/pause 500/emote Corine 56/move farmer -5 0 2/emote farmer 8/pause 1000/emote Corine 8/pause 500/faceDirection Corine 0/speak Corine \"{{i18n:event-75160123.01}}\"/emote farmer 56/faceDirection Corine 2/move farmer -1 0 2/move farmer 0 3 2/emote Corine 56/pause 500/speak Corine \"{{i18n:event-75160123.02}}\"/emote farmer 32/pause 2000/playSound shadowpeep/emote farmer 16 true/emote Corine 16/pause 500/speak Corine \"{{i18n:event-75160123.03}}\"/faceDirection Corine 1/move farmer 0 -1 1/move farmer 1 0 1/pause 500/emote Corine 40/pause 500/speak Corine \"{{i18n:event-75160123.04}}\"/emote farmer 8/pause 1000/globalFade/viewport -100 -100/warp Jio 58 31/faceDirection Jio 1/fade/viewport 58 31/pause 1000/emote Jio 8/pause 500/emote Jio 40/pause 1000/showFrame Jio 23/playSound shadowpeep/pause 1000/warp Jio -1000 -1000/pause 1000/globalFade/viewport -100 -100/fade/viewport 19 22/pause 500/emote Corine 8/pause 500/speak Corine \"{{i18n:event-75160123.05}}\"/emote farmer 8/pause 500/move Corine -2 0 1/faceDirection farmer 3/emote farmer 8/pause 500/message \"{{i18n:event-75160123.06}}\"/showFrame Corine 29/pause 1000/speak Corine \"{{i18n:event-75160123.07}}\"/warp Jio 18 22/playSound shadowpeep/pause 1000/showFrame Jio 24/emote Jio 16/pause 1000/speak Corine \"{{i18n:event-75160123.08}}\"/showFrame Corine 30/animate Jio true true 200 26/emote farmer 16/pause 500/emote Corine 16 true/emote Jio 40/pause 500/speak Corine \"{{i18n:event-75160123.09}}\"/speak Jio \"{{i18n:event-75160123.10}}\"/emote farmer 8/pause 500/speak Corine \"{{i18n:event-75160123.11}}\"/speak Jio \"{{i18n:event-75160123.12}}\"/emote Corine 8/pause 500/stopAnimation Jio/faceDirection Jio 3/faceDirection Corine 1/speak Corine \"{{i18n:event-75160123.13}}\"/speak Jio \"{{i18n:event-75160123.14}}\"/emote Corine 8/speak Corine \"{{i18n:event-75160123.15}}\"/emote farmer 28/pause 500/speak Jio \"{{i18n:event-75160123.16}}\"/emote Corine 8/pause 500/speak Corine \"{{i18n:event-75160123.17}}\"/showFrame Jio 23/playSound shadowpeep/pause 500/warp Jio -1000 -1000/emote farmer 16 true/emote Corine 16/pause 500/speak Corine \"{{i18n:event-75160123.18}}\"/move farmer 0 1 3/emote farmer 8/pause 500/emote Corine 16/pause 500/speak Corine \"{{i18n:event-75160123.19}}\"/emote farmer 56/pause 500/emote farmer 8/pause 500/speak Corine \"{{i18n:event-75160123.20}}\"/emote farmer 32/pause 500/speak Corine \"{{i18n:event-75160123.21}}\"/emote farmer 28/pause 500/speak Corine \"{{i18n:event-75160123.22}}\"/emote farmer 32/pause 1000/globalFade/viewport -2000 -2000/message \"{{i18n:event-75160123.23}}\"/end dialogue Corine \"{{i18n:event-75160123.24}}\"",
		
		//Corine date with farmer (Corine 10 hearts part 2)
			"75160127/e 75160126/f Corine 2500/w sunny/t 2200 2500": "cm:CorineTheme/-1000 -1000/farmer 27 30 0 Corine 26 27 3/skippable/addTemporaryActor RSVtent 48 80 28 25 2 false/addTemporaryActor RSVcampfire 16 32 25 27 2 false/fade/viewport 27 27/pause 1000/emote farmer 8/speak Corine \"{{i18n:event-75160127.01}}\"/pause 2000/playSound stoneCrack/pause 2000/playSound stoneCrack/showFrame RSVcampfire 1/addLantern 791 25 27 4/speak Corine \"{{i18n:event-75160127.02}}\"/faceDirection Corine 2/emote Corine 32/pause 1500/speak Corine \"{{i18n:event-75160127.03}}\"/emote farmer 32/pause 500/move farmer 0 -3 3/faceDirection Corine 1/speak Corine \"{{i18n:event-75160127.04}}\"/emote farmer 20/pause 500/showFrame Corine 28/positionOffset Corine 10 0/positionOffset farmer -10 0/animate farmer true true 100 101/emote Corine 20/pause 5000/viewport move 0 -1 7000/pause 5000/globalFade/viewport -1000 -1000/pause 1000/speak Corine \"{{i18n:event-75160127.05}}\"/end newDay",
		
		//Ysabelle escapes (Ysabelle 6 hearts)
			"75160143/e 75160142/f Ysabelle 1500/w sunny/t 1000 1400": "summer_day_ambient/18 22/farmer 25 19 3 Ysabelle 17 22 3/skippable/showFrame Ysabelle 27/pause 500/emote farmer 8/move farmer -4 0 3/emote Ysabelle 40/pause 1000/speak Ysabelle \"{{i18n:event-75160143.01}}\"/emote farmer 8/emote Ysabelle 16/faceDirection Ysabelle 1/speak Ysabelle \"{{i18n:event-75160143.02}}\"/emote farmer 32/pause 500/speak Ysabelle \"{{i18n:event-75160143.03}}\"/emote farmer 28/move farmer -2 0 2/faceDirection Ysabelle 2/move farmer 0 3 2/emote Ysabelle 28/faceDirection Ysabelle 1/faceDirection farmer 3/speak Ysabelle \"{{i18n:event-75160143.04}}\"/emote farmer 8/emote Ysabelle 16/faceDirection Ysabelle 2/emote Ysabelle 40/speak Ysabelle \"{{i18n:event-75160143.05}}\"/emote Ysabelle 40/faceDirection Ysabelle 1/speak Ysabelle \"{{i18n:event-75160143.06}}\"/emote farmer 28/faceDirection Ysabelle 3/move farmer 0 -1 3/showFrame Ysabelle 27/move farmer -2 0 3/emote Ysabelle 40/speak Ysabelle \"{{i18n:event-75160143.07}}\"/emote farmer 8/pause 500/speak Ysabelle \"{{i18n:event-75160143.08}}\"/pause 1000/faceDirection farmer 2/pause 1000/playMusic cm:YsabelleTheme/speak Ysabelle \"{{i18n:event-75160143.09}}\"/emote farmer 40/pause 2000/faceDirection Ysabelle 0/message \"{{i18n:event-75160143.10}}\"/speak Ysabelle \"{{i18n:event-75160143.11}}\"/emote farmer 56/message \"{{i18n:event-75160143.12}}\"/emote Ysabelle 60/speak Ysabelle \"{{i18n:event-75160143.13}}\"/emote farmer 60/faceDirection Ysabelle 3/speak Ysabelle \"{{i18n:event-75160143.14}}\"/emote farmer 40/pause 1000/faceDirection Ysabelle 0/speak Ysabelle \"{{i18n:event-75160143.15}}\"/emote farmer 40/faceDirection Ysabelle 0/speak Ysabelle \"{{i18n:event-75160143.16}}\"/emote farmer 32/faceDirection farmer 1/move Ysabelle 2 0 1/emote Ysabelle 60/pause 2000/speak Ysabelle \"{{i18n:event-75160143.17}}\"/emote farmer 8/pause 500/faceDirection Ysabelle 3/speak Ysabelle \"{{i18n:event-75160143.18}}\"/emote farmer 32/move farmer 0 1 1/move farmer 1 0 1/emote Ysabelle 32/message \"{{i18n:event-75160143.19}}\"/pause 1000/end dialogue Ysabelle \"{{i18n:event-75160143.20}}\"",
		
		//Kenneth moves on (Kenneth 8 hearts)
			"75160160/f Kenneth 2000/e 75160159/t 600 900/w sunny": "cm:KennethTheme/40 34/farmer 40 38 0 Kenneth 43 33 3/skippable/pause 500/move farmer 0 -3 0 true/move Kenneth -3 0 2 true/pause 2000/emote farmer 8/emote Kenneth 32/speak Kenneth \"{{i18n:event-75160160.01}}\"/emote farmer 32/faceDirection Kenneth 3/pause 2000/emote Kenneth 32/speak Kenneth \"{{i18n:event-75160160.02}}\"/emote farmer 8/faceDirection Kenneth 2/speak Kenneth \"{{i18n:event-75160160.03}}\"/move Kenneth 1 0 2/move Kenneth 0 2 3/faceDirection farmer 1/emote farmer 8/showFrame Kenneth 43/positionOffset Kenneth -20 0/emote farmer 16/message \"{{i18n:event-75160160.04}}\"/speak Kenneth \"{{i18n:event-75160160.05}}\"/emote farmer 32/warp Kenneth 41 35/faceDirection Kenneth 3/speak Kenneth \"{{i18n:event-75160160.06}}\"/emote farmer 32/faceDirection farmer 2/move Kenneth 0 2 2/pause 500/globalFade/viewport -1000 -1000/message \"{{i18n:event-75160160.07}}\"/end dialogue Kenneth \"{{i18n:event-75160160.08}}\"",
		},
	},
]
}
