{
"Changes": [
	
	{
		"LogName": "ManorHouse Events",
		"Action": "EditData",
		"Target": "Data/Events/ManorHouse",
		"Entries": {
		//Lenny and Lewis talk (Lenny 6 hearts)
			"75160088/f Lenny 1500/t 800 1200": "distantBanjo/4 7/farmer -100 -100 0 Lenny 2 8 1 Lewis 4 8 3/skippable/pause 500/emote Lenny 56/emote Lewis 12/pause 500/speak Lenny \"{{i18n:event-75160088.01}}\"/speak Lewis \"{{i18n:event-75160088.02}}\"/speak Lenny \"{{i18n:event-75160088.03}}\"/speak Lewis \"{{i18n:event-75160088.04}}\"/emote Lewis 12/emote Lenny 56/pause 500/warp farmer 4 10/playSound doorClose/emote Lenny 8 true/emote Lewis 8/faceDirection Lenny 2/faceDirection Lewis 2/speak Lewis \"{{i18n:event-75160088.05}}\"/speak Lenny \"{{i18n:event-75160088.06}}\"/emote farmer 32/pause 500/speak Lewis \"{{i18n:event-75160088.07}}\"/emote farmer 56/pause 500/speak Lenny \"{{i18n:event-75160088.08}}\"/move farmer 0 -1 0/faceDirection Lenny 1/faceDirection Lewis 3/move farmer -1 0 0/speak Lenny \"{{i18n:event-75160088.09}}\"/emote farmer 16 true/emote Lewis 16/pause 500/speak Lewis \"{{i18n:event-75160088.10}}\"/emote Lenny 32/pause 500/speak Lenny \"{{i18n:event-75160088.11}}\"/speak Lewis \"{{i18n:event-75160088.12}}\"/speak Lenny \"{{i18n:event-75160088.13}}\"/emote Lewis 28/pause 500/speak Lewis \"{{i18n:event-75160088.14}}\"/emote farmer 28/pause 1000/globalFade/viewport -1000 -1000/message \"{{i18n:event-75160088.15}}\"/end dialogue Lenny \"{{i18n:event-75160088.16}}\""
		},
	},


	
]
}
