{
"Changes": [
	
	{
		"LogName": "Saloon Events",
		"Action": "EditData",
		"Target": "Data/Events/Saloon",
		"Entries": {
		//Philip in the saloon (Philip 4 hearts)
			"75160163/f Philip 1000/e 75160162/t 2000 2400": "Saloon1/14 20/farmer -1000 -1000 0 Philip 14 20 0 Gus 10 18 2 Emily 14 17 0 Leah 2 20 1 Shane 20 17 2 Lewis 10 23 3 Marnie 9 23 1/skippable/pause 1000/playSound doorClose/warp farmer 14 23/speak Gus \"{{i18n:event-75160163.01}}\"/emote Philip 28/speak Philip \"{{i18n:event-75160163.02}}\"/emote Gus 28/speak Gus \"{{i18n:event-75160163.03}}\"/speak Philip \"{{i18n:event-75160163.04}}\"/move farmer 0 -2 0/speak Gus \"{{i18n:event-75160163.05}}\"/emote farmer 56/faceDirection Philip 2/speak Philip \"{{i18n:event-75160163.06}}\"/emote farmer 28/message \"{{i18n:event-75160163.07}}\"/speak Philip \"{{i18n:event-75160163.08}}\"/emote farmer 16/shake Philip 1000/speak Philip \"{{i18n:event-75160163.09}}\"/emote Emily 16/faceDirection Emily 2/speak Emily \"{{i18n:event-75160163.10}}\"/emote farmer 28/globalFade/viewport -1000 -1000/stopMusic/pause 1000/playSound doorClose/speak Philip \"{{i18n:event-75160163.11}}\"/message \"{{i18n:event-75160163.12}}\"/changeToTemporaryMap Town false/warp farmer 48 71/faceDirection farmer 0/warp Philip 48 70/faceDirection Philip 3/fade/viewport 46 70/pause 500/emote Philip 28/pause 1000/speak Philip \"{{i18n:event-75160163.13}}\"/emote farmer 28/message \"{{i18n:event-75160163.14}}\"/emote Philip 28/speak Philip \"{{i18n:event-75160163.15}}\"/faceDirection Philip 2/speak Philip \"{{i18n:event-75160163.16}}\"/emote farmer 16/faceDirection Philip 3/emote Philip 28/message \"{{i18n:event-75160163.17}}\"/pause 1000/faceDirection Philip 2/speak Philip \"{{i18n:event-75160163.18}}\"/emote farmer 28/move Philip 0 -2 0/emote farmer 16/emote Philip 8/faceDirection Philip 2/move farmer 0 -2 0/emote farmer 12/speak Philip \"{{i18n:event-75160163.19}}\"/emote farmer 28/speak Philip \"{{i18n:event-75160163.20}}\"/emote farmer 32/speak Philip \"{{i18n:event-75160163.21}}\"/globalFade/viewport -1000 -1000/changeToTemporaryMap Custom_Ridgeside_RidgesideVillage false/warp farmer 119 30/faceDirection farmer 3/warp Philip 118 30/faceDirection Philip 3/playMusic nightTime/fade/viewport 115 30/pause 500/move Philip -4 0 0 true/move farmer -4 0 3 true/pause 1500/emote Philip 28/faceDirection Philip 1/speak Philip \"{{i18n:event-75160163.22}}\"/emote farmer 32/emote Philip 8/speak Philip \"{{i18n:event-75160163.23}}\"/emote farmer 16/pause 1000/globalFade/viewport -1000 -1000/message \"{{i18n:event-75160163.24}}\"/end",
		},
	},


	
]
}
