{
"Changes": [
	
	{
		"LogName": "SeedShop Events",
		"Action": "EditData",
		"Target": "Data/Events/SeedShop",
		"Entries": {
		//Yuuma buying stuff (Yuuma 2 hearts)
			"75160110/f Yuuma 500/w sunny/t 900 1300": "playful/6 20/farmer 6 25 0 Yuuma 12 20 2 Pierre 4 17 2/skippable/pause 300/move farmer 0 -4 0/emote Pierre 32/pause 500/speak Pierre \"{{i18n:event-75160110.01}}\"/emote farmer 56/pause 500/move Yuuma -6 0 2/speak Yuuma \"{{i18n:event-75160110.02}}\"/emote farmer 28/pause 500/emote farmer 56/pause 500/speak Yuuma \"{{i18n:event-75160110.03}}\"/move Yuuma 0 -1 0/move Yuuma -2 0 0/speak Yuuma \"{{i18n:event-75160110.04}}\"/speak Pierre \"{{i18n:event-75160110.05}}\"/speak Yuuma \"{{i18n:event-75160110.06}}\"/speak Pierre \"{{i18n:event-75160110.07}}\"/playSound purchase/pause 500/speak Yuuma \"{{i18n:event-75160110.08}}\"/move Yuuma 1 0 2/speak Yuuma \"{{i18n:event-75160110.09}}\"/emote farmer 56/move Yuuma 0 3 2/faceDirection farmer 2/move Yuuma 1 0 2/move Yuuma 0 5 2/playSound doorClose/warp Yuuma -100 -100/pause 500/move farmer 0 -2 0/speak Pierre \"{{i18n:event-75160110.10}}\"/emote farmer 40/pause 1000/end",
		},
	},

	
]
}
