{
"Changes": [
	
	{
		"LogName": "WizardHouse Events",
		"Action": "EditData",
		"Target": "Data/Events/WizardHouse",
		"Entries": {
		//Kiwi's past (Kiwi 8 hearts)
			"75160180/f Kiwi 2000/e 75160179": "WizardSong/8 16/farmer 8 19 0 Wizard 8 15 1 Kiwi 9 15 3/skippable/pause 300/move farmer 0 -2 0/emote farmer 8/pause 500/speak Wizard \"{{i18n:event-75160180.01}}\"/speak Kiwi \"{{i18n:event-75160180.02}}\"/faceDirection Wizard 2/faceDirection Kiwi 2/speak Wizard \"{{i18n:event-75160180.03}}\"/emote farmer 56/pause 500/speak Kiwi \"{{i18n:event-75160180.04}}\"/speak Wizard \"{{i18n:event-75160180.05}}\"/speak Kiwi \"{{i18n:event-75160180.06}}\"/faceDirection Kiwi 3/faceDirection wizard 1/speak Kiwi \"{{i18n:event-75160180.07}}\"/faceDirection Kiwi 2/speak Kiwi \"{{i18n:event-75160180.08}}\"/animate Kiwi false false 100 16 17 18 19 20/pause 500/warp Kiwi -100 -100/playSound shadowpeep/emote farmer 16/pause 500/faceDirection Wizard 2/speak Wizard \"{{i18n:event-75160180.09}}\"/emote farmer 8/pause 500/speak Wizard \"{{i18n:event-75160180.10}}\"/emote farmer 16/pause 500/speak Wizard \"{{i18n:event-75160180.11}}\"/emote farmer 40/pause 500/speak Wizard \"{{i18n:event-75160180.12}}\"/emote farmer 40/pause 500/speak Wizard \"{{i18n:event-75160180.13}}\"/move Wizard 2 0 2 true/move farmer 0 2 2 true/pause 1000/end warpOut",
		},
	},

	
]
}
