{
"Changes": [

	{
		"LogName": "Richard Base Schedule",
		"Action": "EditData",
		"Target": "Characters/Schedules/Richard",
		"Entries": {

			"spring": "700 Custom_Ridgeside_RidgesideVillage 115 28 1/900 Custom_Ridgeside_RidgesideVillage 112 29 2/1000 Custom_Ridgeside_LogCabinHotelLobby 18 11 2 square_6_1_2/1600 Custom_Ridgeside_LogCabinHotelLobby 11 6 2/2100 Custom_Ridgeside_LogCabinHotel3rdFloor 1 12 0 richard_sleep",
			"summer": "700 Custom_Ridgeside_RidgesideVillage 120 25 1/1000 Custom_Ridgeside_LogCabinHotelLobby 18 11 2 square_6_1_2/1600 Custom_Ridgeside_LogCabinHotelLobby 11 6 2/2100 Custom_Ridgeside_LogCabinHotel3rdFloor 1 12 0 richard_sleep",
			"fall": "700 Custom_Ridgeside_RidgesideVillage 131 22 1/1000 Custom_Ridgeside_LogCabinHotelLobby 18 11 2 square_6_1_2/1600 Custom_Ridgeside_LogCabinHotelLobby 11 6 2/2100 Custom_Ridgeside_LogCabinHotel3rdFloor 1 12 0 richard_sleep",
			"winter": "700 Custom_Ridgeside_LogCabinHotelLobby 18 11 2/1000 Custom_Ridgeside_LogCabinHotel2ndFloor 29 5 0/1600 Custom_Ridgeside_LogCabinHotelLobby 11 6 2/2100 Custom_Ridgeside_LogCabinHotel3rdFloor 1 12 9 richard_sleep",
			"rain": "700 Custom_Ridgeside_LogCabinHotel2ndFloor 29 5 0/1000 Custom_Ridgeside_LogCabinHotelLobby 18 11 2 square_6_1_2/1600 Custom_Ridgeside_LogCabinHotelLobby 11 6 2/2100 Custom_Ridgeside_LogCabinHotel3rdFloor 1 12 0 richard_sleep",
			"Sat": "700 Custom_Ridgeside_JericHouse 7 10 0/900 SeedShop 9 26 3/1200 ManorHouse 3 9 0/1600 Custom_Ridgeside_LogCabinHotelLobby 11 6 2/2100 Custom_Ridgeside_LogCabinHotel3rdFloor 1 12 0 richard_sleep",
			"Fri": "700 Custom_Ridgeside_LogCabinHotelLobby 11 6 2/2100 Custom_Ridgeside_LogCabinHotel3rdFloor 1 12 0 richard_sleep",
			"winter_17": "700 Custom_Ridgeside_LogCabinHotelLobby 11 6 2/1200 Beach 27 24 1/2600 Custom_Ridgeside_LogCabinHotel3rdFloor 1 12 0 richard_sleep",

					},
	},

]
}