{
	"Format": "1.21.0",

    "Changes": [
      //Special Orders


{ //Adds Olivia's diamond to Emily vanilla quest
  "Action": "EditData",
  "Target": "Data/SpecialOrders",
  "Entries": {
    "Emily": {
    "Name": "[Emily_Name]",
    "Requester": "Emily",
    "Duration": "Week",
    "Repeatable": "False",
    "RequiredTags": "event_992559",
    "OrderType": "QF:RSVSpecialOrders",
    "SpecialRule": "",
    "Text": "[Emily_Text]",
    "ItemToRemoveOnEnd": null,
    "MailToRemoveOnEnd": null,
    "RandomizedElements": null,
    "Objectives": [
      {
        "Type": "Deliver",
        "Text": "[Emily_Objective_0_Text]",
        "RequiredCount": "1",
        "Data": {
          "AcceptedContextTags": "item_ruby",
          "TargetName": "Emily"
        }
      },
      {
        "Type": "Deliver",
        "Text": "[Emily_Objective_1_Text]",
        "RequiredCount": "1",
        "Data": {
          "AcceptedContextTags": "item_topaz",
          "TargetName": "Emily"
        }
      },
      {
        "Type": "Deliver",
        "Text": "[Emily_Objective_2_Text]",
        "RequiredCount": "1",
        "Data": {
          "AcceptedContextTags": "item_emerald",
          "TargetName": "Emily"
        }
      },
      {
        "Type": "Deliver",
        "Text": "[Emily_Objective_3_Text]",
        "RequiredCount": "1",
        "Data": {
          "AcceptedContextTags": "item_jade",
          "TargetName": "Emily"
        }
      },
      {
        "Type": "Deliver",
        "Text": "[Emily_Objective_4_Text]",
        "RequiredCount": "1",
        "Data": {
          "AcceptedContextTags": "item_amethyst",
          "TargetName": "Emily"
        }
      },
      {
        "Type": "Deliver",
        "Text": "Deliver a Diamond to Emily.",
        "RequiredCount": "1",
        "Data": {
          "AcceptedContextTags": "item_diamond",
          "TargetName": "Emily"
        }
      }
    ],
    "Rewards": [
      {
        "Type": "Money",
        "Data": {
          "Amount": "2000"
        }
      },
      {
        "Type": "Friendship",
        "Data": {}
      },
      {
        "Type": "Mail",
        "Data": {
          "MailReceived": "emilyStones",
          "NoLetter": "false"
        }
      }
    ]
  }
 }
},

{    //Place broken special order board during summer year 1
     "Action": "EditImage",
     "Target": "Maps/summer_Town",
     "FromFile": "Assets/Tilesheets/BrokenSpecialOrdersBoard.png",
     "ToArea": { "X": 416, "Y": 993, "Width": 45, "Height": 31 }
},

{    //add SVE character special order emojis
   "Action": "EditImage",
   "Target": "LooseSprites/emojis",
   "FromFile": "Assets/Tilesheets/SpecialOrderEmojis.png",
   "ToArea": {"X": 0, "Y": 126, "Width": 126, "Height": 9}
},

{ //Andy's special order
  "Action": "EditData",
  "Target": "Data/SpecialOrders",
  "Entries": {
  "Andy": {
    "Name": "[Andy_Name]",
    "Requester": "Andy",
    "Duration": "TwoWeeks",
    "Repeatable": "False",
    "RequiredTags": "event_5000005, !event_5407915",
    "OrderType": "QF:RSVSpecialOrders",
    "SpecialRule": "",
    "Text": "[Andy_Text]",
    "ItemToRemoveOnEnd": null,
    "MailToRemoveOnEnd": null,
    "RandomizedElements": null,
    "Objectives": [
      {
        "Type": "Donate",
        "Text": "[Andy_Objective_1_Text]",
        "RequiredCount": "500",
        "Data": {
          "DropBox": "AndyChest",
          "DropBoxGameLocation": "Custom_AndyHouse",
          "DropBoxIndicatorLocation": "12 5.5",
          "AcceptedContextTags": "item_wood"
        }
      },
    {
        "Type": "Donate",
        "Text": "[Andy_Objective_2_Text]",
        "RequiredCount": "75",
        "Data": {
          "DropBox": "AndyChest",
          "DropBoxGameLocation": "Custom_AndyHouse",
          "DropBoxIndicatorLocation": "12 5.5",
          "AcceptedContextTags": "item_hardwood"
        }
      },
    {
        "Type": "Donate",
        "Text": "[Andy_Objective_3_Text]",
        "RequiredCount": "500",
        "Data": {
          "DropBox": "AndyChest",
          "DropBoxGameLocation": "Custom_AndyHouse",
          "DropBoxIndicatorLocation": "12 5",
          "AcceptedContextTags": "item_stone"
        }
      },
    {
        "Type": "Donate",
        "Text": "[Andy_Objective_4_Text]",
        "RequiredCount": "15",
        "Data": {
          "DropBox": "AndyChest",
          "DropBoxGameLocation": "Custom_AndyHouse",
          "DropBoxIndicatorLocation": "12 5.5",
          "AcceptedContextTags": "item_iron_bar"
        }
      },
    ],
    "Rewards": [
      {
        "Type": "Money",
        "Data": {
          "Amount": "5362"
        }
      },
      {
        "Type": "Mail",
        "Data": {
          "MailReceived": "AndyCellar"
        }
      },
      {
        "Type": "Friendship",
        "Data": {}
      }
    ]
  },
 }
},

{   //Andy's special order strings
    "Action": "EditData",
    "Target": "Strings/SpecialOrderStrings",
    "Entries": {
       "Andy_Name": "Andy's Cellar",
       "Andy_Text": "I'm lookin' to have a cellar built under my house for preserve jars. Anyone kind enough to help me out?",
       "Andy_Objective_1_Text": "Add wood to Andy's chest in his room.",
     "Andy_Objective_2_Text": "Add hardwood to Andy's chest in his room.",
     "Andy_Objective_3_Text": "Add stone to Andy's chest in his room.",
     "Andy_Objective_4_Text": "Add iron bars to Andy's chest in his room.",
  }
},

{   //Andy's special order event
    "Action": "EditData",
    "Target": "Data/Events/Forest",
    "Entries": {
    "5404269/n AndyCellar": "none/-500 -500/Andy 13 17 1/end"
  }
},

{   //Andy's special order event
    "Action": "EditData",
    "Target": "Data/Events/Custom_AndyHouse",
    "Entries": {
    "5407915/e 5404269/n AndyCellar": "kindadumbautumn/-500 -500/farmer 13 17 1 Andy 18 15 0/pause 1000/viewport 12 16 true/move farmer 3 0 0/move farmer 0 -2 0/pause 200/faceDirection farmer 1/pause 750/faceDirection Andy 3 true/pause 300/speak Andy \"Ah, @. Just who I wanted to see!$0#$b#I finally got myself a cellar thanks to you. Why don't ya come take a gander at it?$1\"/pause 350/globalFade/viewport -1000 -1000/playSound stairsdown/changeLocation Custom_AndyCellar/playSound stairsdown/pause 500/warp farmer 8 5/warp Andy 6 5/faceDirection farmer 2 true/faceDirection Andy 2 true/viewport 7 7 true/pause 1800/emote farmer 16 true/pause 1250/speak Andy \"I expect I'll be makin' more income thanks to these here preserve jars.$0#$b#Spent every cent I had on this project. Hope it'll be worth the trouble.$0\"/pause 750/faceDirection Andy 1 true/pause 600/faceDirection farmer 3 true/pause 500/speak Andy \"As a way of sayin' thanks, I wanna give you my special strawberry jam recipe!$0#$b#Jus' promise me you'll keep this to yourself and put it to good use.$1\"/pause 500/move Andy 1 0 1/pause 400/shake Andy 500/showFrame Andy 37/pause 250/playSound newRecipe/showFrame Andy 38/pause 500/showFrame Andy 37 true/pause 200/move Andy 0 0 1/pause 300/playSound reward/message \"I received Andy's strawberry jam recipe! Strawberries are now worth 25 percent more!\"/pause 250/emote farmer 32 true/pause 500/friendship Andy 250/globalFade/viewport -1000 -1000/stopMusic/pause 1000/end dialogue Andy \"Can't believe I got myself a cellar!$1#$e#You makin' strawberry jam anytime soon, farmer?$0#$b#With my recipe, folks will pay a lot more!$1\"",
  }
},

{  //Increases strawberry sale price by 25%
     "Action": "EditData",
     "Target": "Data/objectinformation",
     "When": { "HasSeenEvent": "5407915", "LowerProfitMargins": false },
   "Fields": {
   "400": { 1: "150" }, //strawberries 120g > 150g
   },
   "Update": "OnTimeChange"
},
{
     "Action": "EditData",
     "Target": "Data/objectinformation",
     "When": { "HasSeenEvent": "5407915", "LowerProfitMargins": true },
   "Fields": {
   "400": { 1: "120" }, //strawberries 90g > 120g
   },
   "Update": "OnTimeChange"
},


{ //Olivia's special order
  "Action": "EditData",
  "Target": "Data/SpecialOrders",
  "Entries": {
  "Olivia": {
    "Name": "[Olivia_Name]",
    "Requester": "Olivia",
    "Duration": "Month",
    "Repeatable": "False",
    "RequiredTags": "!season_winter, !event_5407916",
    "OrderType": "QF:RSVSpecialOrders",
    "SpecialRule": "",
    "Text": "[Olivia_Text]",
    "ItemToRemoveOnEnd": null,
    "MailToRemoveOnEnd": null,
    "RandomizedElements": null,
    "Objectives": [
      {
        "Type": "Donate",
        "Text": "[Olivia_Objective_1_Text]",
        "RequiredCount": "10",
        "Data": {
          "DropBox": "OliviaDropoff",
          "DropBoxGameLocation": "Custom_OliviaCellar",
          "DropBoxIndicatorLocation": "8.5 4.2",
          "AcceptedContextTags": "item_starfruit_wine"
         }
       },
     {
        "Type": "Donate",
        "Text": "[Olivia_Objective_2_Text]",
        "RequiredCount": "10",
        "Data": {
          "DropBox": "OliviaDropoff",
          "DropBoxGameLocation": "Custom_OliviaCellar",
          "DropBoxIndicatorLocation": "8.5 4.2",
          "AcceptedContextTags": "item_cheese"
          }
       },
     {
        "Type": "Donate",
        "Text": "[Olivia_Objective_3_Text]",
        "RequiredCount": "10",
        "Data": {
          "DropBox": "OliviaDropoff",
          "DropBoxGameLocation": "Custom_OliviaCellar",
          "DropBoxIndicatorLocation": "8.5 4.2",
          "AcceptedContextTags": "item_goat_cheese"
          }
       },
    ],
    "Rewards": [
      {
        "Type": "Money",
        "Data": {
          "Amount": "80000"
        }
      },
      {
        "Type": "Mail",
        "Data": {
          "MailReceived": "OliviaReception"
        }
      },
      {
        "Type": "Friendship",
        "Data": {}
      }
    ]
  },
 },
},

{   //Olivia's special order strings
    "Action": "EditData",
    "Target": "Strings/SpecialOrderStrings",
    "Entries": {
       "Olivia_Name": "An Elegent Reception",
       "Olivia_Text": "I wish to host a reception for prestigious guests and friends at the town square. Are there any local farmers who could provide some high-end groceries?       -Olivia",
       "Olivia_Objective_1_Text": "Add starfruit wine to Olivia's cabinet in her cellar.",
     "Olivia_Objective_2_Text": "Add cheese to Olivia's cabinet in her cellar.",
     "Olivia_Objective_3_Text": "Add goat cheese to Olivia's cabinet in her cellar.",
  }
},

{   //Olivia's special order event
    "Action": "EditData",
    "Target": "Data/Events/Town",
    "Entries": {
    "5407916/n OliviaReception/w sunny/t 1000 1700": "none/-500 -500/farmer 31 64 3 Olivia 27 64 1 Governor 29 63 2 Demetrius 22 63 2 Robin 21 64 1 Abigail 22 66 0 Pierre 25 65 3 Caroline 23 66 0 Elliott 23 69 2 Leah 21 70 1 Emily 23 72 0 Sandy 25 71 3 Victor 27 70 1 Susan 29 72 0 Sophia 31 70 3 Lewis 30 69 2 Marnie 28 69 2 Kent 29 66 0 Jodi 30 66 0 Harvey 34 64 0 Maru 35 61 2 Pam 59 64 3 Penny 78 95 2 Clint 97 77 0 Linus 17 44 2/addTemporaryActor ReceptionTable1 46 47 22 65 2 false/addTemporaryActor ReceptionTable1 46 47 28 71 2 false/addTemporaryActor ReceptionTable2 46 47 28 65 2 false/addTemporaryActor ReceptionTable2 46 47 22 71 2 false/addTemporaryActor ReceptionTable3 46 47 33 63 2 false/addTemporaryActor ArtGuy 16 32 28 63 2/positionOffset ArtGuy 10 -5/positionOffset Governor 30 -3/positionOffset Demetrius 20 0/positionOffset Abigail 4 -10/positionOffset Caroline 15 0/positionOffset Elliott -15 0/positionOffset Emily 20 0/positionOffset Sandy 0 -20/positionOffset Susan -15 0/positionOffset Sophia 0 10/positionOffset Lewis -10 0/positionOffset Marnie 10 0/positionOffset Harvey 20 0/positionOffset Maru 0 -10/positionOffset Kent -20 0/positionOffset Jodi -15 0/positionOffset farmer -12 4/animate Olivia true true 100 16 16 16 16 16 16 16 16 16 16 16 16 16 16 16 16 16 16 16 16 16 16 16 16 16 16 16 17 18 19 19 19 19 19 19 18 17 16 16 16 16 16 16 16 16 16 16 16 16 16 16 16 16 16 16 16 16 16 16 16 16 16 16 16 16 16 16 16 16 16 16 16 16 16 16 16 17 18 19 19 19 19 19 19 19 19 18 17 16 16 16 16 16/animate Lewis false true 100 19 19 19 19 19 19 19 19 19 19 19 19 19 19 19 19 19 19 19 19 19 19 19 19 19 19 22 23 23 23 23 23 22 22 22 23 23 23 23 23 23 23 23 23 23/animate Elliott false true 100 16 16 16 16 16 16 16 16 16 16 16 16 16 16 16 16 16 16 17 18 18 18 19 19 18 18 19 19 18 17 16 16 16 16 16 16 16 16 16 16 16 16/animate Marnie false true 100 20 20 20 20 20 20 20 20 20 20 20 20 20 20 20 20 20 20 20 20 20 20 20 20 20 20 20 20 20 20 21 22 23 23 23 23 23 23 23 23 22 21/animate Sophia false true 100 16 16 16 16 16 16 16 16 16 16 16 16 16 16 16 16 16 16 16 16 16 16 16 16 16 16 16 16 16 16 16 16 17 18 19 19 19 19 19 19 19 19 18 17 16 16 16/animate Victor true true 100 24 24 24 24 24 24 24 24 24 24 24 24 24 24 24 24 24 24 24 24 24 24 24 24 24 24 24 24 24 24 24 25 26 27 27 27 27 27 27 27 27 27 27 27 26 25 24 24 24 24/pause 1000/playMusic movieTheater/viewport 28 66 true/pause 4000/speak Olivia \"I must say, this event turned out perfectly!$3#$b#It's all thanks to you, dear. The wine and cheese from %farm is nothing short of perfection!$1\"/pause 500/speak Governor \"This local wine and cheese is delectable!$0#$b#Tell me farmer, what's your secret?$1\"/pause 600/showFrame farmer 97 true/pause 600/emote farmer 40 true/pause 350/globalFade/viewport -1000 -1000/pause 1000/friendship Demetrius 250/friendship Robin 250/friendship Pierre 250/friendship Abigail 250/friendship Caroline 250/friendship Olivia 250/friendship Kent 250/friendship Jodi 250/friendship Elliott 250/friendship Leah 250/friendship Emily 250/friendship Victor 250/friendship Sophia 250/friendship Lewis 250/friendship Marnie 250/friendship Harvey 250/friendship Maru 250/playSound reward/message \"I sense my friendship with the reception's guests has increased. I've also learned how to properly sample wine - increasing health and stamina healed when I drink it!\"/pause 1000/end dialogue Olivia \"My reception was a huge success! Thank you, @.$3#$e#I must watch my pocket book for the time being. The event was fun, but was quite expensive!$6\""
  }
},

     //event adds 1 heart of friendship to everyone at the banquet

{  //Wine heals 200% more stamina and health
     "Action": "EditData",
     "Target": "Data/objectinformation",
     "When": { "HasSeenEvent": "5407916" },
   "Entries": {
   "348": "Wine/400/60/Basic -26/Wine/Drink in moderation./drink/0 0 0 0 0 0 0 0 0 0 0/0",
   },
   "Update": "OnTimeChange"
},

{
     "Action": "Load", //46x47
   "Target": "Characters/ReceptionTable1",
   "FromFile": "Assets/CharacterFiles/OverworldSprites/Miscellaneous/ReceptionTable1.png"
},
{
     "Action": "Load", //46x47
   "Target": "Characters/ReceptionTable2",
   "FromFile": "Assets/CharacterFiles/OverworldSprites/Miscellaneous/ReceptionTable2.png"
},
{
     "Action": "Load", //46x47
   "Target": "Characters/ReceptionTable3",
   "FromFile": "Assets/CharacterFiles/OverworldSprites/Miscellaneous/ReceptionTable3.png"
},
{
     "Action": "Load", //16x32
   "Target": "Characters/ArtGuy",
   "FromFile": "Assets/CharacterFiles/OverworldSprites/Miscellaneous/ArtGuy.png"
},


{ //Susan's special order
  "Action": "EditData",
  "Target": "Data/SpecialOrders",
  "Entries": {
  "Susan": {
    "Name": "[Susan_Name]",
    "Requester": "Susan",
    "Duration": "TwoWeeks",
    "Repeatable": "False",
    "RequiredTags": "!season_winter, !event_5407917",
    "OrderType": "QF:RSVSpecialOrders",
    "SpecialRule": "",
    "Text": "[Susan_Text]",
    "ItemToRemoveOnEnd": null,
    "MailToRemoveOnEnd": null,
    "RandomizedElements": null,
    "Objectives": [
      {
        "Type": "Collect",
        "Text": "[Susan_Objective_0_Text]",
        "RequiredCount": "50",
        "Data": {
          "AcceptedContextTags": "item_quality_fertilizer"
        }
      },
    {
        "Type": "Donate",
        "Text": "[Susan_Objective_1_Text]",
        "RequiredCount": "50",
        "Data": {
          "DropBox": "SusanChest",
          "DropBoxGameLocation": "Custom_SusanHouse",
          "DropBoxIndicatorLocation": "5 17.5",
          "AcceptedContextTags": "item_quality_fertilizer"
          }
       },
    ],
    "Rewards": [
      {
        "Type": "Money",
        "Data": {
          "Amount": "4000"
        }
      },
      {
        "Type": "Mail",
        "Data": {
          "MailReceived": "SusanQualityFertilizer"
        }
      },
      {
        "Type": "Friendship",
        "Data": {}
      }
    ]
  },
 },
},

{   //Susan's special order strings
    "Action": "EditData",
    "Target": "Strings/SpecialOrderStrings",
    "Entries": {
       "Susan_Name": "Homemade Fertilizer",
       "Susan_Text": "I'm in the market to purchase some freshly-made quality fertilizer. My babies need the extra nutrients!",
       "Susan_Objective_0_Text": "Craft 50 quality fertilizer.",
     "Susan_Objective_1_Text": "Drop off quality fertilizer at Susan's chest.",
  }
},

{   //Susan's special order event
    "Action": "EditData",
    "Target": "Data/Events/Railroad",
  "When": { "Season": "Spring" },
    "Entries": {
    "5407917/n SusanQualityFertilizer/w sunny/z winter/z fall/z summer/t 600 1700": "none/-500 -500/farmer 54 52 2 Susan 52 52 2 MarlonFay 14 19 0 Linus 53 14 2/addTemporaryActor SusanBigCauliflower 48 55 51 55 2 false/positionOffset SusanBigCauliflower -3 -5/addTemporaryActor SusanBigCauliflower 48 55 55 56 2 false/addTemporaryActor SusanBigCauliflower 48 55 53 59 2 false/pause 500/playMusic playful/pause 400/viewport 53 53 clamp true/pause 1500/jump Susan/pause 1000/speak Susan \"Would you look at the size of my babies, @? I've never seen cauliflower so big!$1#$b#That fertilizer is really something else, honey! I'll put the crafting recipe to good use!$4\"/pause 1500/faceDirection Susan 1 true/pause 625/faceDirection farmer 3 true/stopMusic/pause 500/speak Susan \"Follow me inside for a sec. I want to share something with you.$0\"/pause 500/globalFade/viewport -1000 -1000/changeLocation Custom_SusanHouse/playMusic cm:SDV_Fireplace/warp MarlonFay -100 -100/warp Linus -100 -100/warp Susan 3 15/warp farmer 5 15/faceDirection Susan 0 true/faceDirection farmer 3 true/positionOffset farmer 10 10/viewport 10 16 clamp true/pause 2000/faceDirection Susan 1 true/pause 500/speak Susan \"I learned something new today, and I want to return the favor.$0\"/pause 750/move Susan 1 0 1/pause 600/playSound newRecipe/showFrame Susan 5 true/pause 200/shake Susan 400/pause 600/move Susan 0 0 1/pause 500/playSound reward/message \"I received Susan's patented fermentation method! Beer, mead, and pale ale are now more valuable. She trusted me with this!\"/pause 800/speak Susan \"Hey, while you're here would you mind helping me harvest those big guys outside?$1\"/pause 750/showFrame farmer 97 true/pause 500/friendship Susan 125/globalFade/viewport -1000 -1000/end dialogue Susan \"I'm going to write to my friends in Grampleton about my recent adventures.$0#$e#Thank you for your company, @.$4\""
  }
},

{   //Susan's special order event
    "Action": "EditData",
    "Target": "Data/Events/Railroad",
  "When": { "Season": "Summer" },
    "Entries": {
    "5407917/n SusanQualityFertilizer/w sunny/z winter/z spring/z fall/t 600 1700": "none/-500 -500/farmer 54 52 2 Susan 52 52 2 MarlonFay 14 19 0 Linus 53 14 2/addTemporaryActor SusanBigMelon 48 55 51 55 2 false/positionOffset SusanBigMelon -3 -5/addTemporaryActor SusanBigMelon 48 55 55 56 2 false/addTemporaryActor SusanBigMelon 48 55 53 59 2 false/pause 500/playMusic playful/pause 400/viewport 53 53 clamp true/pause 1500/jump Susan/pause 1000/speak Susan \"Would you look at the size of my babies, @? I've never seen melons so big!$1#$b#That fertilizer is really something else, honey! I'll put the crafting recipe to good use!$4\"/pause 1500/faceDirection Susan 1 true/pause 625/faceDirection farmer 3 true/stopMusic/pause 500/speak Susan \"Follow me inside for a sec. I want to share something with you.$0\"/pause 500/globalFade/viewport -1000 -1000/changeLocation Custom_SusanHouse/playMusic cm:SDV_Fireplace/warp MarlonFay -100 -100/warp Linus -100 -100/warp Susan 3 15/warp farmer 5 15/faceDirection Susan 0 true/faceDirection farmer 3 true/positionOffset farmer 10 10/viewport 10 16 clamp true/pause 2000/faceDirection Susan 1 true/pause 500/speak Susan \"I learned something new today, and I want to return the favor.$0\"/pause 750/move Susan 1 0 1/pause 600/playSound newRecipe/showFrame Susan 5 true/pause 200/shake Susan 400/pause 600/move Susan 0 0 1/pause 500/playSound reward/message \"I received Susan's patented fermentation method! Beer, mead, and pale ale are now more valuable. She trusted me with this!\"/pause 800/speak Susan \"Hey, while you're here would you mind helping me harvest those big guys outside?$1\"/pause 750/showFrame farmer 97 true/pause 500/friendship Susan 125/globalFade/viewport -1000 -1000/end dialogue Susan \"I'm going to write to my friends in Grampleton about my recent adventures.$0#$e#Thank you for your company, @.$4\""
  }
},

{   //Susan's special order event
    "Action": "EditData",
    "Target": "Data/Events/Railroad",
  "When": { "Season": "Fall" },
    "Entries": {
    "5407917/n SusanQualityFertilizer/w sunny/z winter/z spring/z summer/t 600 1700": "none/-500 -500/farmer 54 52 2 Susan 52 52 2 MarlonFay 14 19 0 Linus 53 14 2/addTemporaryActor SusanBigPumpkin 48 55 51 55 2 false/positionOffset SusanBigPumpkin -3 -5/addTemporaryActor SusanBigPumpkin 48 55 55 56 2 false/addTemporaryActor SusanBigPumpkin 48 55 53 59 2 false/pause 500/playMusic playful/pause 400/viewport 53 53 clamp true/pause 1500/jump Susan/pause 1000/speak Susan \"Would you look at the size of my babies, @? I've never seen pumpkins so big!$1#$b#That fertilizer is really something else, honey! I'll put the crafting recipe to good use!$4\"/pause 1500/faceDirection Susan 1 true/pause 625/faceDirection farmer 3 true/stopMusic/pause 500/speak Susan \"Follow me inside for a sec. I want to share something with you.$0\"/pause 500/globalFade/viewport -1000 -1000/changeLocation Custom_SusanHouse/playMusic cm:SDV_Fireplace/warp MarlonFay -100 -100/warp Linus -100 -100/warp Susan 3 15/warp farmer 5 15/faceDirection Susan 0 true/faceDirection farmer 3 true/positionOffset farmer 10 10/viewport 10 16 clamp true/pause 2000/faceDirection Susan 1 true/pause 500/speak Susan \"I learned something new today, and I want to return the favor.$0\"/pause 750/move Susan 1 0 1/pause 600/playSound newRecipe/showFrame Susan 5 true/pause 200/shake Susan 400/pause 600/move Susan 0 0 1/pause 500/playSound reward/message \"I received Susan's patented fermentation method! Beer, mead, and pale ale are now more valuable. She trusted me with this!\"/pause 800/speak Susan \"Hey, while you're here would you mind helping me harvest those big guys outside?$1\"/pause 750/showFrame farmer 97 true/pause 500/friendship Susan 125/globalFade/viewport -1000 -1000/end dialogue Susan \"I'm going to write to my friends in Grampleton about my recent adventures.$0#$e#Thank you for your company, @.$4\""
  }
},

{  //pale ale, mead, and beer sale price increases 50%
     "Action": "EditData",
     "Target": "Data/objectinformation",
     "When": { "HasSeenEvent": "5407917" },
   "Fields": {
   "303": { 1: "450" }, //pale ale
   "459": { 1: "300" }, //mead
   "346": { 1: "300" }, //beer
   },
   "Update": "OnTimeChange"
},

{
     "Action": "Load", //48x55
   "Target": "Characters/SusanBigCauliflower",
   "FromFile": "Assets/CharacterFiles/OverworldSprites/Miscellaneous/SusanBigCauliflower.png"
},
{
     "Action": "Load", //48x55
   "Target": "Characters/SusanBigMelon",
   "FromFile": "Assets/CharacterFiles/OverworldSprites/Miscellaneous/SusanBigMelon.png"
},
{
     "Action": "Load", //48x55
   "Target": "Characters/SusanBigPumpkin",
   "FromFile": "Assets/CharacterFiles/OverworldSprites/Miscellaneous/SusanBigPumpkin.png"
},

{ //Sophia's special order
  "Action": "EditData",
  "Target": "Data/SpecialOrders",
  "Entries": {
  "Sophia": {
    "Name": "[Sophia_Name]",
    "Requester": "Sophia",
    "Duration": "Month",
    "Repeatable": "False",
    "RequiredTags": "island, !winter",
    "OrderType": "QF:RSVSpecialOrders",
    "SpecialRule": "",
    "Text": "[Sophia_Text]",
    "ItemToRemoveOnEnd": null,
    "MailToRemoveOnEnd": null,
    "RandomizedElements": null,
    "Objectives": [
    {
        "Type": "Donate",
        "Text": "[Sophia_Objective_1_Text]",
        "RequiredCount": "50",
        "Data": {
          "DropBox": "SophiaChest",
          "DropBoxGameLocation": "Custom_BlueMoonVineyard",
          "DropBoxIndicatorLocation": "20 30",
          "AcceptedContextTags": "item_fairy_seeds"
        }
      },
    {
        "Type": "Donate",
        "Text": "[Sophia_Objective_2_Text]",
        "RequiredCount": "10",
        "Data": {
          "DropBox": "SophiaChest",
          "DropBoxGameLocation": "Custom_BlueMoonVineyard",
          "DropBoxIndicatorLocation": "20 30",
          "AcceptedContextTags": "item_fairy_stone"
        }
      },
    {
        "Type": "Donate",
        "Text": "[Sophia_Objective_3_Text]",
        "RequiredCount": "10",
        "Data": {
          "DropBox": "SophiaChest",
          "DropBoxGameLocation": "Custom_BlueMoonVineyard",
          "DropBoxIndicatorLocation": "20 30",
          "AcceptedContextTags": "item_fairy_dust"
        }
      },
    ],
    "Rewards": [
      {
        "Type": "Money",
        "Data": {
          "Amount": "12000"
        }
      },
      {
        "Type": "Mail",
        "Data": {
          "MailReceived": "SophiaFairyGarden"
        }
      },
      {
        "Type": "Friendship",
        "Data": {}
      }
    ]
  },
 },
},

{   //Sophia's special order strings
    "Action": "EditData",
    "Target": "Strings/SpecialOrderStrings",
    "Entries": {
       "Sophia_Name": "Fairy Garden",
       "Sophia_Text": "Ever since I was a little girl, I've wanted my own fairy rose garden. Can anyone help me?",
       "Sophia_Objective_1_Text": "Drop off fairy seeds at Sophia's chest.",
     "Sophia_Objective_2_Text": "Drop off fairy stone.",
     "Sophia_Objective_3_Text": "Drop off fairy dust.",
  }
},

{   //Sophia's special order event - ID tagged for map patch
    "Action": "EditData",
    "Target": "Data/Events/Farmhouse",
    "Entries": {
    "5515272/n SophiaFairyGarden": "none/-500 -500/Sophia -20 -20 0/end"
  }
},

{   //Sophia's special order event - part 1 - player is not married to Sophia
    "Action": "EditData",
    "Target": "Data/Events/Custom_BlueMoonVineyard",
  "When": { "Relationship:Sophia |contains=Married": false },
    "Entries": {
    "5407918/e 5515272/n SophiaFairyGarden/w sunny/z winter/t 600 1800": "none/-500 -500/Sophia 16 24 0 Scarlett 15 24 0 Pierre 24 55 2 Caroline 25 55 2/pause 500/playMusic playful/pause 500/viewport 16 25 clamp true/pause 1750/jump Sophia/pause 1000/jump Sophia/pause 300/faceDirection Scarlett 1 true/pause 1200/faceDirection Sophia 3 true/pause 500/speak Sophia \"So, Scarlett! What do you think about my 'fairy garden'?$9\"/pause 500/speak Scarlett \"The flowers smell really nice. It's all super pretty!$0#$b#I think this spot will make for great cosplay pictures!$1\"/pause 400/speak Sophia \"You said it!$1\"/pause 500/globalFade/viewport -1000 -1000 true/pause 500/end dialogue Sophia \"Hey! Thank you so, so much for helping me build my garden. I'll pay you back somehow!$1\""
  }
},

{   //Sophia's special order event - part 2 - player is not married to Sophia
    "Action": "EditData",
    "Target": "Data/Events/farm",
  "When": { "HasSeenEvent": "5407918", "Relationship:Sophia |contains=Married": false },
    "Entries": {
    "5407919/e 5515272": "continue/-500 -500/Sophia -20 -20 0 farmer -20 -20 0/pause 1100/speak Sophia \"Hey, you. Um. I just wanted to say I'm really grateful for my fairy garden. I love it so much!$1#$b#To pay you back, I contracted with a new sprinkler supplier. You can purchase new devices from my ledger now.$9\"/pause 500/emote farmer 32/globalFade/viewport -1000 -1000/pause 1000/playSound reward/message \"I can now purchase iridium sprinklers and nozzles from Sophia's ledger in her cosplay room!\"/pause 1000/end dialogue Sophia \"The iridium sprinklers and nozzles are really expensive... but I'm selling them at cost.$0#$e#I know they'll help out with your farming work, silly.$1\""
  }
},

{   //Sophia's special order event - part 1 - player married Sophia
    "Action": "EditData",
    "Target": "Data/Events/Farmhouse",
  "When": { "Relationship:Sophia": "Married" },
    "Entries": {
    "5407918/e 5515272/n SophiaFairyGarden/w sunny/z winter/t 600 700": "none/-500 -500/Sophia -10 -10 0 farmer -10 -10 0/pause 2000/speak Sophia \"Good morning, silly!$9#$b#My fairy garden should be completed today! Drop by the vineyard sometime this afternoon if you want to see it.$1\"/pause 500/end dialogue Sophia \"Fairy garden! Yay!$9#$e#%Sophia can't contain her excitement.\""
  }
},

{   //Sophia's special order event - part 2 - player married Sophia
    "Action": "EditData",
    "Target": "Data/Events/Custom_BlueMoonVineyard",
  "When": { "Relationship:Sophia": "Married" },
    "Entries": {
    "5407919/e 5515272/e 5407918/z winter/t 1000 1800": "none/-500 -500/Sophia 15 24 0 farmer 16 24 0 Pierre 24 55 2 Caroline 25 55 2/pause 500/playMusic kindadumbautumn/pause 500/positionOffset Sophia 7 -7/viewport 16 25 clamp true/pause 1750/jump Sophia/pause 800/jump Sophia/pause 300/faceDirection farmer 3 true/pause 900/faceDirection Sophia 1 true/pause 500/speak Sophia \"I love it! Thank you, thank you, thank you!!!$9#$b#Come here, you!$4\"/pause 600/showFrame farmer 101 true/showFrame Sophia 28 true/playSound dwop/specificTemporarySprite heart 16 23/pause 2000/move farmer 0 0 3/showFrame Sophia 4 true/pause 500/speak Sophia \"I've dreamt about having a fairy garden ever since I was a little girl and first watched 'Pink Princess Crusaders'.$4#$b#You made my dream come true, for real!$9\"/pause 600/showFrame farmer 97 true/pause 1000/move farmer 0 0 3/pause 400/speak Sophia \"Um. I was going to keep this a secret, but I want to tell you now.$1#$b#There's some new devices you can purchase from my order ledger!$9#$b#They're really expensive though, and I won't make money from selling them...$2#$b#But I know you'll put them to good use!$4\"/pause 500/emote farmer 32/pause 600/speak Sophia \"Let's enjoy the garden for a little longer, silly...$4\"/pause 800/faceDirection Sophia 0 true/pause 750/faceDirection farmer 0 true/pause 500/positionOffset Sophia 1 0/pause 50/positionOffset Sophia 1 0/pause 50/positionOffset Sophia 1 0/pause 50/positionOffset Sophia 1 0/pause 50/positionOffset Sophia 1 0/pause 750/positionOffset Sophia 1 0/pause 50/positionOffset Sophia 1 0/pause 50/positionOffset Sophia 1 0/pause 50/positionOffset Sophia 1 0/pause 50/positionOffset Sophia 1 0/pause 50/pause 600/emote Sophia 20/globalFade/viewport -1000 -1000 true/pause 1000/playSound reward/message \"I can now purchase iridium sprinklers and nozzles from Sophia's order ledger!\"/pause 1000/end dialogue Sophia \"I need to invite Scarlett over soon. I just know she'll love the garden!$1#$e#It'll make for a great cosplay photoshoot spot, too!$4#$e#*hugs* I love you!$9\""
  }
},


{ //Marlons's special order
  "Action": "EditData",
  "Target": "Data/SpecialOrders",
  "Entries": {
  "MarlonFay": {
    "Name": "[MarlonFay_Name]",
    "Requester": "MarlonFay",
    "Duration": "Month",
    "Repeatable": "False",
    "RequiredTags": "!event_5407921",
    "OrderType": "QF:RSVSpecialOrders",
    "SpecialRule": "",
    "Text": "[MarlonFay_Text]",
    "ItemToRemoveOnEnd": null,
    "MailToRemoveOnEnd": null,
    "RandomizedElements": null,
    "Objectives": [
    {
        "Type": "Donate",
        "Text": "[MarlonFay_Objective_1_Text]",
        "RequiredCount": "30",
        "Data": {
          "DropBox": "MarlonChest",
          "DropBoxGameLocation": "AdventureGuild",
          "DropBoxIndicatorLocation": "4 3.2",
          "AcceptedContextTags": "item_cherry_bomb"
        }
      },
    {
        "Type": "Donate",
        "Text": "[MarlonFay_Objective_2_Text]",
        "RequiredCount": "20",
        "Data": {
          "DropBox": "MarlonChest",
          "DropBoxGameLocation": "AdventureGuild",
          "DropBoxIndicatorLocation": "4 3.2",
          "AcceptedContextTags": "item_bomb"
        }
      },
    {
        "Type": "Donate",
        "Text": "[MarlonFay_Objective_3_Text]",
        "RequiredCount": "10",
        "Data": {
          "DropBox": "MarlonChest",
          "DropBoxGameLocation": "AdventureGuild",
          "DropBoxIndicatorLocation": "4 3.2",
          "AcceptedContextTags": "item_mega_bomb"
        }
      },
    ],
    "Rewards": [
      {
        "Type": "Money",
        "Data": {
          "Amount": "8000"
        }
      },
      {
        "Type": "Mail",
        "Data": {
          "MailReceived": "CompletedCamillaTask"
        }
      },
      {
        "Type": "Friendship",
        "Data": {}
      }
    ]
  },
 },
},

{   //Marlon's special order strings
    "Action": "EditData",
    "Target": "Strings/SpecialOrderStrings",
    "Entries": {
       "MarlonFay_Name": "A Mysterious Venture",
       "MarlonFay_Text": "I'm looking for someone who's adept at crafting and won't ask any questions. Job details enclosed upon acceptance.",
       "MarlonFay_Objective_1_Text": "Drop off cherry bombs at Marlon's chest.",
     "MarlonFay_Objective_2_Text": "Drop off bombs.",
     "MarlonFay_Objective_3_Text": "Drop off mega bombs.",
  }
},

{    //Patches adventurer guild decoration shop
     "Action": "EditMap",
   "Target": "Maps/AdventureGuild",
   "FromFile": "Assets/Maps/MapPatches/AdventurerGuild_DecorationShop.tbin",
   "When": { "HasSeenEvent": "5407921" },
   "ToArea": { "X": 5, "Y": 4, "Width": 1, "Height": 1 },
   "Update": "OnLocationChange"
},

{   //Marlon's special order
    "Action": "EditData",
    "Target": "Data/Events/Custom_AdventurerSummit",
    "Entries": {
    "5407921/n CompletedCamillaTask/t 600 1800": "continue/-500 -500/MarlonFay 30 25 0 Jadu -50 -50 0 farmer 33 25 3 Abigail 35 26 2/addTemporaryActor BombCrate 32 32 29 24 2 false/positionOffset BombCrate 0 16/showFrame Abigail 80 true/addTemporaryActor GilSprite 19 32 35 26 2/pause 800/viewport 32 25 clamp true/pause 1750/emote MarlonFay 40/pause 800/faceDirection MarlonFay 1 true/pause 500/Speed MarlonFay 1/move MarlonFay 1 0 1/pause 400/speak MarlonFay \"These bombs are in exceptional condition. Thank you for your service, @.$1#$b#A wizard from Castle Village is arriving here any moment now to retrieve them.$0\"/pause 600/screenFlash 2/playSound wand/warp Jadu 32 30/pause 400/faceDirection MarlonFay 2 true/pause 250/faceDirection farmer 2 true/pause 300/Speed Jadu 1/move Jadu 0 -3 0/playMusic cm:CamillasTower/pause 1000/speak Jadu \"Greetings Marlon, and friends...$0\"/pause 500/textAboveHead Abigail \"*snore*\"/pause 1500/speak MarlonFay \"Pleased to make your acquaintance again, Jadu.#$b#The bombs you came for are ready, courtesy of @ here who created them.\"/pause 500/speak Jadu \"Allow me to inspect them.$0\"/pause 400/advancedMove Jadu false -2 0 0 -1 -1 0 0 -1/pause 500/faceDirection farmer 3 true/pause 500/faceDirection MarlonFay 3 true/pause 500/move farmer -1 0 0/move farmer 0 -1 3/pause 150/showFrame Jadu 8 true/pause 1350/speak Jadu \"Hmm...$0\"/pause 1500/showFrame Jadu 4 true/pause 500/speak Jadu \"Yes. These bombs will serve Castle Village's vanguard well.$1#$b#Impeccable craftsmanship. It rivals Bex's work.$0\"/pause 1250/showFrame Jadu 8 true/pause 600/showFrame Jadu 11 true/pause 400/shake Jadu 1000/pause 400/playSound wand/screenFlash 1/warp BombCrate -30 -30/pause 1000/showFrame Jadu 8 true/pause 750/showFrame Jadu 4 true/pause 500/speak Jadu \"Thank you...$0\"/pause 1000/showFrame Jadu 0 true/pause 600/showFrame Jadu 19 true/pause 250/showFrame Jadu 16 true/pause 400/shake Jadu 600/stopMusic/pause 250/playSound wand/screenFlash 2/warp Jadu -50 -50/pause 1650/faceDirection MarlonFay 0 true/pause 200/move MarlonFay 0 -1 0/pause 100/faceDirection MarlonFay 1 true/pause 500/speak MarlonFay \"@. Follow me to my quarters. I want to show you something.\"/pause 500/globalFade/viewport -1000 -1000/playMusic cm:SDV_Fireplace/warp GilSprite -30 -30/changeLocation AdventureGuild/warp farmer 4 5/faceDirection farmer 1 true/warp GilSprite -20 -20/warp Abigail -20 -20/warp MarlonFay 5 5/faceDirection MarlonFay 0 true/viewport 7 6 true/pause 1500/shake MarlonFay 500/pause 150/playSound newRecipe/pause 800/faceDirection MarlonFay 3 true/pause 400/speak MarlonFay \"This order ledger has been collecting dust for a long time...$2#$b#Maybe you'll find some use for it.$0\"/pause 500/playSound reward/message \"I can now use the adventurer guild ledger to order new decorations!\"/pause 500/faceDirection MarlonFay 3 true/pause 500/speak MarlonFay \"Keep up the great work, @.$0\"/pause 500/globalFade/viewport -1000 -1000/end dialogueWarpOut MarlonFay \"Any of those lamps or barrels in the ledger interest you?$0#$e#Err. The potted plants are from Marnie's.$2\""
  }
},

{
     "Action": "Load", //32x32
   "Target": "Characters/BombCrate",
   "FromFile": "Assets/CharacterFiles/OverworldSprites/Miscellaneous/BombCrate.png"
},
{
     "Action": "Load", //16x32
   "Target": "Characters/GilSprite",
   "FromFile": "Assets/CharacterFiles/OverworldSprites/Miscellaneous/GilSprite.png"
},


{ //Clint's special order #2 - removes summit boulder   ---> Quest is added to journal automatically
  "Action": "EditData",
  "Target": "Data/SpecialOrders",
  "Update": "OnLocationChange",
  "Entries": {
  "Clint2": {
    "Name": "[Clint2_Name]",
    "Requester": "Clint",
    "Duration": "Month",
    "Repeatable": "False",
    "RequiredTags": "event_8050107, !event_8050109",
    "OrderType": "QF:RSVSpecialOrders",
    "SpecialRule": "",
    "Text": "[Clint2_Text]",
    "ItemToRemoveOnEnd": null,
    "MailToRemoveOnEnd": null,
    "RandomizedElements": null,
    "Objectives": [
      {
        "Type": "Donate",
        "Text": "[Clint2_Objective_1_Text]",
        "RequiredCount": "20", //2000g
        "Data": {
          "DropBox": "ClintCrate",
          "DropBoxGameLocation": "Blacksmith",
          "DropBoxIndicatorLocation": "13 13.3",
          "AcceptedContextTags": "item_iridium_ore"
        }
      },
    {
        "Type": "Donate",
        "Text": "[Clint2_Objective_2_Text]",
        "RequiredCount": "20", //1000g
        "Data": {
          "DropBox": "ClintCrate",
          "DropBoxGameLocation": "Blacksmith",
          "DropBoxIndicatorLocation": "13 13.3",
          "AcceptedContextTags": "item_coal"
        }
      },
    ],
    "Rewards": [
      {
        "Type": "Money",
        "Data": {
          "Amount": "3000"
        }
      },
      {
        "Type": "Mail",
        "Data": {
          "MailReceived": "RailroadBoulderRemoved"
        }
      },
      {
        "Type": "Friendship",
        "Data": {}
      }
    ]
  },
 },
},

{   //Clint's special order strings
    "Action": "EditData",
    "Target": "Strings/SpecialOrderStrings",
    "Entries": {
       "Clint2_Name": "The Railroad Boulder",
       "Clint2_Text": "I need these materials to craft an explosive powerful enough to destroy the boulder blocking the summit.",
       "Clint2_Objective_1_Text": "Drop off iridium ore at Clint's crate.",
     "Clint2_Objective_2_Text": "Drop off coal at Clint's crate."
  }
},

{    //Removes railroad boulder
     "Action": "EditMap",
   "Target": "Maps/Railroad",
   "FromFile": "Assets/Maps/MapPatches/RemoveRailroadBoulder.tbin",
   "When": { "HasSeenEvent": "8050109" },
   "ToArea": { "X": 43, "Y": 23, "Width": 4, "Height": 3 },
   "Update": "OnLocationChange"
},

{    //Railroad boulder - part 1
   "Action": "EditData",
   "Target": "data/events/Railroad",
   "When": { "HasWalletItem": "SkullKey", "HasWalletItem": "RustyKey" },
   "Entries": {
   "8050107/t 600 1500/H": "continue/-500 -500/farmer 33 26 1 Clint 45 26 0 MarlonFay 14 19 0 Susan 43 51 0/positionOffset MarlonFay 4 15/positionOffset Susan -12 -6/viewport 44 32 clamp true/viewport move 0 -1 5000 true/skippable/move farmer 10 0 1 true/pause 6250/faceDirection Clint 3 true/pause 500/speak Clint \"Oh. Hi, @.$0\"/pause 500/faceDirection Clint 0 true/pause 500/speak Clint \"Lewis hired me to get rid of this boulder. It's gonna require an explosive that packs a punch.$0#$b#Problem is, the materials I need to make it aren't exactly easy to come by...$2\"/pause 500/jump farmer/pause 1150/faceDirection Clint 3 true/pause 500/speak Clint \"You'll help me out? That's kind of you.$0#$b#Meet me at my house. We can go over the list of materials I need.$1\"/pause 500/globalFade/viewport -1000 -1000/end dialogue Lewis \"Ah, the summit boulder? I commissioned Clint for some of his handiwork to deal with it.$0\""
   },
},

{    //Railroad boulder - part 2   <<ID tagged in framework
   "Action": "EditData",
   "Target": "data/events/Blacksmith",
   "Entries": {
   "8050108/e 8050107": "continue/-500 -500/farmer 5 19 0 Clint 7 12 0/pause 700/viewport 8 15 true/skippable/move farmer 0 -3 1/move farmer 2 0 0/move farmer 0 -1 0/pause 1300/emote farmer 40/pause 500/faceDirection Clint 3 true/pause 200/faceDirection Clint 2 true/pause 300/emote Clint 16 true/speak Clint \"Oh! Hey, @.$0#$b#Sorry. Didn't hear you over the furnace.$1\"/pause 1000/move Clint 0 1 2/pause 500/speak Clint \"I need coal and iridium ore to make a bomb powerful enough to destroy that boulder.$0#$b#You can drop off the materials in that crate to your right.$0\"/pause 500/faceDirection farmer 1 true/pause 500/speak Clint \"Er... thanks for helping me.$0#$b#Check your journal for the specific amounts.$0\"/pause 500/faceDirection farmer 0 true/pause 500/emote farmer 32 true/pause 400/globalFade/viewport -1000 -1000/pause 500/end dialogue Clint \"So uhh... how are you going to get that iridium, anyway?$0\""
   },
},

{    //Railroad boulder - part 3  <<ID tagged for map patch
   "Action": "EditData",
   "Target": "data/events/farmhouse",
   "Entries": {
   "8050109/n RailroadBoulderRemoved/t 600 630": "none/-500 -500/Clint -10 -10 0/pause 1500/playSound thunder_small/pause 3000/message \"An explosion was heard during the morning...\"/pause 1500/addConversationTopic railroadBoulder/end"
   },
},


     //summit dialogue additions
{
   "Action": "EditData",
   "Target": "characters/dialogue/Clint",
   "Entries": {
   "railroadBoulder": "Er... that boulder is gone now.$0#$e#I'd check out the summit, but it's too far a climb for me.$0",
     },
},

{
   "Action": "EditData",
   "Target": "characters/dialogue/Lewis",
   "Entries": {
   "railroadBoulder": "The boulder removal was a success!$1#$e#Say, do you think this'll improve my public relations?$0",
     },
},

{
   "Action": "EditData",
   "Target": "characters/dialogue/Susan",
   "Entries": {
   "railroadBoulder": "@! The summit is open again!$1",
     },
},

{
   "Action": "EditData",
   "Target": "characters/dialogue/Leah",
   "Entries": {
   "railroadBoulder": "Since we can get to the summit now, maybe I'll start hiking again.$0",
     },
},

{
   "Action": "EditData",
   "Target": "characters/dialogue/Kent",
   "Entries": {
   "railroadBoulder": "So, the summit is open?$0#$e#Would be nice to get my mind off things with a long walk.$1",
     },
},

{
   "Action": "EditData",
   "Target": "characters/dialogue/Linus",
   "When": { "Season": "Spring" },
   "Entries": {
   "railroadBoulder": "Good forage can be found at the summit, @. There's plenty to go around!$0#$b#Here, I'll share some with you.[20]$1",
     },
},

{
   "Action": "EditData",
   "Target": "characters/dialogue/Linus",
   "When": { "Season": "Summer" },
   "Entries": {
   "railroadBoulder": "Good forage can be found at the summit, @. There's plenty to go around!$0#$b#Here, I'll share some with you.[396]$1",
     },
},

{
   "Action": "EditData",
   "Target": "characters/dialogue/Linus",
   "When": { "Season": "Fall" },
   "Entries": {
   "railroadBoulder": "Good forage can be found at the summit, @. There's plenty to go around!$0#$b#Here, I'll share some with you.[422]$1",
     },
},

{
   "Action": "EditData",
   "Target": "characters/dialogue/Linus",
   "When": { "Season": "Winter" },
   "Entries": {
   "railroadBoulder": "Good forage can be found at the summit, @. There's plenty to go around!$0#$b#Here, I'll share some with you [414]$1",
     },
},


     //Summit schedule additions

{    //Kent summit
   "Action": "EditData",
   "Target": "characters/schedules/Kent",
   "When": { "HasSeenEvent": "8050109" },
   "Entries": {
     "Thu": "700 SamHouse 4 13 2/1000 Summit 11 13 0/2000 SamHouse 21 5 3 kent_sleep",
   "Wed": "700 SamHouse 4 13 2/800 Town 33 106 2/1200 Summit 11 13 0/2030 SamHouse 21 5 3 kent_sleep",
     },
},
{
      "Action": "EditData",
      "Target": "Characters/Dialogue/Kent",
    "When": { "HasSeenEvent": "8050109" },
      "Entries": {
    "Summit_11_13": "Hiking has become a hobby of mine. Good workout and pretty view.$1",
    },
},

{    //Leah summit
   "Action": "EditData",
   "Target": "characters/schedules/Leah",
   "When": { "HasSeenEvent": "8050109" },
   "Entries": {
     "Sun": "610 LeahHouse 11 13 0/700 Summit 11 13 0/2000 LeahHouse 3 4 2 leah_sleep",
    },
},
{
      "Action": "EditData",
      "Target": "Characters/Dialogue/Leah",
    "When": { "HasSeenEvent": "8050109" },
      "Entries": {
    "Summit_11_13": "You hiked up here too, @?$0",
    },
},

{    //Susan summit
   "Action": "EditData",
   "Target": "characters/schedules/Susan",
   "When": { "HasSeenEvent": "8050109" },
   "Entries": {
   "spring": "830 Custom_SusanHouse 27 15 0/930 Summit 11 13 0/1400 Custom_SusanHouse 3 19 0 Susan_Craft/2100 Custom_SusanHouse 24 15 0/2210 Custom_SusanHouse 24 6 1 Susan_Sleep",
     "spring_Sat": "830 Custom_SusanHouse 27 15 0/930 Summit 11 13 0/1400 Custom_SusanHouse 3 19 0 Susan_Craft/2100 Custom_SusanHouse 24 15 0/2210 Custom_SusanHouse 24 6 1 Susan_Sleep",
   "summer_Sat": "830 Custom_SusanHouse 25 15 0/930 Summit 11 13 0/1400 Custom_SusanHouse 3 19 0 Susan_Craft/2100 Custom_SusanHouse 24 15 0/2210 Custom_SusanHouse 24 6 1 Susan_Sleep",
   "fall_Sat": "830 Custom_SusanHouse 26 15 0/930 Summit 11 13 0/1400 Custom_SusanHouse 3 19 0 Susan_Craft/2100 Custom_SusanHouse 24 15 0/2210 Custom_SusanHouse 24 6 1 Susan_Sleep",
   "winter_Tue": "620 Custom_SusanHouse 27 15 0/730 Custom_SusanHouse 3 19 0 Susan_Craft/1300 Summit 11 13 0 Susan_Gaze/1800 Custom_SusanHouse 25 15 0/2130 Custom_SusanHouse 24 6 1 Susan_Sleep",
   "winter_Sun": "830 Custom_SusanHouse 28 15 0/930 Summit 21 25 0/1500 Custom_SusanHouse 3 19 0 Susan_Craft/2000 Custom_SusanHouse 24 15 0/2130 Custom_SusanHouse 24 6 1 Susan_Sleep",
    },
},
{
      "Action": "EditData",
      "Target": "Characters/Dialogue/Susan",
    "When": { "HasSeenEvent": "8050109" },
      "Entries": {
    "Summit_11_13": "Breathtaking up here.$0",
    "Summit_21_25": "I wonder what her story was...$2"
    },
},

{    //Linus summit
   "Action": "EditData",
   "Target": "characters/schedules/Linus",
   "When": { "HasSeenEvent": "8050109" },
   "Entries": {
   "fall_Mon": "700 Mountain 28 9 1/1000 Summit 17 20 0/1800 Tent 2 2 2 linus_sleep",
   "fall_Tue": "700 Mountain 30 9 3/1030 Summit 17 20 0/1900 Tent 2 2 2 linus_sleep",
   "winter_Mon": "700 Mountain 28 9 1/1000 Summit 17 20 0/1800 Tent 2 2 2 linus_sleep"
    },
},
{
     "Action": "EditData",
     "Target": "Characters/Dialogue/Linus",
   "When": { "HasSeenEvent": "8050109" },
     "Entries": {
   "Summit_17_20": "Nature isn't afraid of showing you her true beauty. The view up here is proof enough of that.$1",
    },
},


// *** START GRANDPAS SHED QUEST LINE CODE *** //


{
  "Action": "EditData",
  "Target": "Data/SpecialOrders",
  "Update": "OnLocationChange",
  "Entries": {
  "Robin3": {
    "Name": "[Robin3_Name]",
    "Requester": "Robin",
    "Duration": "Month",
    "Repeatable": "False",
    "RequiredTags": "event_2554902, !event_2554907",
    "OrderType": "QF:RSVSpecialOrders",
    "SpecialRule": "",
    "Text": "[Robin3_Text]",
    "ItemToRemoveOnEnd": null,
    "MailToRemoveOnEnd": null,
    "RandomizedElements": null,
    "Objectives": [
     {
        "Type": "Donate",
        "Text": "[Robin3_Objective_1_Text]",
        "RequiredCount": "150",
        "Data": {
          "DropBox": "RobinTrunk",
          "DropBoxGameLocation": "Custom_GrandpasShedRuins",
          "DropBoxIndicatorLocation": "17.5 9",
          "AcceptedContextTags": "item_hardwood"
       }
     },
   {
        "Type": "Donate",
        "Text": "[Robin3_Objective_2_Text]",
        "RequiredCount": "600",
        "Data": {
          "DropBox": "RobinTrunk",
          "DropBoxGameLocation": "Custom_GrandpasShedRuins",
          "DropBoxIndicatorLocation": "17.5 9",
          "AcceptedContextTags": "item_stone"
       }
     },
   {
        "Type": "Donate",
        "Text": "[Robin3_Objective_3_Text]",
        "RequiredCount": "50",
        "Data": {
          "DropBox": "RobinTrunk",
          "DropBoxGameLocation": "Custom_GrandpasShedRuins",
          "DropBoxIndicatorLocation": "17.5 9",
          "AcceptedContextTags": "item_iron_bar"
       }
     },
   {
        "Type": "Donate",
        "Text": "[Robin3_Objective_4_Text]",
        "RequiredCount": "20",
        "Data": {
          "DropBox": "RobinTrunk",
          "DropBoxGameLocation": "Custom_GrandpasShedRuins",
          "DropBoxIndicatorLocation": "17.5 9",
          "AcceptedContextTags": "item_battery_pack"
       }
     },
    ],
    "Rewards": [
      {
        "Type": "Mail",
        "Data": {
          "MailReceived": "ShedRepaired"
        }
      },
      {
        "Type": "Friendship",
        "Data": {}
      }
    ]
  },
 },
},




{   //Robin's grandpa shed strings
    "Action": "EditData",
    "Target": "Strings/SpecialOrderStrings",
    "Entries": {
       "Robin3_Name": "Grandpa's Shed",
       "Robin3_Text": "If I gather these materials, Robin will refurbish my grandpa's old shed. There's a trunk in the building where I can drop them off.",
       "Robin3_Objective_1_Text": "Drop off hardwood.",
     "Robin3_Objective_2_Text": "Drop off stone.",
     "Robin3_Objective_3_Text": "Drop off iron bars.",
     "Robin3_Objective_4_Text": "Drop off battery packs.",
  }
},


{    //Configuration - Clears refurbished shed interior of static objects (barrels, desks, boxes, etc.)
     "Action": "EditMap",
     "Target": "Maps/Custom_GrandpasShedGreenhouse,Maps",
     "FromFile": "assets/Maps/GrandpasShed/GrandpasShedGreenhouseCleared.tbin",
   "ToArea": { "X": 0, "Y": 0, "Width": 35, "Height": 22 },
   "When": { "RemoveObjectsFromGrandpasShed": "true" }
},  
{
     "Action": "EditMap",
     "Target": "Maps/Custom_GrandpasShed,Maps",
     "FromFile": "assets/Maps/GrandpasShed/GrandpasShedCleared.tbin",
   "ToArea": { "X": 0, "Y": 0, "Width": 32, "Height": 18 },
   "When": { "RemoveObjectsFromGrandpasShed": "true" }
},


{    //Bus Stop shed path (No Grandpa's Farm or IF2R)
     "Action": "EditMap",
     "Target": "Maps/BusStop",
     "FromFile": "Assets/Maps/GrandpasShed/BusStopShedPath.tbin",
   "When": { "HasMod |contains=alistairweekend.TSCCharacters": false },
     "ToArea": { "X": 0, "Y": 24, "Width": 10, "Height": 6 }
},
{    //Bus Stop shed path - stray cafe compatibility (No Grandpa's Farm or IF2R)
     "Action": "EditMap",
     "Target": "Maps/BusStop",
     "FromFile": "Assets/Maps/GrandpasShed/BusStopShedPathStrayCafe.tbin",
   "When": { "HasMod": "alistairweekend.TSCCharacters" },
     "ToArea": { "X": 0, "Y": 24, "Width": 10, "Height": 6 }
},


{    //Immersive Farm 2 Remastered Shed warp tiles
     "Action": "EditMap",
     "Target": "Maps/Custom_GrandpasShed",
     "FromFile": "Assets/Maps/GrandpasShed/Warps_GrandpasShed_IF2R.tbin",
   "When": { "HasMod": "flashshifter.immersivefarm2remastered", "FarmType": "Standard" },
     "ToArea": { "X": 15, "Y": 17, "Width": 2, "Height": 1 }
},
{    
     "Action": "EditMap",
     "Target": "Maps/Custom_GrandpasShedRuins",
     "FromFile": "Assets/Maps/GrandpasShed/Warps_GrandpasShed_IF2R.tbin",
   "When": { "HasMod": "flashshifter.immersivefarm2remastered", "FarmType": "Standard" },
     "ToArea": { "X": 15, "Y": 17, "Width": 2, "Height": 1 }
},

{    //Grandpa's Farm Shed warps tiles
     "Action": "EditMap",
     "Target": "Maps/Custom_GrandpasShed",
     "FromFile": "Assets/Maps/GrandpasShed/Warps_GrandpasShed_GF.tbin",
   "When": { "HasMod": "flashshifter.GrandpasFarm", "FarmType": "Standard" },
     "ToArea": { "X": 15, "Y": 17, "Width": 2, "Height": 1 }
},
{
     "Action": "EditMap",
     "Target": "Maps/Custom_GrandpasShedRuins",
     "FromFile": "Assets/Maps/GrandpasShed/Warps_GrandpasShed_GF.tbin",
   "When": { "HasMod": "flashshifter.GrandpasFarm", "FarmType": "Standard" },
     "ToArea": { "X": 15, "Y": 17, "Width": 2, "Height": 1 }
},


     //* Start Events *//


{    //Event #1 - tags player entering grandpas shed
   "Action": "EditData",
   "Target": "data/events/Custom_GrandpasShedRuins",
   "Entries": {
   "2554901/H": "continue/15 11/farmer 15 16 0/skippable/move farmer 0 -4 0/pause 700/faceDirection farmer 1 true/pause 1150/faceDirection farmer 0 true/pause 250/faceDirection farmer 3 true/pause 1200/faceDirection farmer 0 true/pause 600/emote farmer 40 true/pause 600/end position 15 12"
   
   },
},


{    //Event #2 - Robin's Inspection
   "Action": "EditData",
   "Target": "data/events/Farmhouse",
   "When": { "HasSeenEvent": "2554901" },
   "Entries": {
   "2554902/H/t 700 1500": "continue/-500 -500/farmer 64 15 2 Robin 64 17 0/skippable/pause 1000/playSound stoneStep/pause 300/playSound stoneStep/pause 300/playSound stoneStep/pause 300/playSound stoneStep/pause 300/pause 800/message \"Someone's knocking on the front door.\"/changeLocation farm/pause 500/playSound doorOpen/pause 500/positionOffset farmer 0 -20/positionOffset Robin 10 -25/viewport 64 16 clamp true/pause 1000/speak Robin \"Hey @!$0#$b#I'm about to check the structural integrity of that abandoned shed on your property!$0#$b#I'm licensed by the 'Ferngill Republic Building Association' to make sure abandoned buildings aren't on the verge of collapsing...$0\"/pause 1000/faceDirection Robin 1 true/pause 1300/faceDirection Robin 0 true/pause 500/speak Robin \"If you have a moment, you can watch my inspection progress.$0\"/pause 500/globalFade/viewport -1000 -1000/changeLocation Custom_GrandpasShedRuins/warp Robin 16 7/warp farmer 16 10/faceDirection farmer 0 true/faceDirection Robin 0 true/playSound doorClose/pause 600/playSound doorClose/pause 400/stopMusic/pause 200/viewport 16 9 true/pause 1700/faceDirection Robin 3 true/pause 1600/faceDirection Robin 0 true/pause 250/faceDirection Robin 1 true/pause 1600/faceDirection Robin 2 true/pause 1000/animate Robin false true 200 34 35/textAboveHead Robin \"Hmm...\"/pause 3500/stopAnimation Robin/pause 800/speak Robin \"I could actually refurbish this shed if I had the materials.$0#$b#It'd be a challenge, that's for sure!$1\"/pause 200/emote farmer 16/jump farmer/pause 1000/speak Robin \"Visit me at my workshop and we can talk more about the specifics.$0\"/pause 500/globalFade/viewport -1000 -1000/pause 750/end dialogue Robin \"Whenever you want to discuss repairing that shed, find me at my workshop.$0\""
   
   },
},
{    //Event #2 - Robin's Inspection (Grandpa's Farm viewport)
   "Action": "EditData",
   "Target": "data/events/Farmhouse",
   "When": { "HasSeenEvent": "2554901", "HasMod": "flashshifter.GrandpasFarm", "FarmType": "Standard",  },
   "Entries": {
   "2554902/H/t 700 1500": "continue/-500 -500/farmer 95 49 2 Robin 95 51 0/skippable/pause 1000/playSound stoneStep/pause 300/playSound stoneStep/pause 300/playSound stoneStep/pause 300/playSound stoneStep/pause 300/pause 800/message \"Someone's knocking on the front door.\"/changeLocation farm/pause 500/playSound doorOpen/pause 500/positionOffset farmer 0 -20/positionOffset Robin 10 -25/viewport 95 49 clamp true/pause 1000/speak Robin \"Hey @!$0#$b#I'm about to check the structural integrity of that abandoned shed on your property!$0#$b#I'm licensed by the 'Ferngill Republic Building Association' to make sure abandoned buildings aren't on the verge of collapsing...$0\"/pause 1000/faceDirection Robin 3 true/pause 1300/faceDirection Robin 0 true/pause 500/speak Robin \"If you have a moment, you can watch my inspection progress.$0\"/pause 500/globalFade/viewport -1000 -1000/changeLocation Custom_GrandpasShedRuins/warp Robin 16 7/warp farmer 16 10/faceDirection farmer 0 true/faceDirection Robin 0 true/playSound doorClose/pause 600/playSound doorClose/pause 400/stopMusic/pause 200/viewport 16 9 true/pause 1700/faceDirection Robin 3 true/pause 1600/faceDirection Robin 0 true/pause 250/faceDirection Robin 1 true/pause 1600/faceDirection Robin 2 true/pause 1000/animate Robin false true 200 34 35/textAboveHead Robin \"Hmm...\"/pause 3500/stopAnimation Robin/pause 800/speak Robin \"I could actually refurbish this shed if I had the materials.$0#$b#It'd be a challenge, that's for sure!$1\"/pause 200/emote farmer 16/jump farmer/pause 1000/speak Robin \"Visit me at my workshop and we can talk more about the specifics.$0\"/pause 500/globalFade/viewport -1000 -1000/pause 750/end dialogue Robin \"Whenever you want to discuss repairing that shed, find me at my workshop.$0\""
   
   },
},


{    //Event #3 - Robin's material list     <<Tagged for framework
   "Action": "EditData",
   "Target": "data/events/ScienceHouse",
   "Entries": {
   "2554903/H/e 2554902": "none/-500 -500/farmer 6 24 0 Robin 7 18 2 Maru 27 9 1 Sebastian 29 9 3 Demetrius 19 18 0/playMusic jaunty/viewport 7 21 true/skippable/speed farmer 1/move farmer 0 -2 0/pause 300/jump Robin/pause 900/faceDirection Robin 3 true/pause 250/faceDirection Robin 0 true/pause 300/speed Robin 4/move Robin 0 -1 3/speed Robin 4/move Robin -2 0 2/speed Robin 4/move Robin 0 3 1/speed Robin 4/move Robin 1 0 2/pause 400/speak Robin \"Hey! I know what materials I need! So let's get right to business.$1#$b#I'm estimating 150 pieces of hardwood, 600 pieces of stone, 50 iron bars, and 20 battery packs...$0\"/pause 500/emote farmer 16/pause 500/speak Robin \"There's a lot of rotten wood and rust. That's what age can do to a building over the years.$0\"/pause 500/emote farmer 40/pause 200/speak Robin \"There's no rush on this project, @. Gather the materials on your own time!$1#$b#I put a trunk in the building for you to drop off materials as you procure them.$0\"/pause 500/globalFade/viewport -1000 -1000/end dialogue Robin \"I'll put my craftsmanship skills to the test with this project!$1#$e#I'm crafting a special storage chest for the project. We'll need more than just hardwood to refurbish the shed.$0\"",
   
   },
},


{    //Event #4 - Quest Complete
   "Action": "EditData",
   "Target": "data/events/farm",
   "Entries": {
   "2554906/n ShedRepaired": "continue/-500 -500/farmer 6 24 0 Robin 7 18 2/skippable/pause 1000/speak Robin \"I checked over all the materials you gathered, good job!$1#$b#You did your part, now I'll do mine. I work fast, so the shed should be refurbished tomorrow!$0\"/pause 500/emote farmer 32/pause 300/end dialogue Robin \"%Robin is busy.\""
   },
},


{    //Event #5 - Refurbished interior
   "Action": "EditData",
   "Target": "data/events/Custom_GrandpasShed",
   "When": { "HasSeenEvent": "2554906" },
   "Entries": {
   "2554907": "none/-500 -500/farmer -200 -200 0 Robin 13 13 0/skippable/viewport 16 9 true/playMusic jaunty/pause 2500/playSound doorClose/warp farmer 16 16/pause 300/move farmer 0 -2 0 true/pause 300/faceDirection Robin 1 true/pause 600/emote farmer 16/pause 200/speak Robin \"Hey @!$1\"/pause 200/faceDirection farmer 3 true/pause 700/speak Robin \"So... what do you think?$0#$b#You may have seen new window panes on the roof.#$b#There's a great space to grow plants up there now.\"/pause 500/jump farmer/pause 1000/speak Robin \"I couldn't have fixed it up without all the materials you gathered.$1#$b#I actually had a lot of fun and learned some new things.$0\"/pause 1000/faceDirection Robin 0/pause 750/speak Robin \"There was some leftover hardwood, so I crafted a few casks for the heck of it!$1#$b#This bottom floor would be great for aging wine...$0\"/pause 750/faceDirection Robin 1 true/pause 700/speak Robin \"Well, enjoy the refurbished shed @!$1\"/pause 500/end dialogue Robin \"Oh, I almost forgot! There are some plants upstairs already, a gift from Susan. She thought you'd appreciate some plants to get your greenhouse started!$1#$e#Mmm, I wonder if she wants a greenhouse of her own?$0\""
   },
},


{    //Refurbished Shed (No IF2R or Grandpa's Farm)
     "Action": "EditMap",
     "Target": "Maps/Custom_GrandpasShedOutside",
     "FromFile": "Assets/Maps/GrandpasShed/GrandpasShedFixed2.tbin",
   "When": { "GrandpaShedComplete": true },
     "ToArea": { "X": 16, "Y": 6, "Width": 12, "Height": 12 }
},
{    //Refurbished Shed (IF2R)
     "Action": "EditMap",
     "Target": "Maps/Farm",
     "FromFile": "Assets/Maps/GrandpasShed/FarmShedFixed.tbin",
   "When": { "GrandpaShedComplete": true, "HasMod": "flashshifter.immersivefarm2remastered", "FarmType":"Standard", "HasSeenEvent |Contains=2554908": false },
     "ToArea": { "X": 138, "Y": 23, "Width": 12, "Height": 12 },
   "Update": "OnLocationChange"
},

//Grandpa's Farm Patch found in content json >>> quest continued (3 more parts)



{    //If players updated to SVE 1.12.13 and lost their Grandpa Shed quest progress (hardwood manifest complete, no iron )
   "Action": "EditData",
   "Target": "data/events/farmhouse",
   "Entries": {
   "2554999/e 2554904/k 2554907/H": "continue/-500 -500/Robin -10 -10 0/pause 1500/playSound junimoMeep1/pause 300/playSound junimoMeep1/pause 500/playSound junimoMeep1/pause 100/message \"Hey there! It's me, FlashShifter, the developer of Stardew Valley Expanded. If you're getting this message, there's something I need talk to you about...\"/pause 500/playSound junimoMeep1/pause 300/playSound junimoMeep1/pause 400/playSound junimoMeep1/pause 350/playSound junimoMeep1/pause 200/message \"The Grandpa's Shed questline received a huge overhaul in the SVE 1.12.13 update, which means the materials you've donated so far are lost forever...\"/pause 500/playSound junimoMeep1/pause 300/playSound junimoMeep1/pause 100/message \"But don't give up hope! You can install CJB Cheats Menu and get those lost resources back! I apologize for the inconvenience!\"/pause 1000/end"
   },
},
{    //If players updated to SVE 1.12.13 and lost their Grandpa Shed quest progress (iron manifest complete, no battery )
   "Action": "EditData",
   "Target": "data/events/farmhouse",
   "Entries": {
   "2554999/e 2554905/k 2554907/H": "continue/-500 -500/Robin -10 -10 0/pause 1500/playSound junimoMeep1/pause 300/playSound junimoMeep1/pause 500/playSound junimoMeep1/pause 100/message \"Hey there! It's me, FlashShifter, the developer of Stardew Valley Expanded. If you're getting this message, there's something I need talk to you about...\"/pause 500/playSound junimoMeep1/pause 300/playSound junimoMeep1/pause 400/playSound junimoMeep1/pause 350/playSound junimoMeep1/pause 200/message \"The Grandpa's Shed questline received a huge overhaul in the SVE 1.12.13 update, which means the materials you've donated so far are lost forever...\"/pause 500/playSound junimoMeep1/pause 300/playSound junimoMeep1/pause 100/message \"But don't give up hope! You can install CJB Cheats Menu and get those lost resources back! I apologize for the inconvenience!\"/pause 1000/end"
   },
},



{  //Apples's special order - vineyard quest
  "Action": "EditData",
  "Target": "Data/SpecialOrders",
  "Update": "OnLocationChange",
  "Entries": {
  "Apples": {
    "Name": "[Apples_Name]",
    "Requester": "Apples",
    "Duration": "Month",
    "Repeatable": "False",
    "RequiredTags": "event_77759294, !event_7775927",
    "OrderType": "QF:RSVSpecialOrders",
    "SpecialRule": "",
    "Text": "[Apples_Text]",
    "ItemToRemoveOnEnd": null,
    "MailToRemoveOnEnd": null,
    "RandomizedElements": null,
    "Objectives": [
     {
        "Type": "Donate",
        "Text": "[Apples_Objective_1_Text]",
        "RequiredCount": "200",
        "Data": {
          "DropBox": "ApplesJunimoTile",
          "DropBoxGameLocation": "Custom_AuroraVineyard",
          "DropBoxIndicatorLocation": "50 50",   //20 6.3
          "AcceptedContextTags": "item_starfruit"
       }
     },
    ],
    "Rewards": [
      {
        "Type": "Mail",
        "Data": {
          "MailReceived": "ApplesNowHappy"
        }
      },
      {
        "Type": "Friendship",
        "Data": {}
      }
    ]
  },
 },
},

{   //Apple's quest strings
    "Action": "EditData",
    "Target": "Strings/SpecialOrderStrings",
    "Entries": {
       "Apples_Name": "Aurora Vineyard",
       "Apples_Text": "A forest spirit is requesting starfruit.",
       "Apples_Objective_1_Text": "Leave starfruit on the Junimo plaque in Aurora Vineyard.",
  }
},


{   //Event #1 - The Junimo Tile        <<To start quest: Community Center must be built, player visited Lost Woods at least once, played for 138 days, event triggers in farmhouse at start of day
  "Action": "EditData",
  "Target": "data/events/farmhouse",
  "Entries": { 
    "77759254/e 191393/e 1000037/j 138/t 600 630/H": "none/-500 -500/Abigail -301 -301 2/pause 1500/changeLocation Custom_ForestWest/viewport 58 16 true/pause 2000/playSound junimoMeep1/pause 700/playSound junimoMeep1/pause 400/playSound junimoMeep1/pause 300/playSound junimoMeep1/globalFade/viewport -1000 -1000/pause 1500/message \"You sense something west of Cindersap Forest...\"/pause 1250/end dialogue Abigail \"I couldn't sleep last night...$2#$b#I felt as if 'something' was calling to me deep in the forest.$0#$e#Strange, right?$1\"",
  },
},


{   //Event #2 - ???          <<Tagged by quest
  "Action": "EditData",
  "Target": "data/events/Custom_AuroraVineyard",
  "Entries": { 
    "77759294/e 77759254/k 7775927/H": "continue/-500 -500/farmer 11 12 0/pause 500/viewport 11 10 true/viewport move 0 -1 2000 true/skippable/move farmer 0 -4 0 true/pause 1000/playSound junimoMeep1/pause 900/playSound junimoMeep1/pause 400/faceDirection farmer 1 true/pause 500/emote farmer 8/pause 300/viewport move 1 0 4500 true/move farmer 9 0 0 true/pause 800/playSound junimoMeep1/pause 1200/playSound junimoMeep1/pause 1000/playSound junimoMeep1/pause 1750/playSound junimoMeep1/pause 1000/playSound junimoMeep1/pause 300/playSound junimoMeep1/pause 500/faceDirection farmer 3 true/pause 600/playSound junimoMeep1/pause 600/faceDirection farmer 0 true/pause 300/faceDirection farmer 1 true/pause 400/playSound junimoMeep1/pause 600/faceDirection farmer 0 true/pause 1150/emote farmer 40/pause 600/message \"The symbols vaguely look like the language of the Junimo, but I'm unable to make out what they say...\"/pause 500/playSound junimoMeep1/pause 400/playSound junimoMeep1/end position 20 8"
  },
},


{   //Event #3 - The Junimo Scroll     <<Tagged by framework
  "Action": "EditData",
  "Target": "data/events/forest",
  "Entries": { 
    "7775926/e 77759294/H": "continue/-500 -500/farmer 20 53 0 Wizard -100 -100 1 Camilla -101 -101 0/skippable/pause 1000/showFrame Wizard 16/viewport 20 50 clamp true/viewport move 0 -1 3250/move farmer 0 -7 0 true/pause 3200/screenFlash 2/playSound wand/warp Wizard 20 44/positionOffset Wizard 20 0/pause 450/jump farmer/pause 500/faceDirection Wizard 2 true/pause 500/speak Wizard \"@. Intense magic is surrounding you? What have you done?$0\"/pause 400/emote farmer 40/pause 400/speak Wizard \"Hmm? Junimo activity in the abandoned vineyard? Most interesting.$0#$b#And what of the object you're carrying?\"/pause 500/emote farmer 8 true/pause 1000/message \"I feel something in my pocket...\"/pause 700/faceDirection farmer 3 true/pause 400/showFrame farmer 89 true/pause 500/playSound newRecipe/pause 200/addTemporaryActor JunimoScroll 10 11 20 46 2 false/positionOffset JunimoScroll -15 -5/pause 1500/message \"What is this doing here?\"/pause 1000/warp JunimoScroll -50 -50/playSound newRecipe/pause 400/faceDirection farmer 3 true/pause 500/faceDirection farmer 0 true/pause 500/speak Wizard \"That miraculous golden scroll is enchanted with forest magic.$0#$b#...$0#$b#Please. Follow me to my abode. This will require a thorough arcane analysis.$0\"/pause 500/globalFade/viewport -1000 -1000/stopMusic/playSound doorClose/changeLocation WizardHouse/faceDirection farmer 0 true/pause 200/playSound doorClose/pause 500/warp farmer 10 19/warp Wizard 10 17/faceDirection Wizard 2 true/playMusic WizardSong/pause 1000/viewport 8 18 true/pause 1300/speak Wizard \"Hand me the scroll.$0\"/pause 700/move farmer 0 -1 0/pause 600/ShowFrame farmer 15/playSound newRecipe/pause 600/move farmer 0 0 0/pause 500/speak Wizard \"Stand back.$0\"/pause 800/faceDirection farmer 1 true/pause 200/faceDirection farmer 2 true/pause 200/move farmer 0 1 2/pause 200/faceDirection farmer 1 true/pause 250/faceDirection farmer 0 true/pause 800/showFrame Wizard 16/pause 800/glow 0 0 255/playSound healSound/pause 1200/playSound healSound/glow 0 255 0/pause 1000/shake Wizard 1000/pause 1000/emote Wizard 12/pause 800/shake Wizard 700/glow 122 122 200/playSound healSound/pause 1500/glow 100 50 20/playSound healSound/pause 1700/showFrame Wizard 0/pause 1800/showFrame Wizard 18/pause 800/speak Wizard \"...#$b#I'm unable to decipher the scroll.#$b#It's so faded that it's almost illegible, and my translation skills are... rusty.$0\"/pause 1000/emote Wizard 40/pause 700/showFrame Wizard 0/pause 500/speak Wizard \"I will call a good friend for assistance.$0#$b#She excels in ancient languages.$0\"/pause 700/showFrame Wizard 16/pause 1000/shake Wizard 1000/pause 1700/showFrame Wizard 0/pause 400/speak Wizard \"She's arriving momentarily.\"/pause 400/emote farmer 8/pause 400/speak Wizard \"Ah. Who did I contact?$0#$b#The witch of-$0\"/screenFlash 2/playSound wand/warp Camilla 10 21/playMusic cm:EnchantedWaltz/pause 300/faceDirection farmer 1 true/pause 200/faceDirection farmer 2 true/pause 100/jump farmer/showFrame farmer 94 true/pause 900/move farmer 0 0 2/speak Camilla \"My, my. Hello there, dear.$0\"/pause 200/screenFlash 2/playSound wand/warp Camilla 8 17/faceDirection Camilla 1 true/pause 500/faceDirection Wizard 3 true/pause 400/faceDirection farmer 3 true/pause 300/speak Camilla \"You requested my help, Razzy?$1\"/speak Wizard \"...#$b#This scroll. What can you make of it?$0\"/pause 400/speak Camilla \"Mmm?$0\"/pause 600/move Camilla 1 0 1 true/pause 300/faceDirection farmer 0/pause 700/showFrame Wizard 13/pause 400/showFrame Camilla 20/playSound newRecipe/pause 200/showFrame Wizard 12/pause 2000/playSound healSound/screenFlash 1/pause 600/playSound healSound/screenFlash 1/pause 1000/emote Camilla 48/pause 400/speak Camilla \"The spirit who wrote this hardly understands their own language.$1#$b#It's like reading the writing of a child...I think they must be young.$0\"/pause 500/showFrame Camilla 4/playSound newRecipe/pause 650/faceDirection Camilla 2 true/pause 500/speak Camilla \"A 'Junimo' has taken up residence in the cellar of an abandoned building west of Cindersap Forest.$0#$b#They request 200 starfruits...$5#$b#It would seem you're on the verge of making a new friend, @.$1\"/pause 200/emote farmer 32/pause 800/screenFlash 2/playSound wand/warp Camilla 10 21/faceDirection Camilla 0 true/pause 500/faceDirection Wizard 2 true/pause 300/faceDirection farmer 3 true/pause 200/faceDirection farmer 2 true/pause 200/emote farmer 16 true/pause 350/speak Camilla \"You know, @...$0#$b#I could use someone with your...$0\"/screenFlash 2/playSound wand/warp Camilla 8 19/faceDirection Camilla 1 true/pause 300/faceDirection farmer 3 true/pause 200/speak Camilla \"Abilities...$5\"/speak Wizard \"Camilla. That's enough.\"/pause 250/faceDirection Camilla 0 true/pause 300/emote Camilla 12/pause 500/move Camilla 0 -2 1 true/pause 300/faceDirection farmer 0 true/pause 300/faceDirection Wizard 3 true/pause 400/speak Camilla \"You're no fun, Razzy.$3#$b#Is that all you needed me for?$2\"/pause 500/speak Wizard \"Indeed. Thank you-\"/speak Camilla \"Adieu.$5\"/faceDirection Camilla 1 true/pause 400/showFrame Camilla 17/pause 200/showFrame Camilla 18/pause 200/showFrame Camilla 19/pause 200/screenFlash 2/playSound wand/warp Camilla -300 -300/stopMusic/pause 1200/emote Wizard 40/pause 600/playMusic WizardSong/pause 200/faceDirection Wizard 2 true/pause 400/speak Wizard \"...#$b#She has important matters to handle in Castle Village. Forgive her manners, @.$0\"/pause 1000/showFrame Wizard 18/pause 600/shake Wizard 600/pause 1000/showFrame Wizard 0/pause 500/move Wizard -2 0 2/move Wizard 0 1 3 true/pause 200/faceDirection farmer 3 true/pause 150/move Wizard -1 0 2/move Wizard 0 1 3/move Wizard -1 0 3/pause 1000/speak Wizard \"Your connection with the Junimos is fascinating.#$b#It surpasses even mine.$0\"/pause 800/faceDirection Wizard 2/pause 700/showFrame Wizard 18/pause 400/speak Wizard \"Mmm. I wonder if this is related to your deeds in the community center.$0\"/pause 700/showFrame Wizard 0/pause 500/faceDirection Wizard 1 true/pause 500/speak Wizard \"Do keep me updated.$0#$b#I'm quite fascinated by this turn of events.$0\"/pause 500/globalFade/viewport -1000 -1000/stopMusic/pause 1400/end dialogue Wizard \"Hmm? You're responsible for what transpired at the community center?#$b#Ah, yes. This explains these recent events.#$e#I believe Camilla has taken a liking to you.#$b#She can sense your arcane potential.\"",
  },
},
{    //adds Junimo Scroll temp actor   >>10x11
     "Action": "Load",
   "Target": "Characters/JunimoScroll",
   "FromFile": "Assets/CharacterFiles/OverworldSprites/Miscellaneous/JunimoScroll.png"
},


{   //Event #4 - Junimo Tile Removed - Triggers overgrown interior of Aurora Vineyard     <<Triggers map patch
  "Action": "EditData",
  "Target": "data/events/farmhouse",
  "Entries": { 
    "7775925/e 7775926/n ApplesNowHappy/H": "none/-500 -500/farmer -300 -300 2/pause 1200/changeLocation Custom_ForestWest/viewport 58 16 true/pause 1500/playSound junimoMeep1/pause 300/playSound junimoMeep1/pause 400/glow 0 255 0/pause 150/playSound healSound/pause 800/playSound junimoMeep1/pause 600/playSound junimoMeep1/pause 700/glow 0 225 0/pause 150/playSound healSound/pause 700/playSound junimoMeep1/globalFade/viewport -1000 -1000/pause 1000/message \"You sense something has happened at Aurora Vineyard.\"/pause 1000/addConversationTopic VineyardOvergrown 28/end",
  },
},

{   //Overgrows vineyard exterior
    "Action": "EditMap",
    "Target": "Maps/Custom_ForestWest",
    "FromFile": "assets/Maps/MapPatches/ForestWest_OvergrownVineyard.tbin",
  "ToArea": { "X": 50, "Y": 8, "Width": 18, "Height": 14 },
    "When": { "HasSeenEvent": "7775925" },
  "Update": "OnLocationChange"
},

{
   "Action": "EditData",
   "Target": "characters/dialogue/Andy",
   "Entries": {
     "VineyardOvergrown": "Somethin' happened to Aurora Vineyard, farmer. It's suddenly overgrown and my stuff is missin'!$2#$e#*sigh* Maybe it's time for me to move on...$8",
     },
},

{   //Event #5 - Apples Introduction - Spawns into world next day
  "Action": "EditData",
  "Target": "data/events/Custom_AuroraVineyard",
  "Entries": { 
    "7775927/e 7775925/H": "communityCenter/-500 -500/farmer -300 -300 0 Apples -100 -100 2/pause 500/viewport 16 10 true/viewport move 0 1 6000 true/skippable/pause 4000/playSound doorClose/warp farmer 14 22/pause 800/move farmer 0 -4 0/pause 1000/faceDirection farmer 3/pause 1100/faceDirection farmer 0 true/pause 300/faceDirection farmer 1/pause 1250/move farmer 7 0 2/pause 1500/emote farmer 8/pause 500/move farmer 0 3 2/warp farmer -200 -200/playSound stairsdown/pause 750/globalFade/viewport -1000 -1000/changeLocation Custom_ApplesRoom/warp Apples 5 8/showFrame Apples 32/viewport 9 8 true/pause 4000/warp farmer 14 5/playSound stairsdown/pause 500/move farmer 0 3 2/pause 270/faceDirection farmer 3 true/pause 2250/move farmer -5 0 3/pause 1000/stopMusic/pause 1000/shake Apples 500/pause 1000/shake Apples 1000/pause 1000/showFrame Apples 0/playSound pickUpItem/jump Apples/pause 1200/playMusic junimoStarSong/playSound junimoMeep1/pause 800/faceDirection Apples 1 true/pause 700/playSound junimoMeep1/pause 600/playSound junimoMeep1/speak Apples \"Spirit-friend give starfruit!$1#$b#Spirit-friend make Apples happy!$0#$b#Apples take fruit and use forest magic to decorate new home!$1\"/pause 800/move Apples 2 0 1/pause 800/playSound junimoMeep1/pause 700/playSound junimoMeep1/jump Apples/pause 800/playSound junimoMeep1/speak Apples \"Apples here! Apples me!$1#$b#Be new-friend to Apples?$1\"/pause 500/playSound junimoMeep1/pause 200/move Apples 1 0 1/pause 500/playSound junimoMeep1/jump Apples/pause 1000/move Apples 0 1 1/move Apples 2 0 0 true/pause 300/faceDirection farmer 2 true/pause 400/playSound junimoMeep1/pause 300/move Apples 0 -2 3 true/pause 300/faceDirection farmer 1 true/pause 700/move Apples -2 0 2 true/pause 200/playSound junimoMeep1/pause 100/faceDirection farmer 0 true/pause 700/move Apples 0 2 1 true/pause 300/faceDirection farmer 3 true/pause 700/move Apples 1 0 0 true/pause 250/faceDirection farmer 2 true/pause 500/jump Apples/pause 1000/playSound junimoMeep1/speak Apples \"Apples leave soon to go to village. Apples tell other-friends about new home!$0#$b#Apples come back tomorrow!$1\"/pause 650/playSound junimoMeep1/pause 400/playSound junimoMeep1/pause 500/speak Apples \"Play with Apples before trip!$1\"/pause 500/playSound junimoMeep1/pause 500/jump Apples/pause 900/jump Apples/pause 200/playSound junimoMeep1/pause 700/faceDirection Apples 1 true/pause 250/faceDirection Apples 2 true/pause 400/animate Apples false true 200 24 25 24 27/pause 800/playSound junimoMeep1/pause 500/animate farmer false true 300 102 103/pause 1000/playSound junimoMeep1/pause 700/playSound junimoMeep1/pause 1200/globalFade/viewport -1000 -1000/pause 1250/message \"I'm friends with a Junimo! Starting tomorrow, I can talk to Apples.\"/pause 1200/message \"But why isn't the vineyard repaired?...\"/pause 1000/end dialogue Wizard \"%I explain to Magnus what I experienced in Aurora Vineyard.#$e#A Junimo named 'Apples' transformed the vineyard into their home?#$b#Most intriguing. Junimos repair abandoned buildings, not make them worse.#$e#Inform me if anything transpires.\"",
  },
},

    ],
}