{
  "ForageSpawnEnabled": true,
  "LargeObjectSpawnEnabled": true,
  "OreSpawnEnabled": true,
  "MonsterSpawnEnabled": true,
  "Forage_Spawn_Settings": {
    "Areas": [
      {
        "SpringItemIndex": [
          "Ridge Cherry",
          "Mountain Arugula",
          16,
          18,
          20,
          22
        ],
        "SummerItemIndex": [
          "Mountain Chico",
          "Ridge Wild Apple",
          396,
          398,
          402,
          404
        ],
        "FallItemIndex": [
          "Autumn Drop Berry",
          "Highland Chard",
          406,
          408,
          404,
          410
        ],
        "WinterItemIndex": [
          "Frost Clump Berry",
          "Ridgeside Clementine",
          414,
          418,
          283
        ],
        "UniqueAreaID": "RSV Hike Forage",
        "MapName": "Custom_Ridgeside_RSVTheHike",
        "MinimumSpawnsPerDay": 5,
        "MaximumSpawnsPerDay": 20,
        "IncludeTerrainTypes": [
          "Grass"
        ],
        "ExcludeTerrainTypes": [],
        "IncludeCoordinates": [],
        "ExcludeCoordinates": [
          "0, 37; 79, 39",
          "0, 0; 42, 13",
          "43, 0; 79, 16"
        ],
        "StrictTileChecking": "High",
        "SpawnTiming": {
          "StartTime": 600,
          "EndTime": 600,
          "MinimumTimeBetweenSpawns": 10,
          "MaximumSimultaneousSpawns": null,
          "OnlySpawnIfAPlayerIsPresent": false,
          "SpawnSound": ""
        },
        "ExtraConditions": {
          "Years": [],
          "Seasons": [],
          "Days": [],
          "WeatherYesterday": [],
          "WeatherToday": [],
          "WeatherTomorrow": [],
          "EPUPreconditions": [],
          "LimitedNumberOfSpawns": null
        },
        "DaysUntilSpawnsExpire": 1
      },
      {
        "SpringItemIndex": [
          "Ridge Cherry",
          "Mountain Arugula",
          16,
          20
        ],
        "SummerItemIndex": [
          "Mountain Chico",
          "Ridge Wild Apple",
          396,
          398
        ],
        "FallItemIndex": [
          "Autumn Drop Berry",
          "Highland Chard",
          406,
          408
        ],
        "WinterItemIndex": [
          "Frost Clump Berry",
          "Ridgeside Clementine",
          414,
          418,
          283
        ],
        "UniqueAreaID": "RSV Village Forage",
        "MapName": "Custom_Ridgeside_RidgesideVillage",
        "MinimumSpawnsPerDay": 5,
        "MaximumSpawnsPerDay": 20,
        "IncludeTerrainTypes": [
          "Grass"
        ],
        "ExcludeTerrainTypes": [],
        "IncludeCoordinates": [],
        "ExcludeCoordinates": [
          "0,127;103,129",
          "0,0;2,129",
          "0,0; 8, 22",
          "9, 0; 30, 17",
          "31, 0; 47, 14",
          "48,0; 59, 18",
          "60, 0;72, 15",
          "73, 0; 86, 7",
          "107,0; 139, 15",
          "140, 0; 149, 20",
          "138, 31; 149, 51",
          "143, 55;149, 68",
          "146, 81; 149, 93",
          "145, 94; 149, 105",
          "104, 128; 130, 129",
          "3, 21; 9,41",
          "10, 38; 25,45",
          "18, 46; 25, 50",
          "45, 28; 125, 50",
          "65, 51; 144, 65",
          "81, 79; 114, 89",
          "129, 78; 143, 87",
          "107, 62; 128, 78",
          "79, 6; 97, 28",
          "109, 23; 124, 29",
          "125, 24; 149, 25",
          "30, 88; 35, 93",
          "126, 39; 137, 51",
          "95, 0; 101, 24",
          "101, 27; 103, 27",
          "88, 107; 104, 113",
          "96,114; 112, 119",
          "102, 120; 127, 127"
        ],
        "StrictTileChecking": "High",
        "SpawnTiming": {
          "StartTime": 600,
          "EndTime": 600,
          "MinimumTimeBetweenSpawns": 10,
          "MaximumSimultaneousSpawns": null,
          "OnlySpawnIfAPlayerIsPresent": false,
          "SpawnSound": ""
        },
        "ExtraConditions": {
          "Years": [],
          "Seasons": [],
          "Days": [],
          "WeatherYesterday": [],
          "WeatherToday": [],
          "WeatherTomorrow": [],
          "EPUPreconditions": [],
          "LimitedNumberOfSpawns": null
        },
        "DaysUntilSpawnsExpire": 1
      },
      {
        "SpringItemIndex": [
          "Ridge Cherry",
          "Mountain Arugula",
          16,
          18,
          20,
          22
        ],
        "SummerItemIndex": [
          "Mountain Chico",
          "Ridge Wild Apple",
          396,
          398,
          402,
          404
        ],
        "FallItemIndex": [
          "Autumn Drop Berry",
          "Highland Chard",
          406,
          408,
          404,
          410
        ],
        "WinterItemIndex": [
          "Frost Clump Berry",
          "Ridgeside Clementine",
          414,
          418,
          283
        ],
        "UniqueAreaID": "RSV Ridge Forage",
        "MapName": "Custom_Ridgeside_Ridge",
        "MinimumSpawnsPerDay": 20,
        "MaximumSpawnsPerDay": 30,
        "IncludeTerrainTypes": [
          "Grass"
        ],
        "ExcludeTerrainTypes": [],
        "IncludeCoordinates": [],
        "ExcludeCoordinates": [
          "0, 0; 30, 7",
          "0,0; 25, 13",
          "34,0; 79, 20",
          "66, 21; 79, 25",
          "43, 38; 78, 39",
          "14, 37; 37,39"
        ],
        "StrictTileChecking": "High",
        "SpawnTiming": {
          "StartTime": 600,
          "EndTime": 600,
          "MinimumTimeBetweenSpawns": 10,
          "MaximumSimultaneousSpawns": null,
          "OnlySpawnIfAPlayerIsPresent": false,
          "SpawnSound": ""
        },
        "ExtraConditions": {
          "Years": [],
          "Seasons": [],
          "Days": [],
          "WeatherYesterday": [],
          "WeatherToday": [],
          "WeatherTomorrow": [],
          "EPUPreconditions": [],
          "LimitedNumberOfSpawns": null
        },
        "DaysUntilSpawnsExpire": 1
      },
      {
        "SpringItemIndex": [
          "Ridge Cherry",
          "Mountain Arugula",
          16,
          20
        ],
        "SummerItemIndex": [
          "Mountain Chico",
          "Ridge Wild Apple",
          396,
          398
        ],
        "FallItemIndex": [
          "Autumn Drop Berry",
          "Highland Chard",
          406,
          408
        ],
        "WinterItemIndex": [
          "Frost Clump Berry",
          "Ridgeside Clementine",
          414,
          418,
          283
        ],
        "UniqueAreaID": "RSV RidgeForest Forage Q1",
        "MapName": "Custom_Ridgeside_RidgeForestQ1",
        "MinimumSpawnsPerDay": 10,
        "MaximumSpawnsPerDay": 20,
        "IncludeTerrainTypes": [
          "Grass"
        ],
        "ExcludeTerrainTypes": [],
        "IncludeCoordinates": [],
        "ExcludeCoordinates": [],
        "StrictTileChecking": "High",
        "SpawnTiming": {
          "StartTime": 600,
          "EndTime": 600,
          "MinimumTimeBetweenSpawns": 10,
          "MaximumSimultaneousSpawns": null,
          "OnlySpawnIfAPlayerIsPresent": false,
          "SpawnSound": ""
        },
        "ExtraConditions": {
          "Years": [],
          "Seasons": [],
          "Days": [],
          "WeatherYesterday": [],
          "WeatherToday": [],
          "WeatherTomorrow": [],
          "EPUPreconditions": [],
          "LimitedNumberOfSpawns": null
        },
        "DaysUntilSpawnsExpire": 1
      },
      {
        "SpringItemIndex": [
          74,
          373,
          103,
          168,
          499
        ],
        "SummerItemIndex": [
          74,
          373,
          103,
          168,
          499
        ],
        "FallItemIndex": [
          74,
          373,
          103,
          168,
          499
        ],
        "WinterItemIndex": [
          74,
          373,
          103,
          168,
          499
        ],
        "UniqueAreaID": "RSV RidgeForest Treasures Q2",
        "MapName": "Custom_Ridgeside_RidgeForestQ2",
        "MinimumSpawnsPerDay": 0,
        "MaximumSpawnsPerDay": 1,
        "IncludeTerrainTypes": [
          "Grass"
        ],
        "ExcludeTerrainTypes": [],
        "IncludeCoordinates": [],
        "ExcludeCoordinates": [],
        "StrictTileChecking": "High",
        "SpawnTiming": {
          "StartTime": 600,
          "EndTime": 600,
          "MinimumTimeBetweenSpawns": 10,
          "MaximumSimultaneousSpawns": null,
          "OnlySpawnIfAPlayerIsPresent": false,
          "SpawnSound": ""
        },
        "ExtraConditions": {
          "Years": [],
          "Seasons": [],
          "Days": [],
          "WeatherYesterday": [],
          "WeatherToday": [],
          "WeatherTomorrow": [],
          "EPUPreconditions": [],
          "LimitedNumberOfSpawns": 1
        },
        "DaysUntilSpawnsExpire": 7
      },
      {
        "SpringItemIndex": [
          "Ridge Cherry",
          "Mountain Arugula",
          16,
          20
        ],
        "SummerItemIndex": [
          "Mountain Chico",
          "Ridge Wild Apple",
          396,
          398
        ],
        "FallItemIndex": [
          "Autumn Drop Berry",
          "Highland Chard",
          406,
          408
        ],
        "WinterItemIndex": [
          "Frost Clump Berry",
          "Ridgeside Clementine",
          414,
          418,
          283
        ],
        "UniqueAreaID": "RSV RidgeForest Forage Q2",
        "MapName": "Custom_Ridgeside_RidgeForestQ2",
        "MinimumSpawnsPerDay": 10,
        "MaximumSpawnsPerDay": 20,
        "IncludeTerrainTypes": [
          "Grass"
        ],
        "ExcludeTerrainTypes": [],
        "IncludeCoordinates": [],
        "ExcludeCoordinates": [],
        "StrictTileChecking": "High",
        "SpawnTiming": {
          "StartTime": 600,
          "EndTime": 600,
          "MinimumTimeBetweenSpawns": 10,
          "MaximumSimultaneousSpawns": null,
          "OnlySpawnIfAPlayerIsPresent": false,
          "SpawnSound": ""
        },
        "ExtraConditions": {
          "Years": [],
          "Seasons": [],
          "Days": [],
          "WeatherYesterday": [],
          "WeatherToday": [],
          "WeatherTomorrow": [],
          "EPUPreconditions": [],
          "LimitedNumberOfSpawns": null
        },
        "DaysUntilSpawnsExpire": 1
      },
      {
        "SpringItemIndex": [
          74,
          373,
          103,
          168,
          499
        ],
        "SummerItemIndex": [
          74,
          373,
          103,
          168,
          499
        ],
        "FallItemIndex": [
          74,
          373,
          103,
          168,
          499
        ],
        "WinterItemIndex": [
          74,
          373,
          103,
          168,
          499
        ],
        "UniqueAreaID": "RSV RidgeForest Treasures Q3",
        "MapName": "Custom_Ridgeside_RidgeForestQ3",
        "MinimumSpawnsPerDay": 0,
        "MaximumSpawnsPerDay": 2,
        "IncludeTerrainTypes": [
          "Grass"
        ],
        "ExcludeTerrainTypes": [],
        "IncludeCoordinates": [],
        "ExcludeCoordinates": [],
        "StrictTileChecking": "High",
        "SpawnTiming": {
          "StartTime": 600,
          "EndTime": 600,
          "MinimumTimeBetweenSpawns": 10,
          "MaximumSimultaneousSpawns": null,
          "OnlySpawnIfAPlayerIsPresent": false,
          "SpawnSound": ""
        },
        "ExtraConditions": {
          "Years": [],
          "Seasons": [],
          "Days": [],
          "WeatherYesterday": [],
          "WeatherToday": [],
          "WeatherTomorrow": [],
          "EPUPreconditions": [],
          "LimitedNumberOfSpawns": 2
        },
        "DaysUntilSpawnsExpire": 7
      },
      {
        "SpringItemIndex": [
          "Ridge Cherry",
          "Mountain Arugula",
          16,
          20
        ],
        "SummerItemIndex": [
          "Mountain Chico",
          "Ridge Wild Apple",
          396,
          398
        ],
        "FallItemIndex": [
          "Autumn Drop Berry",
          "Highland Chard",
          406,
          408
        ],
        "WinterItemIndex": [
          "Frost Clump Berry",
          "Ridgeside Clementine",
          414,
          418,
          283
        ],
        "UniqueAreaID": "RSV RidgeForest Forage Q3",
        "MapName": "Custom_Ridgeside_RidgeForestQ3",
        "MinimumSpawnsPerDay": 10,
        "MaximumSpawnsPerDay": 20,
        "IncludeTerrainTypes": [
          "Grass"
        ],
        "ExcludeTerrainTypes": [],
        "IncludeCoordinates": [],
        "ExcludeCoordinates": [],
        "StrictTileChecking": "High",
        "SpawnTiming": {
          "StartTime": 600,
          "EndTime": 600,
          "MinimumTimeBetweenSpawns": 10,
          "MaximumSimultaneousSpawns": null,
          "OnlySpawnIfAPlayerIsPresent": false,
          "SpawnSound": ""
        },
        "ExtraConditions": {
          "Years": [],
          "Seasons": [],
          "Days": [],
          "WeatherYesterday": [],
          "WeatherToday": [],
          "WeatherTomorrow": [],
          "EPUPreconditions": [],
          "LimitedNumberOfSpawns": null
        },
        "DaysUntilSpawnsExpire": 1
      },
      {
        "SpringItemIndex": [
          74,
          373,
          103,
          168,
          499
        ],
        "SummerItemIndex": [
          74,
          373,
          103,
          168,
          499
        ],
        "FallItemIndex": [
          74,
          373,
          103,
          168,
          499
        ],
        "WinterItemIndex": [
          74,
          373,
          103,
          168,
          499
        ],
        "UniqueAreaID": "RSV RidgeForest Treasures Q4",
        "MapName": "Custom_Ridgeside_RidgeForestQ4",
        "MinimumSpawnsPerDay": 0,
        "MaximumSpawnsPerDay": 2,
        "IncludeTerrainTypes": [
          "Grass"
        ],
        "ExcludeTerrainTypes": [],
        "IncludeCoordinates": [],
        "ExcludeCoordinates": [],
        "StrictTileChecking": "High",
        "SpawnTiming": {
          "StartTime": 600,
          "EndTime": 600,
          "MinimumTimeBetweenSpawns": 10,
          "MaximumSimultaneousSpawns": null,
          "OnlySpawnIfAPlayerIsPresent": false,
          "SpawnSound": ""
        },
        "ExtraConditions": {
          "Years": [],
          "Seasons": [],
          "Days": [],
          "WeatherYesterday": [],
          "WeatherToday": [],
          "WeatherTomorrow": [],
          "EPUPreconditions": [],
          "LimitedNumberOfSpawns": 2
        },
        "DaysUntilSpawnsExpire": 7
      },
      {
        "SpringItemIndex": [
          "Ridge Cherry",
          "Mountain Arugula",
          16,
          20
        ],
        "SummerItemIndex": [
          "Mountain Chico",
          "Ridge Wild Apple",
          396,
          398
        ],
        "FallItemIndex": [
          "Autumn Drop Berry",
          "Highland Chard",
          406,
          408
        ],
        "WinterItemIndex": [
          "Frost Clump Berry",
          "Ridgeside Clementine",
          414,
          418,
          283
        ],
        "UniqueAreaID": "RSV RidgeForest Forage Q4",
        "MapName": "Custom_Ridgeside_RidgeForestQ4",
        "MinimumSpawnsPerDay": 10,
        "MaximumSpawnsPerDay": 20,
        "IncludeTerrainTypes": [
          "Grass"
        ],
        "ExcludeTerrainTypes": [],
        "IncludeCoordinates": [],
        "ExcludeCoordinates": [],
        "StrictTileChecking": "High",
        "SpawnTiming": {
          "StartTime": 600,
          "EndTime": 600,
          "MinimumTimeBetweenSpawns": 10,
          "MaximumSimultaneousSpawns": null,
          "OnlySpawnIfAPlayerIsPresent": false,
          "SpawnSound": ""
        },
        "ExtraConditions": {
          "Years": [],
          "Seasons": [],
          "Days": [],
          "WeatherYesterday": [],
          "WeatherToday": [],
          "WeatherTomorrow": [],
          "EPUPreconditions": [],
          "LimitedNumberOfSpawns": null
        },
        "DaysUntilSpawnsExpire": 1
      }
    ],
    "PercentExtraSpawnsPerForagingLevel": 0,
    "SpringItemIndex": [
      16,
      20,
      22,
      257
    ],
    "SummerItemIndex": [
      396,
      398,
      402,
      404
    ],
    "FallItemIndex": [
      281,
      404,
      420,
      422
    ],
    "WinterItemIndex": [],
    "CustomTileIndex": []
  },
    "Large_Object_Spawn_Settings": {
    "Areas": [
      {
        "ObjectTypes": [
          "Log"
        ],
        "FindExistingObjectLocations": false,
        "PercentExtraSpawnsPerSkillLevel": 0,
        "RelatedSkill": "Foraging",
        "UniqueAreaID": "Ridge Log",
        "MapName": "Custom_Ridgeside_Ridge",
        "MinimumSpawnsPerDay": 1,
        "MaximumSpawnsPerDay": 1,
        "IncludeTerrainTypes": [],
        "ExcludeTerrainTypes": [],
        "IncludeCoordinates": [
          "24,14/28,16"
        ],
        "ExcludeCoordinates": [],
        "StrictTileChecking": "Maximum",
        "DaysUntilSpawnsExpire": 0,
        "SpawnTiming": {
          "StartTime": 600,
          "EndTime": 600,
          "MinimumTimeBetweenSpawns": 10,
          "MaximumSimultaneousSpawns": null,
          "OnlySpawnIfAPlayerIsPresent": false,
          "SpawnSound": ""
        },
        "ExtraConditions": {
          "Years": [],
          "Seasons": [],
          "Days": [],
          "WeatherYesterday": [],
          "WeatherToday": [],
          "WeatherTomorrow": [],
          "EPUPreconditions": [],
          "LimitedNumberOfSpawns": 1
        },
        "DaysUntilSpawnsExpire": null
      }
    ],
    "CustomTileIndex": []
  },
  "Ore_Spawn_Settings": {
    "Areas": [
      {
        "MiningLevelRequired": null,
        "StartingSpawnChance": null,
        "LevelTenSpawnChance": null,
        "UniqueAreaID": "RSV RidgeForest Ores Q1",
        "MapName": "Custom_Ridgeside_RidgeForestQ1",
        "MinimumSpawnsPerDay": 5,
        "MaximumSpawnsPerDay": 10,
        "IncludeTerrainTypes": [
          "All"
        ],
        "ExcludeTerrainTypes": [],
        "IncludeCoordinates": [],
        "ExcludeCoordinates": [],
        "StrictTileChecking": "Maximum",
        "SpawnTiming": {
          "StartTime": 600,
          "EndTime": 600,
          "MinimumTimeBetweenSpawns": 10,
          "MaximumSimultaneousSpawns": null,
          "OnlySpawnIfAPlayerIsPresent": false,
          "SpawnSound": ""
        },
        "ExtraConditions": {
          "Years": [],
          "Seasons": [],
          "Days": [],
          "WeatherYesterday": [],
          "WeatherToday": [],
          "WeatherTomorrow": [],
          "EPUPreconditions": [],
          "LimitedNumberOfSpawns": null
        },
        "DaysUntilSpawnsExpire": 7
      },
      {
        "MiningLevelRequired": null,
        "StartingSpawnChance": null,
        "LevelTenSpawnChance": null,
        "UniqueAreaID": "RSV RidgeForest Ores Q2",
        "MapName": "Custom_Ridgeside_RidgeForestQ2",
        "MinimumSpawnsPerDay": 5,
        "MaximumSpawnsPerDay": 10,
        "IncludeTerrainTypes": [
          "All"
        ],
        "ExcludeTerrainTypes": [],
        "IncludeCoordinates": [],
        "ExcludeCoordinates": [],
        "StrictTileChecking": "Maximum",
        "SpawnTiming": {
          "StartTime": 600,
          "EndTime": 600,
          "MinimumTimeBetweenSpawns": 10,
          "MaximumSimultaneousSpawns": null,
          "OnlySpawnIfAPlayerIsPresent": false,
          "SpawnSound": ""
        },
        "ExtraConditions": {
          "Years": [],
          "Seasons": [],
          "Days": [],
          "WeatherYesterday": [],
          "WeatherToday": [],
          "WeatherTomorrow": [],
          "EPUPreconditions": [],
          "LimitedNumberOfSpawns": null
        },
        "DaysUntilSpawnsExpire": 7
      },
      {
        "MiningLevelRequired": null,
        "StartingSpawnChance": null,
        "LevelTenSpawnChance": null,
        "UniqueAreaID": "RSV RidgeForest Ores Q3",
        "MapName": "Custom_Ridgeside_RidgeForestQ3",
        "MinimumSpawnsPerDay": 5,
        "MaximumSpawnsPerDay": 10,
        "IncludeTerrainTypes": [
          "All"
        ],
        "ExcludeTerrainTypes": [],
        "IncludeCoordinates": [],
        "ExcludeCoordinates": [],
        "StrictTileChecking": "Maximum",
        "SpawnTiming": {
          "StartTime": 600,
          "EndTime": 600,
          "MinimumTimeBetweenSpawns": 10,
          "MaximumSimultaneousSpawns": null,
          "OnlySpawnIfAPlayerIsPresent": false,
          "SpawnSound": ""
        },
        "ExtraConditions": {
          "Years": [],
          "Seasons": [],
          "Days": [],
          "WeatherYesterday": [],
          "WeatherToday": [],
          "WeatherTomorrow": [],
          "EPUPreconditions": [],
          "LimitedNumberOfSpawns": null
        },
        "DaysUntilSpawnsExpire": 7
      },
      {
        "MiningLevelRequired": null,
        "StartingSpawnChance": null,
        "LevelTenSpawnChance": null,
        "UniqueAreaID": "RSV RidgeForest Ores Q4",
        "MapName": "Custom_Ridgeside_RidgeForestQ4",
        "MinimumSpawnsPerDay": 5,
        "MaximumSpawnsPerDay": 10,
        "IncludeTerrainTypes": [
          "All"
        ],
        "ExcludeTerrainTypes": [],
        "IncludeCoordinates": [],
        "ExcludeCoordinates": [],
        "StrictTileChecking": "Maximum",
        "SpawnTiming": {
          "StartTime": 600,
          "EndTime": 600,
          "MinimumTimeBetweenSpawns": 10,
          "MaximumSimultaneousSpawns": null,
          "OnlySpawnIfAPlayerIsPresent": false,
          "SpawnSound": ""
        },
        "ExtraConditions": {
          "Years": [],
          "Seasons": [],
          "Days": [],
          "WeatherYesterday": [],
          "WeatherToday": [],
          "WeatherTomorrow": [],
          "EPUPreconditions": [],
          "LimitedNumberOfSpawns": null
        },
        "DaysUntilSpawnsExpire": 7
      }
    ],
    "PercentExtraSpawnsPerMiningLevel": 0,
    "MiningLevelRequired": {
      "Stone": 0,
      "Geode": 0,
      "FrozenGeode": 5,
      "MagmaGeode": 8,
      "Gem": 6,
      "Copper": 0,
      "Iron": 4,
      "Gold": 7,
      "Iridium": 9,
      "Mystic": 10,
      "Diamond": 6,
      "Ruby": 6,
      "Jade": 6,
      "Amethyst": 6,
      "Topaz": 6,
      "Emerald": 6,
      "Aquamarine": 6
    },
    "StartingSpawnChance": {
      "Stone": 66,
      "Geode": 8,
      "FrozenGeode": 4,
      "MagmaGeode": 2,
      "Gem": 5,
      "Copper": 21,
      "Iron": 15,
      "Gold": 10,
      "Iridium": 1,
      "Mystic": 1,
      "Diamond": 0,
      "Ruby": 0,
      "Jade": 0,
      "Amethyst": 0,
      "Topaz": 0,
      "Emerald": 0,
      "Aquamarine": 0
    },
    "LevelTenSpawnChance": {
      "Stone": 48,
      "Geode": 2,
      "FrozenGeode": 2,
      "MagmaGeode": 2,
      "Gem": 5,
      "Copper": 16,
      "Iron": 13,
      "Gold": 10,
      "Iridium": 1,
      "Mystic": 1,
      "Diamond": 0,
      "Ruby": 0,
      "Jade": 0,
      "Amethyst": 0,
      "Topaz": 0,
      "Emerald": 0,
      "Aquamarine": 0
    },
    "CustomTileIndex": []
  },
  "Monster_Spawn_Settings": {
    "Areas": [
      {
        "MonsterTypes": [
          {
            "MonsterName": "shadow brute",
            "Settings": {
              "SpawnWeight": 2,
              "HP": 300,
              "Damage": 15,
              "DodgeChance": 10,
              "RelatedSkill": "Combat",
              "Sprite": "Characters/Monsters/RSVBeast1",
              "Loot": [
                "Spiritual Essence"
              ]
            }
          },
          {
            "MonsterName": "shadow brute",
            "Settings": {
              "SpawnWeight": 1,
              "HP": 450,
              "Damage": 35,
              "DodgeChance": 10,
              "RelatedSkill": "Combat",
              "Sprite": "Characters/Monsters/RSVBeast2",
              "Loot": [
                "Spiritual Essence"
              ]
            }
          },
          {
            "MonsterName": "shadow brute",
            "Settings": {
              "SpawnWeight": 1,
              "HP": 600,
              "Damage": 50,
              "DodgeChance": 10,
              "RelatedSkill": "Combat",
              "Sprite": "Characters/Monsters/RSVBeast3",
              "Loot": [
                "Spiritual Essence"
              ]
            }
          },
          {
            "MonsterName": "wilderness golem",
            "Settings": {
              "SpawnWeight": 2,
              "RelatedSkill": "Combat",
              "Loot": [
                "Spiritual Essence"
              ]
            }
          },
          {
            "MonsterName": "ghost",
            "Settings": {
              "SpawnWeight": 3,
              "HP": 100,
              "Damage": 30,
              "DodgeChance": 30,
              "RelatedSkill": "Combat",
              "Sprite": "Characters/Monsters/RSVCorruptSpirit",
              "Loot": [
                "Spiritual Essence"
              ]
            }
          },
          {
            "MonsterName": "ghost",
            "Settings": {
              "SpawnWeight": 3,
              "RelatedSkill": "Combat",
              "Loot": [
                "Spiritual Essence"
              ]
            }
          },
          {
            "MonsterName": "green slime",
            "Settings": {
              "SpawnWeight": 2,
              "RelatedSkill": "Combat"
            }
          }
        ],
        "UniqueAreaID": "RSV RidgeForest Monsters Q1",
        "MapName": "Custom_Ridgeside_RidgeForestQ1",
        "MinimumSpawnsPerDay": 65,
        "MaximumSpawnsPerDay": 65,
        "IncludeTerrainTypes": [
          "All"
        ],
        "ExcludeTerrainTypes": [],
        "IncludeCoordinates": [],
        "ExcludeCoordinates": [],
        "StrictTileChecking": "Maximum",
        "SpawnTiming": {
          "StartTime": 600,
          "EndTime": 2300,
          "MinimumTimeBetweenSpawns": 10,
          "MaximumSimultaneousSpawns": 65,
          "OnlySpawnIfAPlayerIsPresent": false,
          "SpawnSound": ""
        },
        "ExtraConditions": {
          "Years": [],
          "Seasons": [],
          "Days": [],
          "WeatherYesterday": [],
          "WeatherToday": [],
          "WeatherTomorrow": [],
          "EPUPreconditions": [],
          "LimitedNumberOfSpawns": null
        },
        "DaysUntilSpawnsExpire": null
      },
      {
        "MonsterTypes": [
          {
            "MonsterName": "shadow brute",
            "Settings": {
              "SpawnWeight": 2,
              "HP": 300,
              "Damage": 15,
              "DodgeChance": 10,
              "RelatedSkill": "Combat",
              "Sprite": "Characters/Monsters/RSVBeast1",
              "Loot": [
                "Spiritual Essence"
              ]
            }
          },
          {
            "MonsterName": "shadow brute",
            "Settings": {
              "SpawnWeight": 1,
              "HP": 450,
              "Damage": 35,
              "DodgeChance": 10,
              "RelatedSkill": "Combat",
              "Sprite": "Characters/Monsters/RSVBeast2",
              "Loot": [
                "Spiritual Essence"
              ]
            }
          },
          {
            "MonsterName": "shadow brute",
            "Settings": {
              "SpawnWeight": 1,
              "HP": 600,
              "Damage": 50,
              "DodgeChance": 10,
              "RelatedSkill": "Combat",
              "Sprite": "Characters/Monsters/RSVBeast3",
              "Loot": [
                "Spiritual Essence"
              ]
            }
          },
          {
            "MonsterName": "wilderness golem",
            "Settings": {
              "SpawnWeight": 1,
              "RelatedSkill": "Combat",
              "Loot": [
                "Spiritual Essence"
              ]
            }
          },
          {
            "MonsterName": "ghost",
            "Settings": {
              "SpawnWeight": 3,
              "HP": 100,
              "Damage": 30,
              "DodgeChance": 30,
              "RelatedSkill": "Combat",
              "Sprite": "Characters/Monsters/RSVCorruptSpirit",
              "Loot": [
                "Spiritual Essence"
              ]
            }
          },
          {
            "MonsterName": "ghost",
            "Settings": {
              "SpawnWeight": 3,
              "RelatedSkill": "Combat",
              "Loot": [
                "Spiritual Essence"
              ]
            }
          },
          {
            "MonsterName": "green slime",
            "Settings": {
              "SpawnWeight": 1,
              "RelatedSkill": "Combat"
            }
          }
        ],
        "UniqueAreaID": "RSV RidgeForest Monsters Q2",
        "MapName": "Custom_Ridgeside_RidgeForestQ2",
        "MinimumSpawnsPerDay": 75,
        "MaximumSpawnsPerDay": 75,
        "IncludeTerrainTypes": [
          "All"
        ],
        "ExcludeTerrainTypes": [],
        "IncludeCoordinates": [],
        "ExcludeCoordinates": [],
        "StrictTileChecking": "Maximum",
        "SpawnTiming": {
          "StartTime": 600,
          "EndTime": 2300,
          "MinimumTimeBetweenSpawns": 10,
          "MaximumSimultaneousSpawns": 75,
          "OnlySpawnIfAPlayerIsPresent": false,
          "SpawnSound": ""
        },
        "ExtraConditions": {
          "Years": [],
          "Seasons": [],
          "Days": [],
          "WeatherYesterday": [],
          "WeatherToday": [],
          "WeatherTomorrow": [],
          "EPUPreconditions": [],
          "LimitedNumberOfSpawns": null
        },
        "DaysUntilSpawnsExpire": null
      },
      {
        "MonsterTypes": [
          {
            "MonsterName": "shadow brute",
            "Settings": {
              "SpawnWeight": 2,
              "HP": 300,
              "Damage": 15,
              "DodgeChance": 10,
              "RelatedSkill": "Combat",
              "Sprite": "Characters/Monsters/RSVBeast1",
              "Loot": [
                "Spiritual Essence"
              ]
            }
          },
          {
            "MonsterName": "shadow brute",
            "Settings": {
              "SpawnWeight": 1,
              "HP": 450,
              "Damage": 35,
              "DodgeChance": 10,
              "RelatedSkill": "Combat",
              "Sprite": "Characters/Monsters/RSVBeast2",
              "Loot": [
                "Spiritual Essence"
              ]
            }
          },
          {
            "MonsterName": "shadow brute",
            "Settings": {
              "SpawnWeight": 1,
              "HP": 600,
              "Damage": 50,
              "DodgeChance": 10,
              "RelatedSkill": "Combat",
              "Sprite": "Characters/Monsters/RSVBeast3",
              "Loot": [
                "Spiritual Essence"
              ]
            }
          },
          {
            "MonsterName": "wilderness golem",
            "Settings": {
              "SpawnWeight": 1,
              "RelatedSkill": "Combat",
              "Loot": [
                "Spiritual Essence"
              ]
            }
          },
          {
            "MonsterName": "ghost",
            "Settings": {
              "SpawnWeight": 4,
              "HP": 100,
              "Damage": 30,
              "DodgeChance": 30,
              "RelatedSkill": "Combat",
              "Sprite": "Characters/Monsters/RSVCorruptSpirit",
              "Loot": [
                "Spiritual Essence"
              ]
            }
          },
          {
            "MonsterName": "ghost",
            "Settings": {
              "SpawnWeight": 2,
              "RelatedSkill": "Combat",
              "Loot": [
                "Spiritual Essence"
              ]
            }
          },
          {
            "MonsterName": "green slime",
            "Settings": {
              "SpawnWeight": 2,
              "RelatedSkill": "Combat"
            }
          }
        ],
        "UniqueAreaID": "RSV RidgeForest Monsters Q3",
        "MapName": "Custom_Ridgeside_RidgeForestQ3",
        "MinimumSpawnsPerDay": 85,
        "MaximumSpawnsPerDay": 85,
        "IncludeTerrainTypes": [
          "All"
        ],
        "ExcludeTerrainTypes": [],
        "IncludeCoordinates": [],
        "ExcludeCoordinates": [],
        "StrictTileChecking": "Maximum",
        "SpawnTiming": {
          "StartTime": 600,
          "EndTime": 2300,
          "MinimumTimeBetweenSpawns": 10,
          "MaximumSimultaneousSpawns": 85,
          "OnlySpawnIfAPlayerIsPresent": false,
          "SpawnSound": ""
        },
        "ExtraConditions": {
          "Years": [],
          "Seasons": [],
          "Days": [],
          "WeatherYesterday": [],
          "WeatherToday": [],
          "WeatherTomorrow": [],
          "EPUPreconditions": [],
          "LimitedNumberOfSpawns": null
        },
        "DaysUntilSpawnsExpire": null
      },
      {
        "MonsterTypes": [
          {
            "MonsterName": "shadow brute",
            "Settings": {
              "SpawnWeight": 2,
              "HP": 300,
              "Damage": 15,
              "DodgeChance": 10,
              "RelatedSkill": "Combat",
              "Sprite": "Characters/Monsters/RSVBeast1",
              "Loot": [
                "Spiritual Essence"
              ]
            }
          },
          {
            "MonsterName": "shadow brute",
            "Settings": {
              "SpawnWeight": 1,
              "HP": 450,
              "Damage": 35,
              "DodgeChance": 10,
              "RelatedSkill": "Combat",
              "Sprite": "Characters/Monsters/RSVBeast2",
              "Loot": [
                "Spiritual Essence"
              ]
            }
          },
          {
            "MonsterName": "shadow brute",
            "Settings": {
              "SpawnWeight": 1,
              "HP": 600,
              "Damage": 50,
              "DodgeChance": 10,
              "RelatedSkill": "Combat",
              "Sprite": "Characters/Monsters/RSVBeast3",
              "Loot": [
                "Spiritual Essence"
              ]
            }
          },
          {
            "MonsterName": "wilderness golem",
            "Settings": {
              "SpawnWeight": 1,
              "RelatedSkill": "Combat",
              "Loot": [
                "Spiritual Essence"
              ]
            }
          },
          {
            "MonsterName": "ghost",
            "Settings": {
              "SpawnWeight": 3,
              "HP": 100,
              "Damage": 30,
              "DodgeChance": 30,
              "RelatedSkill": "Combat",
              "Sprite": "Characters/Monsters/RSVCorruptSpirit",
              "Loot": [
                "Spiritual Essence"
              ]
            }
          },
          {
            "MonsterName": "ghost",
            "Settings": {
              "SpawnWeight": 2,
              "RelatedSkill": "Combat",
              "Loot": [
                "Spiritual Essence"
              ]
            }
          },
          {
            "MonsterName": "green slime",
            "Settings": {
              "SpawnWeight": 5,
              "RelatedSkill": "Combat"
            }
          }
        ],
        "UniqueAreaID": "RSV RidgeForest Monsters Q4",
        "MapName": "Custom_Ridgeside_RidgeForestQ4",
        "MinimumSpawnsPerDay": 95,
        "MaximumSpawnsPerDay": 95,
        "IncludeTerrainTypes": [
          "All"
        ],
        "ExcludeTerrainTypes": [],
        "IncludeCoordinates": [],
        "ExcludeCoordinates": [],
        "StrictTileChecking": "Maximum",
        "SpawnTiming": {
          "StartTime": 600,
          "EndTime": 2300,
          "MinimumTimeBetweenSpawns": 10,
          "MaximumSimultaneousSpawns": 95,
          "OnlySpawnIfAPlayerIsPresent": false,
          "SpawnSound": ""
        },
        "ExtraConditions": {
          "Years": [],
          "Seasons": [],
          "Days": [],
          "WeatherYesterday": [],
          "WeatherToday": [],
          "WeatherTomorrow": [],
          "EPUPreconditions": [],
          "LimitedNumberOfSpawns": null
        },
        "DaysUntilSpawnsExpire": null
      }
    ],
    "CustomTileIndex": []
  },
  "QuarryTileIndex": [
    556,
    558,
    583,
    606,
    607,
    608,
    630,
    635,
    636,
    680,
    681,
    685
  ],
  "File_Conditions": {
    "FarmTypes": [],
    "FarmerNames": [],
    "SaveFileNames": [],
    "OtherMods": {}
  }
}